component,event,day,times,country,country_code
SubstanceAbuseCounselor,initializeSystemDiagnostics,2022-01-28,1,Mauritania,KAZ
MentalHealthTherapyAssistant,archiveOldLogFiles,2022-06-09,2,Albania,FRO
HealthcareComplianceMonitor,reportSystemHealthStatus,2024-07-15,1,Anguilla,UKR
DentalHealthProfiler,makeBooleanOperationsToFibulaSurgicalGuideBase,2024-01-07,1,South Africa,URY
EndocrineHealthMonitor,initializeSystemDiagnostics,2022-06-08,1,Timor-Leste,SLV
EmergencyResponseCoordinator,cleanTemporaryFiles,2024-04-24,2,Bhutan,ITA
PulmonaryFunctionTester,configureVirtualMachines,2024-01-25,1,New Zealand,MDG
PulmonaryFunctionTester,calculateOptimalPathways,2023-06-26,1,Timor-Leste,VNM
HealthcarePolicyLibrary,verifyDataIntegrity,2024-05-08,2,United States Minor Outlying Islands,BVT
NeuralNetworkDiagnostics,sendFunctionCountToServer,2024-12-05,1,Brunei Darussalam,KHM
RadiologyImagingCenter,validateUserPermissions,2022-09-24,2,Bolivia,ALB
PharmacyInventoryManager,scheduleSystemBackups,2024-10-31,1,Iceland,SLB
MentalHealthTherapyAssistant,deploySoftwareUpdates,2023-03-22,1,Suriname,RWA
BloodPressureRegulator,simulateLoadBalancing,2024-08-16,1,Argentina,NPL
PatientFeedbackAnalyzer,archiveOldLogFiles,2022-11-26,1,Montenegro,COG
MedicalBillingAndCoding,auditSecurityCompliance,2024-09-18,2,Mauritania,VCT
ImmunologyResponseEvaluator,updateFirmwareVersions,2022-07-17,2,Central African Republic,BES
RadiologyImagingCenter,verifyDataIntegrity,2024-06-09,2,San Marino,JAM
SportsInjuryPreventor,validateUserPermissions,2024-12-01,2,Venezuela,ATA
FitnessAndWellnessGuide,manageResourceAllocation,2024-07-03,2,Saint Helena,DJI
MedicalEducationSimulator,reportSystemHealthStatus,2024-04-16,1,Nigeria,UKR
WoundCareToolkit,sendFunctionCountToServer,2024-01-13,2,Iraq,CYM
SubstanceAbuseCounselor,deploySoftwareUpdates,2022-07-19,1,Gambia,WLF
SurgicalInstrumentTracker,makeBooleanOperationsToFibulaSurgicalGuideBase,2022-07-14,2,Montserrat,LIE
MedicalBillingAndCoding,analyzeServerPerformance,2023-10-02,1,Turkmenistan,SGP
HealthcarePolicyLibrary,analyzeServerPerformance,2022-12-03,2,Zambia,MDG
MedicalEducationSimulator,reportSystemHealthStatus,2022-02-13,1,Central African Republic,LKA
GeneticDisorderExplorer,trackApplicationDependencies,2024-11-24,2,Ghana,ARG
DiabetesCareManager,configureVirtualMachines,2022-04-28,2,Monaco,CAF
WoundCareToolkit,restoreArchivedData,2023-10-08,2,Cuba,CHE
DiabetesCareManager,verifyDataIntegrity,2023-04-13,1,Barbados,CCK
OrthopedicProcedureSimulator,analyzeServerPerformance,2022-11-03,2,Brazil,TZA
SubstanceAbuseCounselor,initializeSystemDiagnostics,2024-01-12,2,Viet Nam,NZL
MedicalEducationSimulator,monitorNetworkLatency,2022-02-11,1,Tuvalu,AIA
PulmonaryFunctionTester,generateEncryptionKeys,2022-09-26,2,Benin,KEN
OrthopedicProcedureSimulator,configureVirtualMachines,2023-01-02,1,Tanzania,LVA
CardiovascularAssessmentTool,archiveOldLogFiles,2022-01-20,2,Bulgaria,GEO
PharmacyInventoryManager,initializeSystemDiagnostics,2023-03-02,1,Malta,COD
RehabilitationExercisePlanner,scheduleSystemBackups,2023-01-01,1,Bosnia and Herzegovina,ISR
TelemedicineConsultationPortal,reportSystemHealthStatus,2022-04-13,1,China,MNP
OrthopedicProcedureSimulator,generateEncryptionKeys,2022-03-11,2,Holy See,TUV
NeuralNetworkDiagnostics,monitorNetworkLatency,2022-09-05,2,Bahamas,HND
SportsInjuryPreventor,archiveOldLogFiles,2022-01-16,1,Finland,DOM
DentalHealthProfiler,validateUserPermissions,2024-04-07,1,North Korea,SOM
RehabilitationExercisePlanner,auditSecurityCompliance,2024-03-24,2,Uruguay,PYF
MentalHealthTherapyAssistant,onGenerateFibulaPlanesTimerTimeout,2023-05-11,2,Ireland,ETH
GastrointestinalTracker,archiveOldLogFiles,2023-04-01,2,Iraq,IND
PediatricCareAssistant,calculateOptimalPathways,2024-04-04,1,Sweden,BEL
ObstetricsLaborTracker,restoreArchivedData,2023-04-18,2,Israel,GIN
SubstanceAbuseCounselor,manageResourceAllocation,2024-04-03,1,Czech Republic,TCA
NeurosurgeryNavigationSystem,updateFirmwareVersions,2024-11-06,2,Palau,CAF
PediatricCareAssistant,restoreArchivedData,2024-09-22,1,Réunion,CAF
ImmunologyResponseEvaluator,optimizeDatabaseQueries,2022-09-16,1,Seychelles,HND
VaccineAdministrationLog,generateEncryptionKeys,2023-09-24,2,Armenia,HTI
MentalHealthTherapyAssistant,archiveOldLogFiles,2023-04-16,1,South Georgia and the South Sandwich Islands,MNG
ImmunologyResponseEvaluator,updateFirmwareVersions,2023-05-06,1,French Guiana,KNA
GeriatricCarePlanner,restoreArchivedData,2024-11-02,2,Cambodia,OMN
DiabetesCareManager,reportSystemHealthStatus,2022-08-15,1,Bangladesh,CMR
OphthalmologyVisionAnalyzer,configureVirtualMachines,2023-08-16,1,Austria,GEO
RehabilitationExercisePlanner,trackApplicationDependencies,2023-04-19,2,Nauru,NFK
EndocrineHealthMonitor,sendFunctionCountToServer,2023-12-03,1,Palau,SXM
EndocrineHealthMonitor,trackApplicationDependencies,2024-07-07,1,United Kingdom,KOR
PharmacyInventoryManager,deploySoftwareUpdates,2022-07-08,1,Iran,SRB
EmergencyResponseCoordinator,archiveOldLogFiles,2024-09-19,1,New Caledonia,LVA
GastrointestinalTracker,validateUserPermissions,2022-04-05,2,Réunion,PRI
MentalHealthTherapyAssistant,optimizeDatabaseQueries,2024-01-05,1,Tanzania,PLW
PulmonaryFunctionTester,monitorNetworkLatency,2024-10-11,1,Gabon,SVN
GeneticDisorderExplorer,optimizeDatabaseQueries,2023-08-01,1,Mauritius,CUW
CardiovascularAssessmentTool,verifyDataIntegrity,2022-12-26,2,Nauru,SVK
UrologyManagementSystem,reportSystemHealthStatus,2022-02-26,1,Antarctica,AFG
MedicalWasteManagement,deploySoftwareUpdates,2022-08-16,1,Virgin Islands (U.S.),FIN
NutritionAndDietPlanner,scheduleSystemBackups,2023-02-20,2,Algeria,DJI
SurgicalInstrumentTracker,cleanTemporaryFiles,2024-08-28,1,Slovenia,SLV
SportsInjuryPreventor,validateUserPermissions,2022-08-08,2,Israel,GTM
FitnessAndWellnessGuide,verifyDataIntegrity,2024-06-04,2,Honduras,CUW
SubstanceAbuseCounselor,onGenerateFibulaPlanesTimerTimeout,2022-01-12,1,Uruguay,TTO
AllergyReactionTracker,onGenerateFibulaPlanesTimerTimeout,2024-07-26,1,Western Sahara,AUS
MedicalWasteManagement,analyzeServerPerformance,2024-11-29,2,Belize,ATA
ClinicalTrialManager,analyzeServerPerformance,2023-06-26,2,Greenland,TKM
CardiovascularAssessmentTool,analyzeServerPerformance,2023-08-02,1,Morocco,BGR
ImmunologyResponseEvaluator,validateUserPermissions,2023-02-24,2,Antarctica,BTN
BloodPressureRegulator,auditSecurityCompliance,2023-03-25,2,Burkina Faso,MKD
ClinicalTrialManager,initializeSystemDiagnostics,2023-03-03,1,Guyana,RWA
ClinicalTrialManager,generateEncryptionKeys,2024-06-04,2,Holy See,NCL
OncologyTreatmentOptimizer,trackApplicationDependencies,2024-12-21,2,Italy,THA
OncologyTreatmentOptimizer,trackApplicationDependencies,2024-04-21,2,Myanmar,LTU
ClinicalTrialManager,reportSystemHealthStatus,2023-05-18,2,Belize,GGY
DentalHealthProfiler,simulateLoadBalancing,2024-12-14,2,San Marino,JPN
AllergyReactionTracker,analyzeServerPerformance,2023-06-02,2,Belarus,ABW
OrthopedicProcedureSimulator,trackApplicationDependencies,2023-04-29,1,Ethiopia,TON
OphthalmologyVisionAnalyzer,initializeSystemDiagnostics,2022-06-20,1,Gabon,SMR
OrthopedicProcedureSimulator,onGenerateFibulaPlanesTimerTimeout,2023-09-24,1,Malta,PLW
RadiologyImagingCenter,monitorNetworkLatency,2023-05-17,2,Maldives,UGA
AmbulanceDispatchSystem,makeBooleanOperationsToFibulaSurgicalGuideBase,2022-09-15,2,Niger,COD
PatientEngagementHub,updateFirmwareVersions,2024-10-17,2,Bhutan,ESH
MentalHealthTherapyAssistant,scheduleSystemBackups,2024-09-25,1,British Indian Ocean Territory,ZWE
FitnessAndWellnessGuide,sendFunctionCountToServer,2023-02-24,2,Kuwait,MTQ
OrthopedicProcedureSimulator,trackApplicationDependencies,2023-02-04,1,Svalbard and Jan Mayen,BTN
MentalHealthTherapyAssistant,scheduleSystemBackups,2024-09-20,2,Antarctica,JPN
EndocrineHealthMonitor,monitorNetworkLatency,2022-11-14,1,Micronesia,CXR
InfectiousDiseaseMapper,validateUserPermissions,2022-12-28,1,Sierra Leone,CRI
FertilityAndIVFHelper,calculateOptimalPathways,2023-09-15,2,American Samoa,ERI
PharmacyInventoryManager,generateEncryptionKeys,2024-04-09,2,Bosnia and Herzegovina,GGY
DiabetesCareManager,archiveOldLogFiles,2022-12-31,2,Tanzania,DJI
PatientFeedbackAnalyzer,configureVirtualMachines,2023-07-12,2,Congo,DEU
EmergencyResponseCoordinator,makeBooleanOperationsToFibulaSurgicalGuideBase,2024-10-02,2,Saint Kitts and Nevis,MWI
PainManagementAdvisor,analyzeServerPerformance,2022-12-01,1,Malaysia,COG
EndocrineHealthMonitor,configureVirtualMachines,2024-01-17,2,Qatar,FLK
CardiovascularAssessmentTool,calculateOptimalPathways,2022-09-22,2,American Samoa,VAT
HealthcarePolicyLibrary,configureVirtualMachines,2024-10-11,1,Argentina,MEX
GeriatricCarePlanner,verifyDataIntegrity,2022-02-13,1,Kuwait,AND
EndocrineHealthMonitor,sendFunctionCountToServer,2022-04-12,2,Macedonia,IOT
NeuralNetworkDiagnostics,auditSecurityCompliance,2023-07-25,1,Heard Island and McDonald Islands,OMN
PharmacyInventoryManager,deploySoftwareUpdates,2024-02-22,1,Northern Mariana Islands,HKG
PulmonaryFunctionTester,restoreArchivedData,2024-09-22,2,Jordan,BEL
GastrointestinalTracker,calculateOptimalPathways,2024-02-27,1,Heard Island and McDonald Islands,KGZ
SubstanceAbuseCounselor,verifyDataIntegrity,2022-10-14,1,Benin,MWI
ObstetricsLaborTracker,deploySoftwareUpdates,2022-09-29,2,Bermuda,NGA
RadiologyImagingCenter,sendFunctionCountToServer,2024-05-02,1,Belgium,IDN
PediatricCareAssistant,reportSystemHealthStatus,2022-08-31,2,Egypt,MDV
WoundCareToolkit,calculateOptimalPathways,2022-10-16,1,Svalbard and Jan Mayen,HRV
NeuralNetworkDiagnostics,configureVirtualMachines,2023-12-01,1,Niger,ABW
DentalHealthProfiler,updateFirmwareVersions,2024-10-21,1,Uzbekistan,MAF
RehabilitationExercisePlanner,deploySoftwareUpdates,2023-07-24,1,Mali,ESH
PulmonaryFunctionTester,archiveOldLogFiles,2023-05-12,1,San Marino,SLE
VaccineAdministrationLog,generateEncryptionKeys,2022-12-01,2,United Kingdom,BFA
GastrointestinalTracker,initializeSystemDiagnostics,2022-10-09,2,Cambodia,GUM
HealthcareComplianceMonitor,validateUserPermissions,2022-04-14,2,Marshall Islands,CPV
GastrointestinalTracker,sendFunctionCountToServer,2022-11-04,2,Equatorial Guinea,BGR
SportsInjuryPreventor,configureVirtualMachines,2024-10-22,1,Antigua and Barbuda,SWE
MedicalEducationSimulator,analyzeServerPerformance,2024-06-14,2,Falkland Islands (Malvinas),GLP
PulmonaryFunctionTester,reportSystemHealthStatus,2023-12-10,1,Sri Lanka,BVT
HospitalRoomAllocationSystem,monitorNetworkLatency,2022-04-18,2,Malta,PNG
InfectiousDiseaseMapper,manageResourceAllocation,2024-02-27,1,Gibraltar,DMA
HospitalRoomAllocationSystem,manageResourceAllocation,2024-02-06,1,Serbia,SEN
HealthcareComplianceMonitor,scheduleSystemBackups,2024-03-23,2,Gibraltar,CHN
OrthopedicProcedureSimulator,sendFunctionCountToServer,2024-08-22,2,Macedonia,KHM
SurgicalInstrumentTracker,monitorNetworkLatency,2023-12-11,2,Myanmar,KIR
NutritionAndDietPlanner,deploySoftwareUpdates,2022-04-08,2,Sweden,PRY
HospitalRoomAllocationSystem,monitorNetworkLatency,2024-04-14,1,Christmas Island,PRT
NutritionAndDietPlanner,onGenerateFibulaPlanesTimerTimeout,2023-05-26,1,Guinea,LUX
NutritionAndDietPlanner,optimizeDatabaseQueries,2024-12-24,2,Argentina,BLR
BloodPressureRegulator,updateFirmwareVersions,2023-09-13,1,Holy See,FJI
ENTProcedureGuide,simulateLoadBalancing,2022-02-25,1,Kenya,ZAF
HealthcareComplianceMonitor,initializeSystemDiagnostics,2023-09-06,2,Norway,SWE
PatientFeedbackAnalyzer,optimizeDatabaseQueries,2023-09-06,2,Guinea,KGZ
GeneticDisorderExplorer,scheduleSystemBackups,2024-04-26,1,Chile,NOR
DermatologyTreatmentPlanner,trackApplicationDependencies,2023-01-26,2,Qatar,ARG
MedicalResearchDatabase,sendFunctionCountToServer,2024-08-27,2,French Southern Territories,LKA
ClinicalTrialManager,initializeSystemDiagnostics,2024-06-17,1,Sint Maarten (Dutch part),LIE
TelemedicineConsultationPortal,archiveOldLogFiles,2023-01-25,1,Sao Tome and Principe,SMR
NeurosurgeryNavigationSystem,analyzeServerPerformance,2023-11-07,2,Papua New Guinea,AUT
PatientFeedbackAnalyzer,sendFunctionCountToServer,2023-06-08,1,United Arab Emirates,TGO
OncologyTreatmentOptimizer,archiveOldLogFiles,2022-01-25,1,Cocos (Keeling) Islands,BEN
ENTProcedureGuide,auditSecurityCompliance,2023-04-10,2,Uganda,MOZ
PharmacyInventoryManager,auditSecurityCompliance,2022-01-23,2,Lao People's Democratic Republic,ABW
MedicalBillingAndCoding,cleanTemporaryFiles,2024-01-30,1,Spain,BGD
GastrointestinalTracker,manageResourceAllocation,2022-01-24,2,Jordan,STP
SleepDisorderAnalyzer,monitorNetworkLatency,2022-08-13,1,Palau,CHN
OphthalmologyVisionAnalyzer,cleanTemporaryFiles,2022-10-25,2,Martinique,ERI
GeriatricCarePlanner,auditSecurityCompliance,2022-03-01,1,Jordan,NGA
PatientEngagementHub,updateFirmwareVersions,2023-08-18,1,"Bonaire, Sint Eustatius and Saba",LAO
UrologyManagementSystem,verifyDataIntegrity,2024-03-17,1,Albania,NAM
DentalHealthProfiler,sendFunctionCountToServer,2024-07-28,1,Zimbabwe,ZWE
CardiovascularAssessmentTool,restoreArchivedData,2022-01-18,1,Anguilla,GUY
ENTProcedureGuide,updateFirmwareVersions,2022-05-10,2,Belgium,SSD
BloodPressureRegulator,trackApplicationDependencies,2022-01-09,1,Haiti,PHL
MedicalResearchDatabase,makeBooleanOperationsToFibulaSurgicalGuideBase,2022-10-31,1,Saint Pierre and Miquelon,GRD
TelemedicineConsultationPortal,trackApplicationDependencies,2022-02-04,1,Guam,AND
MentalHealthTherapyAssistant,sendFunctionCountToServer,2023-09-17,1,Netherlands,AGO
NutritionAndDietPlanner,calculateOptimalPathways,2024-11-26,2,Antigua and Barbuda,ASM
OrthopedicProcedureSimulator,archiveOldLogFiles,2024-10-12,2,Dominica,GIN
PatientFeedbackAnalyzer,manageResourceAllocation,2022-01-30,2,Venezuela,BOL
EndocrineHealthMonitor,configureVirtualMachines,2022-01-07,2,Trinidad and Tobago,IRL
DiabetesCareManager,sendFunctionCountToServer,2022-05-25,1,Costa Rica,EST
DermatologyTreatmentPlanner,cleanTemporaryFiles,2022-04-29,1,Burundi,DNK
NutritionAndDietPlanner,optimizeDatabaseQueries,2022-06-17,1,Kuwait,COM
MedicalBillingAndCoding,onGenerateFibulaPlanesTimerTimeout,2022-04-19,1,Saint Barthélemy,GIB
MedicalEducationSimulator,configureVirtualMachines,2023-09-06,1,Barbados,CUW
MentalHealthTherapyAssistant,makeBooleanOperationsToFibulaSurgicalGuideBase,2023-10-08,1,Sint Maarten (Dutch part),SHN
SleepDisorderAnalyzer,monitorNetworkLatency,2024-02-04,1,Japan,JPN
RehabilitationExercisePlanner,reportSystemHealthStatus,2024-05-10,1,Congo,VUT
OrthopedicProcedureSimulator,analyzeServerPerformance,2024-02-18,2,New Caledonia,SXM
HealthcareComplianceMonitor,verifyDataIntegrity,2022-03-25,2,New Zealand,DJI
EndocrineHealthMonitor,auditSecurityCompliance,2024-11-17,2,Puerto Rico,TCA
MedicalBillingAndCoding,initializeSystemDiagnostics,2024-12-08,1,Canada,RWA
MedicalWasteManagement,verifyDataIntegrity,2024-07-10,1,Sweden,KAZ
OrthopedicProcedureSimulator,configureVirtualMachines,2023-06-17,2,Comoros,BWA
FertilityAndIVFHelper,sendFunctionCountToServer,2023-10-16,1,South Sudan,CHL
SportsInjuryPreventor,analyzeServerPerformance,2024-05-11,1,Philippines,ROU
BloodPressureRegulator,reportSystemHealthStatus,2024-11-24,1,Austria,BRN
SurgicalInstrumentTracker,calculateOptimalPathways,2022-02-18,2,Somalia,FIN
PulmonaryFunctionTester,deploySoftwareUpdates,2022-10-02,1,Sint Maarten (Dutch part),PRI
PulmonaryFunctionTester,cleanTemporaryFiles,2023-07-28,2,Monaco,MEX
MedicalBillingAndCoding,manageResourceAllocation,2023-05-16,2,Congo,SSD
MedicalWasteManagement,sendFunctionCountToServer,2024-07-24,2,Lesotho,GUM
SleepDisorderAnalyzer,monitorNetworkLatency,2022-08-15,1,Poland,HMD
MentalHealthTherapyAssistant,deploySoftwareUpdates,2024-12-16,1,Lebanon,AND
ENTProcedureGuide,onGenerateFibulaPlanesTimerTimeout,2022-11-05,1,Mali,PRT
HealthcareComplianceMonitor,verifyDataIntegrity,2023-11-13,1,Bhutan,UKR
OrthopedicProcedureSimulator,auditSecurityCompliance,2024-12-01,1,Cabo Verde,MDG
EndocrineHealthMonitor,reportSystemHealthStatus,2023-09-13,2,India,UZB
EndocrineHealthMonitor,sendFunctionCountToServer,2023-02-14,1,Cameroon,WLF
ClinicalTrialManager,sendFunctionCountToServer,2023-02-06,1,Grenada,VUT
NeurosurgeryNavigationSystem,analyzeServerPerformance,2024-08-25,1,Hong Kong,CHN
AllergyReactionTracker,auditSecurityCompliance,2023-06-22,2,Faroe Islands,PCN
EndocrineHealthMonitor,scheduleSystemBackups,2024-09-28,2,Cameroon,GHA
VaccineAdministrationLog,restoreArchivedData,2022-12-13,2,French Guiana,KGZ
PatientFeedbackAnalyzer,initializeSystemDiagnostics,2023-07-27,1,Israel,CUW
HealthcarePolicyLibrary,updateFirmwareVersions,2022-02-26,1,Chile,MWI
ImmunologyResponseEvaluator,validateUserPermissions,2024-09-11,1,Barbados,PAK
PatientEngagementHub,validateUserPermissions,2022-07-25,1,Montserrat,NIU
ClinicalTrialManager,manageResourceAllocation,2023-04-07,2,Mauritius,KOR
FertilityAndIVFHelper,optimizeDatabaseQueries,2024-08-19,1,"Taiwan, Province of China",NLD
WoundCareToolkit,makeBooleanOperationsToFibulaSurgicalGuideBase,2022-02-24,1,Suriname,MNE
PatientFeedbackAnalyzer,sendFunctionCountToServer,2023-09-23,2,Ethiopia,CAF
NutritionAndDietPlanner,configureVirtualMachines,2023-04-08,1,Malaysia,MRT
PatientFeedbackAnalyzer,deploySoftwareUpdates,2024-03-29,1,Saint Lucia,MAF
EmergencyResponseCoordinator,generateEncryptionKeys,2024-06-26,1,Norway,PER
ENTProcedureGuide,analyzeServerPerformance,2023-08-13,1,Slovenia,BIH
PediatricCareAssistant,restoreArchivedData,2024-12-11,2,British Indian Ocean Territory,SSD
TelemedicineConsultationPortal,updateFirmwareVersions,2022-08-14,2,Chile,SLE
SportsInjuryPreventor,generateEncryptionKeys,2023-02-27,2,Syrian Arab Republic,LBR
EmergencyResponseCoordinator,deploySoftwareUpdates,2024-07-06,1,Guinea,NER
NeuralNetworkDiagnostics,configureVirtualMachines,2022-10-28,2,Venezuela,MCO
PainManagementAdvisor,trackApplicationDependencies,2022-05-25,1,South Sudan,DMA
HealthcarePolicyLibrary,simulateLoadBalancing,2024-02-23,2,Haiti,SWZ
EndocrineHealthMonitor,restoreArchivedData,2022-03-27,1,Saudi Arabia,YEM
PainManagementAdvisor,optimizeDatabaseQueries,2022-02-13,2,Tunisia,LUX
ClinicalTrialManager,verifyDataIntegrity,2024-01-31,1,Samoa,ARM
FitnessAndWellnessGuide,analyzeServerPerformance,2023-07-08,2,Niue,COK
NeuralNetworkDiagnostics,simulateLoadBalancing,2022-11-29,2,Botswana,GEO
OrthopedicProcedureSimulator,onGenerateFibulaPlanesTimerTimeout,2022-01-02,1,Côte d'Ivoire,NPL
HospitalRoomAllocationSystem,auditSecurityCompliance,2023-12-31,1,Guernsey,AUS
OncologyTreatmentOptimizer,calculateOptimalPathways,2022-04-20,1,Libya,TCD
SurgicalInstrumentTracker,monitorNetworkLatency,2022-10-12,2,"Palestine, State of",PSE
OncologyTreatmentOptimizer,trackApplicationDependencies,2024-04-14,2,United States,ARM
VaccineAdministrationLog,calculateOptimalPathways,2022-08-22,2,Solomon Islands,NOR
NeurosurgeryNavigationSystem,optimizeDatabaseQueries,2024-04-20,2,Malta,ERI
MedicalResearchDatabase,calculateOptimalPathways,2022-03-19,1,Antigua and Barbuda,GNB
OncologyTreatmentOptimizer,manageResourceAllocation,2024-07-04,1,Finland,GLP
VaccineAdministrationLog,validateUserPermissions,2024-05-06,2,Tuvalu,BLZ
FitnessAndWellnessGuide,calculateOptimalPathways,2022-11-26,1,Netherlands,SYR
HealthcarePolicyLibrary,cleanTemporaryFiles,2024-08-01,2,Norfolk Island,IRQ
RehabilitationExercisePlanner,manageResourceAllocation,2024-08-14,2,Bhutan,VUT
MedicalEducationSimulator,simulateLoadBalancing,2023-07-30,2,Barbados,SUR
RehabilitationExercisePlanner,trackApplicationDependencies,2022-09-08,1,Tajikistan,VEN
NeuralNetworkDiagnostics,monitorNetworkLatency,2023-04-20,1,Mali,KNA
PulmonaryFunctionTester,initializeSystemDiagnostics,2023-11-08,2,Tonga,CAN
PediatricCareAssistant,deploySoftwareUpdates,2022-03-28,1,Israel,MEX
AmbulanceDispatchSystem,configureVirtualMachines,2022-02-03,2,Sweden,MDG
MedicalResearchDatabase,calculateOptimalPathways,2022-07-21,1,Slovenia,ECU
ObstetricsLaborTracker,sendFunctionCountToServer,2022-08-12,1,Fiji,LSO
TelemedicineConsultationPortal,initializeSystemDiagnostics,2022-02-26,2,French Guiana,ISR
DermatologyTreatmentPlanner,scheduleSystemBackups,2023-06-01,1,Gabon,HKG
OrthopedicProcedureSimulator,cleanTemporaryFiles,2022-01-04,2,Turks and Caicos Islands,JAM
SportsInjuryPreventor,trackApplicationDependencies,2023-06-25,1,Costa Rica,MKD
MedicalEducationSimulator,auditSecurityCompliance,2024-10-07,1,Ukraine,NLD
SubstanceAbuseCounselor,sendFunctionCountToServer,2022-03-08,1,Christmas Island,GNB
OrthopedicProcedureSimulator,initializeSystemDiagnostics,2024-12-24,2,Timor-Leste,BVT
MedicalResearchDatabase,initializeSystemDiagnostics,2022-05-03,2,Lithuania,CYP
OphthalmologyVisionAnalyzer,cleanTemporaryFiles,2023-09-16,1,Réunion,BLZ
EmergencyResponseCoordinator,reportSystemHealthStatus,2024-06-18,2,Andorra,BLM
FitnessAndWellnessGuide,simulateLoadBalancing,2023-07-05,1,San Marino,SGS
RadiologyImagingCenter,simulateLoadBalancing,2023-01-29,1,French Guiana,ROU
RehabilitationExercisePlanner,optimizeDatabaseQueries,2023-08-04,2,Denmark,TCD
UrologyManagementSystem,analyzeServerPerformance,2024-12-17,2,Japan,TLS
SurgicalInstrumentTracker,updateFirmwareVersions,2022-11-15,1,Tonga,IMN
OrthopedicProcedureSimulator,makeBooleanOperationsToFibulaSurgicalGuideBase,2024-08-01,1,Pakistan,PHL
UrologyManagementSystem,auditSecurityCompliance,2022-02-12,1,Pitcairn,PAK
BloodPressureRegulator,restoreArchivedData,2022-04-03,2,Martinique,HRV
FertilityAndIVFHelper,initializeSystemDiagnostics,2023-10-29,1,Andorra,PYF
PediatricCareAssistant,onGenerateFibulaPlanesTimerTimeout,2024-04-10,1,Vanuatu,NPL
PulmonaryFunctionTester,manageResourceAllocation,2024-09-15,2,Trinidad and Tobago,PRT
OrthopedicProcedureSimulator,calculateOptimalPathways,2023-07-21,1,Egypt,SVN
TelemedicineConsultationPortal,monitorNetworkLatency,2022-12-28,2,Mauritania,MAF
TelemedicineConsultationPortal,sendFunctionCountToServer,2022-07-23,1,Gambia,MWI
AllergyReactionTracker,cleanTemporaryFiles,2023-03-19,1,Nepal,ATG
ENTProcedureGuide,reportSystemHealthStatus,2023-02-25,2,Central African Republic,POL
FitnessAndWellnessGuide,validateUserPermissions,2023-09-11,2,Iran,MAC
SleepDisorderAnalyzer,sendFunctionCountToServer,2022-01-13,1,Botswana,ZAF
FitnessAndWellnessGuide,reportSystemHealthStatus,2024-05-22,1,Ukraine,AGO
AmbulanceDispatchSystem,validateUserPermissions,2022-07-09,1,Saint Helena,VAT
ImmunologyResponseEvaluator,analyzeServerPerformance,2023-05-22,2,South Korea,BTN
CardiovascularAssessmentTool,sendFunctionCountToServer,2023-09-08,2,India,BGD
MedicalWasteManagement,scheduleSystemBackups,2024-11-01,1,Bermuda,TCA
DermatologyTreatmentPlanner,validateUserPermissions,2023-01-09,2,Congo,WSM
UrologyManagementSystem,manageResourceAllocation,2022-07-20,2,Pitcairn,SGP
HospitalRoomAllocationSystem,restoreArchivedData,2024-03-10,1,Estonia,PSE
SportsInjuryPreventor,configureVirtualMachines,2023-04-17,2,San Marino,COM
PatientEngagementHub,cleanTemporaryFiles,2023-11-02,1,Jamaica,BLR
GeneticDisorderExplorer,simulateLoadBalancing,2023-07-23,1,Croatia,SXM
FertilityAndIVFHelper,scheduleSystemBackups,2022-05-23,2,Bosnia and Herzegovina,IRN
FertilityAndIVFHelper,calculateOptimalPathways,2024-12-04,2,Northern Mariana Islands,BOL
GeriatricCarePlanner,analyzeServerPerformance,2024-09-25,2,Congo,IRL
AllergyReactionTracker,scheduleSystemBackups,2023-11-07,1,French Guiana,COG
OphthalmologyVisionAnalyzer,verifyDataIntegrity,2024-12-19,1,Tuvalu,ECU
SportsInjuryPreventor,scheduleSystemBackups,2022-01-04,2,Chad,MNP
ImmunologyResponseEvaluator,sendFunctionCountToServer,2023-09-01,1,Fiji,AZE
FertilityAndIVFHelper,simulateLoadBalancing,2022-11-07,2,Romania,SEN
VaccineAdministrationLog,reportSystemHealthStatus,2022-10-26,2,Chad,ARE
VaccineAdministrationLog,calculateOptimalPathways,2023-07-17,1,Haiti,SGP
VaccineAdministrationLog,updateFirmwareVersions,2022-06-18,1,United Kingdom,SEN
GeriatricCarePlanner,generateEncryptionKeys,2023-11-03,2,Romania,RUS
PatientFeedbackAnalyzer,scheduleSystemBackups,2022-12-26,2,Lesotho,BEN
FitnessAndWellnessGuide,reportSystemHealthStatus,2022-04-09,1,Tunisia,BLZ
MedicalWasteManagement,restoreArchivedData,2023-10-18,1,Saint Lucia,TUN
HematologyAnalyzer,makeBooleanOperationsToFibulaSurgicalGuideBase,2023-11-27,1,Namibia,COG
OphthalmologyVisionAnalyzer,onGenerateFibulaPlanesTimerTimeout,2024-07-10,2,Paraguay,BGR
OncologyTreatmentOptimizer,restoreArchivedData,2024-08-15,2,Côte d'Ivoire,BTN
SportsInjuryPreventor,auditSecurityCompliance,2023-10-08,2,El Salvador,JAM
DiabetesCareManager,restoreArchivedData,2024-12-03,1,Curaçao,SGS
DermatologyTreatmentPlanner,monitorNetworkLatency,2023-02-26,2,Viet Nam,AND
DermatologyTreatmentPlanner,configureVirtualMachines,2023-08-29,1,Croatia,KHM
MedicalBillingAndCoding,verifyDataIntegrity,2023-09-05,1,South Korea,BOL
HospitalRoomAllocationSystem,makeBooleanOperationsToFibulaSurgicalGuideBase,2024-11-30,2,Romania,IDN
SurgicalInstrumentTracker,optimizeDatabaseQueries,2024-07-30,2,Turkey,ARM
DentalHealthProfiler,makeBooleanOperationsToFibulaSurgicalGuideBase,2023-01-27,1,Falkland Islands (Malvinas),PAK
UrologyManagementSystem,verifyDataIntegrity,2022-04-11,1,Virgin Islands (U.S.),LKA
DiabetesCareManager,makeBooleanOperationsToFibulaSurgicalGuideBase,2022-08-13,1,Cambodia,ETH
MedicalResearchDatabase,onGenerateFibulaPlanesTimerTimeout,2023-09-28,1,Belarus,CHE
CardiovascularAssessmentTool,simulateLoadBalancing,2023-10-14,2,Myanmar,GEO
RehabilitationExercisePlanner,verifyDataIntegrity,2024-07-14,1,Rwanda,EST
MedicalEducationSimulator,calculateOptimalPathways,2023-07-12,2,Niue,CHN
ClinicalTrialManager,onGenerateFibulaPlanesTimerTimeout,2023-10-31,2,Åland Islands,TZA
PulmonaryFunctionTester,makeBooleanOperationsToFibulaSurgicalGuideBase,2023-07-11,1,Russian Federation,GNB
SleepDisorderAnalyzer,updateFirmwareVersions,2022-05-28,2,Côte d'Ivoire,TJK
SleepDisorderAnalyzer,manageResourceAllocation,2024-05-27,2,Montserrat,JOR
FertilityAndIVFHelper,cleanTemporaryFiles,2023-04-05,2,Fiji,BOL
OphthalmologyVisionAnalyzer,initializeSystemDiagnostics,2024-06-06,2,Morocco,BHS
HealthcarePolicyLibrary,restoreArchivedData,2022-01-22,1,Guadeloupe,IND
NutritionAndDietPlanner,cleanTemporaryFiles,2022-05-05,2,Hungary,GHA
PulmonaryFunctionTester,analyzeServerPerformance,2022-02-14,1,Singapore,HND
OphthalmologyVisionAnalyzer,configureVirtualMachines,2022-10-14,1,Liberia,TCA
MedicalBillingAndCoding,generateEncryptionKeys,2022-03-18,1,Madagascar,IDN
MedicalWasteManagement,calculateOptimalPathways,2024-01-26,1,Puerto Rico,CZE
DermatologyTreatmentPlanner,trackApplicationDependencies,2023-01-15,1,Andorra,SLB
UrologyManagementSystem,optimizeDatabaseQueries,2024-12-12,1,Liechtenstein,TCD
HematologyAnalyzer,deploySoftwareUpdates,2024-10-09,1,Kazakhstan,NZL
PatientEngagementHub,archiveOldLogFiles,2022-06-20,2,France,LBN
FertilityAndIVFHelper,monitorNetworkLatency,2024-05-26,1,Nicaragua,TWN
PharmacyInventoryManager,archiveOldLogFiles,2022-01-10,1,Hungary,BHS
AmbulanceDispatchSystem,trackApplicationDependencies,2022-11-07,1,Costa Rica,PHL
MentalHealthTherapyAssistant,optimizeDatabaseQueries,2023-11-21,1,Honduras,MAC
OncologyTreatmentOptimizer,monitorNetworkLatency,2024-09-19,2,United States Minor Outlying Islands,CYM
UrologyManagementSystem,sendFunctionCountToServer,2023-05-26,2,Sint Maarten (Dutch part),CPV
NeuralNetworkDiagnostics,reportSystemHealthStatus,2023-08-06,1,Solomon Islands,TWN
SportsInjuryPreventor,optimizeDatabaseQueries,2024-07-20,2,French Southern Territories,RUS
NeuralNetworkDiagnostics,simulateLoadBalancing,2024-03-01,2,Ukraine,BGD
VaccineAdministrationLog,updateFirmwareVersions,2022-12-30,2,Benin,PRY
FertilityAndIVFHelper,configureVirtualMachines,2022-01-30,1,Chile,WSM
ClinicalTrialManager,reportSystemHealthStatus,2022-04-08,2,Oman,CIV
AllergyReactionTracker,trackApplicationDependencies,2024-02-14,2,Honduras,BES
ENTProcedureGuide,sendFunctionCountToServer,2023-08-05,2,Russian Federation,ABW
VaccineAdministrationLog,makeBooleanOperationsToFibulaSurgicalGuideBase,2023-03-11,2,Wallis and Futuna,UMI
FitnessAndWellnessGuide,initializeSystemDiagnostics,2023-04-11,1,Mali,AND
VaccineAdministrationLog,trackApplicationDependencies,2023-09-13,2,Tokelau,GNB
PediatricCareAssistant,manageResourceAllocation,2023-06-26,1,Solomon Islands,IRN
RadiologyImagingCenter,onGenerateFibulaPlanesTimerTimeout,2024-10-12,2,South Sudan,MSR
FitnessAndWellnessGuide,scheduleSystemBackups,2022-09-07,2,Kuwait,CYP
MedicalWasteManagement,scheduleSystemBackups,2024-08-02,2,Uzbekistan,BLR
NeurosurgeryNavigationSystem,validateUserPermissions,2023-08-23,1,Poland,POL
SportsInjuryPreventor,makeBooleanOperationsToFibulaSurgicalGuideBase,2022-10-04,1,Slovenia,DMA
MentalHealthTherapyAssistant,archiveOldLogFiles,2023-04-08,2,Oman,PAK
ClinicalTrialManager,sendFunctionCountToServer,2023-11-25,2,Pitcairn,ESP
UrologyManagementSystem,scheduleSystemBackups,2024-09-17,1,Virgin Islands (U.S.),SOM
PediatricCareAssistant,generateEncryptionKeys,2022-09-28,2,Japan,LBY
MedicalEducationSimulator,onGenerateFibulaPlanesTimerTimeout,2022-02-26,2,Antarctica,PRI
OncologyTreatmentOptimizer,monitorNetworkLatency,2023-01-30,2,Cayman Islands,KHM
FertilityAndIVFHelper,simulateLoadBalancing,2022-04-20,1,Montserrat,QAT
UrologyManagementSystem,trackApplicationDependencies,2022-11-06,2,Burundi,KIR
RadiologyImagingCenter,restoreArchivedData,2023-09-24,2,Palau,GUF
SleepDisorderAnalyzer,configureVirtualMachines,2024-08-17,1,Curaçao,BES
DermatologyTreatmentPlanner,onGenerateFibulaPlanesTimerTimeout,2022-12-15,2,Haiti,ATA
PatientFeedbackAnalyzer,deploySoftwareUpdates,2022-12-31,1,Peru,LKA
MedicalWasteManagement,optimizeDatabaseQueries,2024-12-10,1,Yemen,TCD
MedicalWasteManagement,reportSystemHealthStatus,2022-01-28,1,Seychelles,NER
RehabilitationExercisePlanner,archiveOldLogFiles,2022-05-12,2,El Salvador,KGZ
DiabetesCareManager,calculateOptimalPathways,2023-04-26,2,Solomon Islands,GIN
PainManagementAdvisor,manageResourceAllocation,2023-07-20,1,Sierra Leone,CAF
MedicalBillingAndCoding,onGenerateFibulaPlanesTimerTimeout,2022-07-25,1,Guyana,SLB
ImmunologyResponseEvaluator,restoreArchivedData,2023-06-23,2,Equatorial Guinea,CHL
ClinicalTrialManager,simulateLoadBalancing,2023-08-30,1,Northern Mariana Islands,CUB
DiabetesCareManager,optimizeDatabaseQueries,2023-12-29,1,Iceland,NIU
NutritionAndDietPlanner,deploySoftwareUpdates,2024-04-22,1,Réunion,GTM
TelemedicineConsultationPortal,reportSystemHealthStatus,2024-03-06,1,Kenya,RWA
HospitalRoomAllocationSystem,reportSystemHealthStatus,2024-10-18,1,Jordan,CHL
FertilityAndIVFHelper,trackApplicationDependencies,2022-10-28,2,Nauru,CHN
WoundCareToolkit,analyzeServerPerformance,2024-12-21,2,Ghana,KNA
FitnessAndWellnessGuide,restoreArchivedData,2022-01-05,1,Egypt,RWA
MedicalResearchDatabase,deploySoftwareUpdates,2022-02-25,1,Côte d'Ivoire,MHL
PatientFeedbackAnalyzer,initializeSystemDiagnostics,2023-02-18,1,Colombia,GNQ
PediatricCareAssistant,onGenerateFibulaPlanesTimerTimeout,2024-09-06,2,Senegal,SOM
ClinicalTrialManager,initializeSystemDiagnostics,2023-09-15,2,Comoros,LIE
OrthopedicProcedureSimulator,manageResourceAllocation,2022-02-08,2,Myanmar,SJM
HealthcarePolicyLibrary,verifyDataIntegrity,2024-02-02,1,Nepal,DJI
PulmonaryFunctionTester,initializeSystemDiagnostics,2024-10-19,1,Samoa,THA
HealthcarePolicyLibrary,analyzeServerPerformance,2022-02-06,1,Luxembourg,CRI
HematologyAnalyzer,makeBooleanOperationsToFibulaSurgicalGuideBase,2022-03-26,2,Panama,NLD
HematologyAnalyzer,onGenerateFibulaPlanesTimerTimeout,2022-01-04,2,Trinidad and Tobago,PAK
BloodPressureRegulator,generateEncryptionKeys,2024-01-11,1,Holy See,VCT
ImmunologyResponseEvaluator,trackApplicationDependencies,2024-03-20,2,Norfolk Island,ISR
InfectiousDiseaseMapper,archiveOldLogFiles,2024-08-05,2,Saint Kitts and Nevis,LUX
SportsInjuryPreventor,simulateLoadBalancing,2024-12-04,2,Guinea,TCA
TelemedicineConsultationPortal,reportSystemHealthStatus,2023-10-26,1,France,GUF
RehabilitationExercisePlanner,manageResourceAllocation,2022-09-16,1,Egypt,CCK
BloodPressureRegulator,analyzeServerPerformance,2022-07-21,2,French Guiana,LTU
PatientFeedbackAnalyzer,reportSystemHealthStatus,2023-04-16,1,Belarus,ATA
PediatricCareAssistant,analyzeServerPerformance,2022-11-10,2,Kazakhstan,MWI
ENTProcedureGuide,trackApplicationDependencies,2023-06-09,1,Lao People's Democratic Republic,FIN
VaccineAdministrationLog,configureVirtualMachines,2023-08-10,1,Wallis and Futuna,BTN
HematologyAnalyzer,auditSecurityCompliance,2024-07-17,1,Malaysia,BGR
ClinicalTrialManager,trackApplicationDependencies,2022-12-04,2,Equatorial Guinea,NER
PatientEngagementHub,updateFirmwareVersions,2023-02-27,1,Dominican Republic,VNM
HealthcarePolicyLibrary,auditSecurityCompliance,2022-10-25,2,Georgia,MYT
TelemedicineConsultationPortal,scheduleSystemBackups,2023-06-05,2,Turks and Caicos Islands,CYM
AmbulanceDispatchSystem,updateFirmwareVersions,2024-08-23,2,Kyrgyzstan,NAM
HospitalRoomAllocationSystem,updateFirmwareVersions,2022-11-19,1,Bhutan,TUV
DiabetesCareManager,makeBooleanOperationsToFibulaSurgicalGuideBase,2022-08-11,1,Ecuador,NER
PediatricCareAssistant,updateFirmwareVersions,2023-05-08,1,South Korea,LBR
HematologyAnalyzer,manageResourceAllocation,2024-10-21,1,Lao People's Democratic Republic,SDN
InfectiousDiseaseMapper,trackApplicationDependencies,2023-12-03,1,Tunisia,ASM
OrthopedicProcedureSimulator,verifyDataIntegrity,2022-06-20,1,Dominican Republic,ISR
GastrointestinalTracker,simulateLoadBalancing,2023-04-27,1,Indonesia,ESH
RehabilitationExercisePlanner,validateUserPermissions,2022-05-30,1,Djibouti,ARG
GeriatricCarePlanner,validateUserPermissions,2022-06-09,2,Hong Kong,BRA
MedicalWasteManagement,analyzeServerPerformance,2023-12-05,1,Greenland,PAN
BloodPressureRegulator,sendFunctionCountToServer,2022-09-01,2,Gibraltar,NIU
SleepDisorderAnalyzer,restoreArchivedData,2023-10-29,2,Liberia,MLT
OphthalmologyVisionAnalyzer,manageResourceAllocation,2023-09-03,1,Grenada,BES
FertilityAndIVFHelper,reportSystemHealthStatus,2022-02-24,2,Micronesia,PNG
PulmonaryFunctionTester,onGenerateFibulaPlanesTimerTimeout,2023-05-07,1,Cameroon,TCD
NeuralNetworkDiagnostics,scheduleSystemBackups,2024-02-06,1,Gibraltar,MKD
DermatologyTreatmentPlanner,reportSystemHealthStatus,2022-08-17,1,Hong Kong,BLZ
PulmonaryFunctionTester,monitorNetworkLatency,2023-08-07,1,Gabon,BES
PulmonaryFunctionTester,verifyDataIntegrity,2023-12-29,2,Indonesia,BTN
DermatologyTreatmentPlanner,initializeSystemDiagnostics,2022-12-18,2,Viet Nam,WSM
MedicalResearchDatabase,validateUserPermissions,2022-05-07,1,Namibia,TJK
FertilityAndIVFHelper,makeBooleanOperationsToFibulaSurgicalGuideBase,2023-10-11,2,Spain,GAB
SleepDisorderAnalyzer,deploySoftwareUpdates,2022-02-18,1,Cayman Islands,MCO
MedicalResearchDatabase,monitorNetworkLatency,2023-10-21,1,Wallis and Futuna,VCT
GeneticDisorderExplorer,restoreArchivedData,2023-01-11,2,Central African Republic,DEU
NutritionAndDietPlanner,analyzeServerPerformance,2022-12-21,2,Bermuda,TKL
GeneticDisorderExplorer,configureVirtualMachines,2022-01-30,2,Guyana,TUV
OrthopedicProcedureSimulator,restoreArchivedData,2024-03-16,1,Cameroon,PLW
NeurosurgeryNavigationSystem,reportSystemHealthStatus,2024-05-06,2,Jordan,GUY
MedicalWasteManagement,verifyDataIntegrity,2024-01-09,1,French Southern Territories,DMA
MedicalResearchDatabase,validateUserPermissions,2022-04-29,1,Gibraltar,COG
EmergencyResponseCoordinator,validateUserPermissions,2023-07-18,2,Samoa,MAF
WoundCareToolkit,scheduleSystemBackups,2023-04-19,1,"Palestine, State of",NAM
DiabetesCareManager,onGenerateFibulaPlanesTimerTimeout,2023-09-11,2,Latvia,UMI
OrthopedicProcedureSimulator,makeBooleanOperationsToFibulaSurgicalGuideBase,2022-01-12,2,Samoa,BHR
AmbulanceDispatchSystem,auditSecurityCompliance,2022-04-07,2,Croatia,AUS
SubstanceAbuseCounselor,makeBooleanOperationsToFibulaSurgicalGuideBase,2023-02-27,1,Palau,HKG
DiabetesCareManager,archiveOldLogFiles,2024-11-15,2,Saudi Arabia,MAC
HematologyAnalyzer,validateUserPermissions,2024-09-06,1,Turks and Caicos Islands,GRL
ClinicalTrialManager,initializeSystemDiagnostics,2024-02-17,2,China,REU
RadiologyImagingCenter,updateFirmwareVersions,2023-09-15,2,Cabo Verde,NCL
MentalHealthTherapyAssistant,trackApplicationDependencies,2022-09-03,2,Uruguay,MLT
HealthcarePolicyLibrary,generateEncryptionKeys,2022-10-26,1,Tanzania,LAO
RadiologyImagingCenter,restoreArchivedData,2023-03-28,2,Kuwait,NRU
MedicalBillingAndCoding,updateFirmwareVersions,2023-02-18,2,Liechtenstein,AZE
DentalHealthProfiler,cleanTemporaryFiles,2022-10-30,2,British Indian Ocean Territory,FIN
HealthcarePolicyLibrary,archiveOldLogFiles,2024-03-30,1,Philippines,SLB
PharmacyInventoryManager,manageResourceAllocation,2024-03-23,2,Jordan,LKA
HealthcarePolicyLibrary,initializeSystemDiagnostics,2022-05-06,2,Guinea,BOL
HospitalRoomAllocationSystem,monitorNetworkLatency,2022-04-20,1,Saudi Arabia,HMD
GeriatricCarePlanner,simulateLoadBalancing,2022-05-03,2,Tuvalu,ATA
ImmunologyResponseEvaluator,auditSecurityCompliance,2024-03-01,2,Cuba,PSE
NeurosurgeryNavigationSystem,initializeSystemDiagnostics,2022-07-30,2,Tokelau,PER
HospitalRoomAllocationSystem,deploySoftwareUpdates,2023-05-13,1,Viet Nam,COD
SurgicalInstrumentTracker,archiveOldLogFiles,2024-04-07,2,Lithuania,MNG
MedicalBillingAndCoding,initializeSystemDiagnostics,2024-05-05,2,Afghanistan,WSM
AmbulanceDispatchSystem,optimizeDatabaseQueries,2023-11-02,1,Gambia,DMA
FitnessAndWellnessGuide,manageResourceAllocation,2023-07-19,2,Aruba,THA
DentalHealthProfiler,validateUserPermissions,2022-03-31,2,Viet Nam,CPV
ObstetricsLaborTracker,sendFunctionCountToServer,2024-08-12,1,South Africa,NZL
PharmacyInventoryManager,monitorNetworkLatency,2024-07-05,1,Turkey,MDG
InfectiousDiseaseMapper,optimizeDatabaseQueries,2022-02-21,2,Saint Helena,NAM
VaccineAdministrationLog,configureVirtualMachines,2024-01-30,2,Hungary,BMU
EmergencyResponseCoordinator,optimizeDatabaseQueries,2022-11-28,1,Greece,JOR
EndocrineHealthMonitor,optimizeDatabaseQueries,2023-08-09,1,Puerto Rico,JOR
AmbulanceDispatchSystem,archiveOldLogFiles,2023-12-02,1,Mauritius,KAZ
SurgicalInstrumentTracker,verifyDataIntegrity,2023-02-08,1,Thailand,THA
HospitalRoomAllocationSystem,calculateOptimalPathways,2023-08-15,1,Guernsey,MAR
PharmacyInventoryManager,monitorNetworkLatency,2023-06-03,2,Solomon Islands,UGA
SubstanceAbuseCounselor,scheduleSystemBackups,2024-05-21,1,Cook Islands,LSO
DermatologyTreatmentPlanner,initializeSystemDiagnostics,2024-06-22,1,Tokelau,PAK
FitnessAndWellnessGuide,reportSystemHealthStatus,2024-01-17,1,Jordan,TUV
ENTProcedureGuide,analyzeServerPerformance,2022-05-20,2,Martinique,IMN
HospitalRoomAllocationSystem,onGenerateFibulaPlanesTimerTimeout,2024-08-10,1,Cameroon,ESP
DermatologyTreatmentPlanner,trackApplicationDependencies,2022-04-20,1,North Korea,GUY
RadiologyImagingCenter,makeBooleanOperationsToFibulaSurgicalGuideBase,2024-07-13,2,Sint Maarten (Dutch part),CYP
ImmunologyResponseEvaluator,deploySoftwareUpdates,2023-08-26,2,Estonia,FIN
GeriatricCarePlanner,validateUserPermissions,2023-11-17,2,Luxembourg,GUM
PharmacyInventoryManager,scheduleSystemBackups,2024-12-01,2,Ireland,MAC
UrologyManagementSystem,calculateOptimalPathways,2022-02-11,1,Jordan,MWI
PulmonaryFunctionTester,cleanTemporaryFiles,2024-01-16,1,Denmark,SUR
ImmunologyResponseEvaluator,scheduleSystemBackups,2023-11-26,1,Norfolk Island,BHR
AllergyReactionTracker,restoreArchivedData,2023-02-08,2,Tonga,BRB
OncologyTreatmentOptimizer,sendFunctionCountToServer,2024-03-15,1,"Bonaire, Sint Eustatius and Saba",LKA
EndocrineHealthMonitor,monitorNetworkLatency,2022-01-03,2,Argentina,VAT
RehabilitationExercisePlanner,generateEncryptionKeys,2024-04-18,2,Puerto Rico,NRU
HematologyAnalyzer,scheduleSystemBackups,2024-06-13,1,Hong Kong,TGO
NeuralNetworkDiagnostics,deploySoftwareUpdates,2023-01-10,2,Aruba,GTM
OphthalmologyVisionAnalyzer,updateFirmwareVersions,2024-07-16,1,French Guiana,UMI
ObstetricsLaborTracker,cleanTemporaryFiles,2024-05-15,2,Ethiopia,SOM
PediatricCareAssistant,archiveOldLogFiles,2024-06-29,1,Saint Lucia,EGY
GeriatricCarePlanner,deploySoftwareUpdates,2023-07-03,1,Bahamas,VIR
CardiovascularAssessmentTool,monitorNetworkLatency,2022-11-25,2,Sudan,MWI
DermatologyTreatmentPlanner,makeBooleanOperationsToFibulaSurgicalGuideBase,2023-07-03,2,Equatorial Guinea,BHS
ImmunologyResponseEvaluator,trackApplicationDependencies,2022-06-05,1,United States,FRO
SportsInjuryPreventor,cleanTemporaryFiles,2022-01-25,1,New Zealand,UGA
FertilityAndIVFHelper,monitorNetworkLatency,2022-09-24,2,Christmas Island,ALB
PulmonaryFunctionTester,trackApplicationDependencies,2023-06-08,2,China,AGO
SleepDisorderAnalyzer,trackApplicationDependencies,2023-12-11,2,Aruba,CUW
FitnessAndWellnessGuide,trackApplicationDependencies,2024-10-02,2,Syrian Arab Republic,TUV
OncologyTreatmentOptimizer,optimizeDatabaseQueries,2023-06-13,1,Sint Maarten (Dutch part),PSE
MedicalWasteManagement,makeBooleanOperationsToFibulaSurgicalGuideBase,2022-07-02,1,Bolivia,MDA
WoundCareToolkit,monitorNetworkLatency,2023-05-25,1,Northern Mariana Islands,ALA
ObstetricsLaborTracker,archiveOldLogFiles,2024-07-23,2,Malaysia,LTU
MedicalEducationSimulator,archiveOldLogFiles,2024-02-26,2,Afghanistan,COM
PatientEngagementHub,makeBooleanOperationsToFibulaSurgicalGuideBase,2022-09-23,2,Cambodia,SDN
CardiovascularAssessmentTool,manageResourceAllocation,2023-01-12,2,Comoros,MAF
ImmunologyResponseEvaluator,initializeSystemDiagnostics,2022-03-06,1,Norway,TZA
BloodPressureRegulator,cleanTemporaryFiles,2022-06-06,1,Burkina Faso,SYC
GeriatricCarePlanner,auditSecurityCompliance,2022-11-14,1,Japan,WSM
ObstetricsLaborTracker,makeBooleanOperationsToFibulaSurgicalGuideBase,2024-08-05,2,Sri Lanka,SGS
ImmunologyResponseEvaluator,cleanTemporaryFiles,2022-03-03,1,Holy See,TCA
MedicalWasteManagement,archiveOldLogFiles,2022-01-08,1,Montenegro,PSE
PatientEngagementHub,verifyDataIntegrity,2023-08-10,2,Estonia,RWA
ImmunologyResponseEvaluator,restoreArchivedData,2022-08-11,2,Eritrea,EST
BloodPressureRegulator,analyzeServerPerformance,2023-03-27,1,French Guiana,ARM
OncologyTreatmentOptimizer,monitorNetworkLatency,2024-01-06,1,Djibouti,CXR
FertilityAndIVFHelper,validateUserPermissions,2022-01-04,2,Mozambique,SMR
OrthopedicProcedureSimulator,archiveOldLogFiles,2024-03-23,1,Burkina Faso,CRI
ImmunologyResponseEvaluator,makeBooleanOperationsToFibulaSurgicalGuideBase,2023-03-10,1,Tajikistan,KWT
GeneticDisorderExplorer,cleanTemporaryFiles,2022-02-15,1,Vanuatu,ARM
OncologyTreatmentOptimizer,auditSecurityCompliance,2023-03-27,2,Kuwait,CUW
SurgicalInstrumentTracker,verifyDataIntegrity,2023-01-01,2,Nigeria,JAM
EndocrineHealthMonitor,manageResourceAllocation,2023-11-08,2,Curaçao,MYT
MedicalWasteManagement,cleanTemporaryFiles,2022-06-24,1,Hungary,KOR
UrologyManagementSystem,validateUserPermissions,2022-11-20,1,Saint Barthélemy,GBR
MedicalWasteManagement,deploySoftwareUpdates,2023-06-14,2,Lao People's Democratic Republic,LBY
PulmonaryFunctionTester,validateUserPermissions,2022-05-05,2,Andorra,ALB
SleepDisorderAnalyzer,configureVirtualMachines,2023-11-11,2,Albania,BLR
MedicalEducationSimulator,validateUserPermissions,2022-08-06,1,French Polynesia,GNQ
TelemedicineConsultationPortal,validateUserPermissions,2023-05-31,1,Mauritania,FLK
OrthopedicProcedureSimulator,makeBooleanOperationsToFibulaSurgicalGuideBase,2022-06-30,2,Swaziland,GTM
SleepDisorderAnalyzer,sendFunctionCountToServer,2023-11-13,2,France,JOR
CardiovascularAssessmentTool,makeBooleanOperationsToFibulaSurgicalGuideBase,2022-09-14,2,Cook Islands,STP
HematologyAnalyzer,calculateOptimalPathways,2022-07-12,1,Faroe Islands,JPN
PharmacyInventoryManager,calculateOptimalPathways,2023-03-27,1,British Indian Ocean Territory,PLW
HealthcareComplianceMonitor,validateUserPermissions,2022-06-15,1,Tanzania,ZAF
HealthcarePolicyLibrary,deploySoftwareUpdates,2024-12-07,2,Mozambique,CZE
MedicalEducationSimulator,deploySoftwareUpdates,2024-05-25,2,Hungary,BLR
MedicalEducationSimulator,verifyDataIntegrity,2024-08-09,2,Solomon Islands,LBN
MedicalWasteManagement,makeBooleanOperationsToFibulaSurgicalGuideBase,2024-08-20,1,Azerbaijan,LTU
PatientEngagementHub,sendFunctionCountToServer,2023-06-15,1,Bahrain,SXM
PharmacyInventoryManager,monitorNetworkLatency,2023-02-27,1,Kazakhstan,EST
OncologyTreatmentOptimizer,auditSecurityCompliance,2023-02-14,2,Costa Rica,IRN
EndocrineHealthMonitor,scheduleSystemBackups,2023-01-18,1,Turkey,TUN
SleepDisorderAnalyzer,scheduleSystemBackups,2022-10-02,2,Eritrea,CCK
NeurosurgeryNavigationSystem,onGenerateFibulaPlanesTimerTimeout,2024-03-15,1,Solomon Islands,FIN
OncologyTreatmentOptimizer,validateUserPermissions,2022-09-25,1,Qatar,SAU
AmbulanceDispatchSystem,deploySoftwareUpdates,2024-07-15,1,Japan,TGO
PediatricCareAssistant,initializeSystemDiagnostics,2024-04-25,1,Micronesia,LCA
NutritionAndDietPlanner,analyzeServerPerformance,2024-10-21,2,Spain,AGO
EmergencyResponseCoordinator,analyzeServerPerformance,2023-12-13,1,Guam,TCA
PulmonaryFunctionTester,manageResourceAllocation,2022-09-05,2,Sri Lanka,LIE
HealthcareComplianceMonitor,monitorNetworkLatency,2022-11-23,2,Niger,YEM
ObstetricsLaborTracker,configureVirtualMachines,2023-04-09,1,Germany,ECU
VaccineAdministrationLog,updateFirmwareVersions,2023-06-10,2,Dominican Republic,SAU
BloodPressureRegulator,deploySoftwareUpdates,2023-11-14,2,Slovakia,ISL
ClinicalTrialManager,makeBooleanOperationsToFibulaSurgicalGuideBase,2023-08-09,1,Finland,SWE
MedicalWasteManagement,archiveOldLogFiles,2024-09-16,1,Turkmenistan,SPM
TelemedicineConsultationPortal,configureVirtualMachines,2023-06-16,1,Cambodia,NAM
NeurosurgeryNavigationSystem,deploySoftwareUpdates,2024-02-21,1,Congo,CHL
MentalHealthTherapyAssistant,updateFirmwareVersions,2022-11-04,2,American Samoa,COL
OrthopedicProcedureSimulator,optimizeDatabaseQueries,2023-05-03,2,Saint Lucia,BRA
DiabetesCareManager,monitorNetworkLatency,2023-09-03,1,Czech Republic,SAU
PatientEngagementHub,monitorNetworkLatency,2024-09-12,2,New Zealand,SEN
ClinicalTrialManager,validateUserPermissions,2022-07-02,1,Antarctica,EGY
DentalHealthProfiler,simulateLoadBalancing,2023-07-12,2,Montenegro,NIU
ObstetricsLaborTracker,onGenerateFibulaPlanesTimerTimeout,2022-11-12,1,Niue,KWT
SportsInjuryPreventor,initializeSystemDiagnostics,2024-01-24,1,Montserrat,PRK
MedicalBillingAndCoding,manageResourceAllocation,2023-01-29,2,Réunion,SGP
PatientEngagementHub,simulateLoadBalancing,2022-04-01,2,Mozambique,LBY
DiabetesCareManager,initializeSystemDiagnostics,2024-05-05,1,Djibouti,FRO
CardiovascularAssessmentTool,deploySoftwareUpdates,2022-04-12,2,Afghanistan,NIU
RadiologyImagingCenter,restoreArchivedData,2022-07-08,1,Indonesia,DZA
PatientEngagementHub,calculateOptimalPathways,2024-06-22,1,Côte d'Ivoire,ATA
HospitalRoomAllocationSystem,auditSecurityCompliance,2022-01-19,1,Russian Federation,LKA
CardiovascularAssessmentTool,generateEncryptionKeys,2022-01-11,2,Lesotho,CAN
OrthopedicProcedureSimulator,calculateOptimalPathways,2022-03-10,1,Belize,ZMB
GastrointestinalTracker,analyzeServerPerformance,2023-04-06,1,Luxembourg,KIR
FertilityAndIVFHelper,updateFirmwareVersions,2022-08-21,2,Bouvet Island,SYR
DentalHealthProfiler,analyzeServerPerformance,2023-02-18,2,Saint Lucia,SSD
AllergyReactionTracker,auditSecurityCompliance,2023-12-31,1,Sri Lanka,CHE
MedicalWasteManagement,onGenerateFibulaPlanesTimerTimeout,2024-10-20,2,Saint Lucia,DJI
PatientFeedbackAnalyzer,calculateOptimalPathways,2023-06-23,1,Belgium,STP
SportsInjuryPreventor,scheduleSystemBackups,2022-09-13,1,Norway,OMN
VaccineAdministrationLog,initializeSystemDiagnostics,2023-11-05,1,Dominica,ATF
PatientFeedbackAnalyzer,initializeSystemDiagnostics,2022-07-15,2,Liechtenstein,ISR
PatientFeedbackAnalyzer,cleanTemporaryFiles,2024-09-18,1,Heard Island and McDonald Islands,LTU
VaccineAdministrationLog,auditSecurityCompliance,2024-05-09,2,Saint Lucia,CMR
PatientEngagementHub,updateFirmwareVersions,2023-10-14,2,Hong Kong,MUS
PharmacyInventoryManager,monitorNetworkLatency,2023-03-30,2,Guadeloupe,SGP
EndocrineHealthMonitor,monitorNetworkLatency,2023-01-09,2,Azerbaijan,GBR
PulmonaryFunctionTester,restoreArchivedData,2022-11-21,1,Saudi Arabia,MWI
DentalHealthProfiler,optimizeDatabaseQueries,2022-06-04,2,Congo,ESH
SportsInjuryPreventor,simulateLoadBalancing,2024-06-20,2,Myanmar,DZA
GeriatricCarePlanner,scheduleSystemBackups,2023-07-23,1,Nigeria,HRV
AmbulanceDispatchSystem,initializeSystemDiagnostics,2023-12-29,1,Bouvet Island,DEU
SurgicalInstrumentTracker,simulateLoadBalancing,2023-07-29,2,Dominican Republic,CUW
MedicalResearchDatabase,initializeSystemDiagnostics,2024-05-06,2,Cameroon,ETH
VaccineAdministrationLog,updateFirmwareVersions,2024-03-01,1,Wallis and Futuna,LAO
GeriatricCarePlanner,monitorNetworkLatency,2022-11-21,1,Malaysia,STP
ImmunologyResponseEvaluator,validateUserPermissions,2022-06-12,2,Argentina,CHN
DermatologyTreatmentPlanner,makeBooleanOperationsToFibulaSurgicalGuideBase,2022-12-05,1,Angola,BHR
OphthalmologyVisionAnalyzer,cleanTemporaryFiles,2022-02-17,1,Uganda,MTQ
MedicalResearchDatabase,initializeSystemDiagnostics,2024-04-30,1,Tanzania,USA
SubstanceAbuseCounselor,trackApplicationDependencies,2022-02-16,1,New Caledonia,VAT
GastrointestinalTracker,configureVirtualMachines,2024-07-04,2,Ethiopia,SVN
HospitalRoomAllocationSystem,verifyDataIntegrity,2023-03-26,1,Germany,AFG
DermatologyTreatmentPlanner,makeBooleanOperationsToFibulaSurgicalGuideBase,2022-04-18,1,Kyrgyzstan,UKR
RadiologyImagingCenter,optimizeDatabaseQueries,2024-03-09,2,Samoa,GNQ
DiabetesCareManager,onGenerateFibulaPlanesTimerTimeout,2024-05-07,1,Armenia,TUN
DentalHealthProfiler,restoreArchivedData,2023-09-03,2,Cocos (Keeling) Islands,SMR
PharmacyInventoryManager,calculateOptimalPathways,2024-03-29,1,Jamaica,SOM
DermatologyTreatmentPlanner,calculateOptimalPathways,2022-01-17,2,Iran,PYF
SportsInjuryPreventor,manageResourceAllocation,2023-08-10,2,Comoros,BGD
HematologyAnalyzer,makeBooleanOperationsToFibulaSurgicalGuideBase,2023-01-10,2,Saint Helena,NOR
BloodPressureRegulator,manageResourceAllocation,2024-02-14,2,United States Minor Outlying Islands,BRA
RadiologyImagingCenter,monitorNetworkLatency,2022-08-30,2,Syrian Arab Republic,ETH
SurgicalInstrumentTracker,optimizeDatabaseQueries,2022-03-12,2,Yemen,MLT
MedicalEducationSimulator,scheduleSystemBackups,2023-12-17,1,Mozambique,JPN
EndocrineHealthMonitor,simulateLoadBalancing,2023-12-28,1,Philippines,VUT
InfectiousDiseaseMapper,monitorNetworkLatency,2023-08-05,1,Cambodia,TCD
NeurosurgeryNavigationSystem,optimizeDatabaseQueries,2022-08-03,1,Kazakhstan,GRL
AllergyReactionTracker,optimizeDatabaseQueries,2023-10-16,1,New Caledonia,LSO
NutritionAndDietPlanner,deploySoftwareUpdates,2023-11-18,1,Myanmar,CAN
PulmonaryFunctionTester,initializeSystemDiagnostics,2023-12-09,1,Japan,HRV
HematologyAnalyzer,updateFirmwareVersions,2024-05-19,2,Saint Vincent and the Grenadines,BLM
GastrointestinalTracker,archiveOldLogFiles,2022-03-23,2,Philippines,ARE
MedicalWasteManagement,initializeSystemDiagnostics,2023-12-23,2,Norway,DZA
SubstanceAbuseCounselor,scheduleSystemBackups,2022-09-22,1,Belarus,KOR
HealthcareComplianceMonitor,makeBooleanOperationsToFibulaSurgicalGuideBase,2022-07-02,1,Burkina Faso,BVT
EmergencyResponseCoordinator,restoreArchivedData,2023-01-20,2,Iraq,KGZ
PulmonaryFunctionTester,sendFunctionCountToServer,2024-11-30,2,San Marino,SHN
OncologyTreatmentOptimizer,optimizeDatabaseQueries,2024-03-18,1,Sint Maarten (Dutch part),NRU
RadiologyImagingCenter,validateUserPermissions,2024-05-31,1,Greenland,ISL
PainManagementAdvisor,onGenerateFibulaPlanesTimerTimeout,2024-06-11,2,Kuwait,DMA
OphthalmologyVisionAnalyzer,analyzeServerPerformance,2024-06-23,1,Mexico,NZL
PharmacyInventoryManager,generateEncryptionKeys,2022-04-02,2,Viet Nam,TUV
SleepDisorderAnalyzer,auditSecurityCompliance,2024-03-15,1,Åland Islands,CYP
FertilityAndIVFHelper,restoreArchivedData,2022-04-26,2,Swaziland,ECU
TelemedicineConsultationPortal,calculateOptimalPathways,2023-05-11,2,Yemen,CMR
PulmonaryFunctionTester,archiveOldLogFiles,2024-11-10,1,Morocco,GIN
HealthcareComplianceMonitor,onGenerateFibulaPlanesTimerTimeout,2024-09-29,1,Saint Martin (French part),OMN
InfectiousDiseaseMapper,sendFunctionCountToServer,2023-01-07,2,Ghana,MLI
PatientFeedbackAnalyzer,reportSystemHealthStatus,2024-02-09,1,Guinea,CYM
GeneticDisorderExplorer,trackApplicationDependencies,2023-07-19,1,Singapore,GRC
MedicalBillingAndCoding,generateEncryptionKeys,2022-03-06,1,Saint Lucia,PRY
AllergyReactionTracker,reportSystemHealthStatus,2022-01-20,2,Marshall Islands,NCL
PatientEngagementHub,initializeSystemDiagnostics,2022-04-06,2,Saint Martin (French part),COG
PatientFeedbackAnalyzer,scheduleSystemBackups,2024-01-16,2,India,LUX
RadiologyImagingCenter,verifyDataIntegrity,2022-05-17,1,Austria,RWA
HospitalRoomAllocationSystem,scheduleSystemBackups,2022-04-04,1,Antigua and Barbuda,AUT
NeuralNetworkDiagnostics,makeBooleanOperationsToFibulaSurgicalGuideBase,2023-01-25,1,Canada,PER
NeuralNetworkDiagnostics,archiveOldLogFiles,2022-09-14,1,Norway,NFK
InfectiousDiseaseMapper,restoreArchivedData,2022-05-02,1,Haiti,YEM
FertilityAndIVFHelper,configureVirtualMachines,2022-05-18,2,Saudi Arabia,ARM
EmergencyResponseCoordinator,cleanTemporaryFiles,2024-04-10,2,Somalia,VIR
FitnessAndWellnessGuide,deploySoftwareUpdates,2024-06-28,2,Sint Maarten (Dutch part),GIN
MedicalWasteManagement,restoreArchivedData,2023-02-02,1,Bangladesh,UKR
EndocrineHealthMonitor,initializeSystemDiagnostics,2022-03-10,2,Northern Mariana Islands,IRN
FitnessAndWellnessGuide,validateUserPermissions,2024-04-01,2,Turkmenistan,MLT
PharmacyInventoryManager,manageResourceAllocation,2024-09-09,2,Haiti,IRN
MedicalBillingAndCoding,sendFunctionCountToServer,2022-06-10,1,Ukraine,YEM
MentalHealthTherapyAssistant,reportSystemHealthStatus,2024-01-19,1,Falkland Islands (Malvinas),VEN
EmergencyResponseCoordinator,auditSecurityCompliance,2024-09-27,2,American Samoa,TCA
BloodPressureRegulator,optimizeDatabaseQueries,2023-11-19,1,Martinique,GIN
PainManagementAdvisor,calculateOptimalPathways,2024-07-05,1,Portugal,MSR
PulmonaryFunctionTester,manageResourceAllocation,2022-08-10,1,Monaco,FIN
ObstetricsLaborTracker,verifyDataIntegrity,2024-09-14,1,French Guiana,MDV
RehabilitationExercisePlanner,sendFunctionCountToServer,2024-07-21,1,Saint Vincent and the Grenadines,TKM
ObstetricsLaborTracker,validateUserPermissions,2024-01-27,2,Faroe Islands,NLD
MedicalResearchDatabase,cleanTemporaryFiles,2024-08-04,1,Palau,TJK
SleepDisorderAnalyzer,cleanTemporaryFiles,2023-08-04,1,Comoros,CYP
PainManagementAdvisor,analyzeServerPerformance,2022-05-28,1,Myanmar,RWA
NeuralNetworkDiagnostics,optimizeDatabaseQueries,2023-10-08,1,New Caledonia,DOM
RadiologyImagingCenter,onGenerateFibulaPlanesTimerTimeout,2023-11-30,1,Heard Island and McDonald Islands,MAR
SportsInjuryPreventor,makeBooleanOperationsToFibulaSurgicalGuideBase,2023-06-11,2,Malawi,KOR
PharmacyInventoryManager,onGenerateFibulaPlanesTimerTimeout,2024-10-16,2,Belarus,LBY
OphthalmologyVisionAnalyzer,archiveOldLogFiles,2022-03-20,1,Congo,BDI
NeurosurgeryNavigationSystem,restoreArchivedData,2024-04-24,1,Botswana,BGD
NutritionAndDietPlanner,monitorNetworkLatency,2024-09-10,2,Grenada,POL
PatientFeedbackAnalyzer,analyzeServerPerformance,2023-01-26,1,Qatar,VEN
MedicalEducationSimulator,manageResourceAllocation,2023-12-01,2,Greenland,FRO
SubstanceAbuseCounselor,onGenerateFibulaPlanesTimerTimeout,2024-07-20,2,Ireland,BHR
RadiologyImagingCenter,analyzeServerPerformance,2022-03-13,1,Svalbard and Jan Mayen,SYR
NeurosurgeryNavigationSystem,validateUserPermissions,2023-08-29,1,Somalia,BHS
HematologyAnalyzer,analyzeServerPerformance,2024-08-22,1,Côte d'Ivoire,TWN
EndocrineHealthMonitor,makeBooleanOperationsToFibulaSurgicalGuideBase,2023-07-04,1,Guinea-Bissau,SWE
NeurosurgeryNavigationSystem,updateFirmwareVersions,2022-09-04,1,Sao Tome and Principe,BOL
EndocrineHealthMonitor,optimizeDatabaseQueries,2024-12-08,2,Mayotte,SPM
NeurosurgeryNavigationSystem,generateEncryptionKeys,2024-10-06,2,Madagascar,ATA
GeriatricCarePlanner,verifyDataIntegrity,2022-09-13,1,Tanzania,MHL
ClinicalTrialManager,auditSecurityCompliance,2023-09-15,1,Benin,GNQ
PainManagementAdvisor,auditSecurityCompliance,2024-11-20,2,France,SHN
GeriatricCarePlanner,updateFirmwareVersions,2024-02-11,1,Madagascar,MYS
SportsInjuryPreventor,monitorNetworkLatency,2024-09-04,2,Chile,LKA
PatientEngagementHub,trackApplicationDependencies,2022-09-19,2,Montserrat,ATG
EndocrineHealthMonitor,archiveOldLogFiles,2022-10-18,2,Mauritania,NGA
HealthcarePolicyLibrary,generateEncryptionKeys,2023-08-05,2,Antigua and Barbuda,MDV
TelemedicineConsultationPortal,cleanTemporaryFiles,2022-01-18,2,Sierra Leone,IND
InfectiousDiseaseMapper,generateEncryptionKeys,2023-01-30,2,Holy See,GNQ
NutritionAndDietPlanner,archiveOldLogFiles,2023-01-02,1,Kazakhstan,PYF
SurgicalInstrumentTracker,configureVirtualMachines,2022-09-03,1,Costa Rica,GEO
NutritionAndDietPlanner,restoreArchivedData,2023-05-12,1,Oman,BFA
SurgicalInstrumentTracker,sendFunctionCountToServer,2024-11-29,1,North Korea,SOM
DentalHealthProfiler,validateUserPermissions,2024-07-10,2,Somalia,CUB
WoundCareToolkit,validateUserPermissions,2023-07-31,1,Fiji,MYT
HematologyAnalyzer,analyzeServerPerformance,2024-02-23,2,Eritrea,KHM
HealthcareComplianceMonitor,auditSecurityCompliance,2024-08-01,1,Saint Martin (French part),SVK
OrthopedicProcedureSimulator,validateUserPermissions,2022-03-23,1,Poland,SLE
EmergencyResponseCoordinator,makeBooleanOperationsToFibulaSurgicalGuideBase,2022-06-13,2,Mexico,DZA
OncologyTreatmentOptimizer,deploySoftwareUpdates,2023-03-28,1,Liechtenstein,AUT
PatientEngagementHub,cleanTemporaryFiles,2022-10-04,1,Cook Islands,MUS
ObstetricsLaborTracker,verifyDataIntegrity,2024-01-11,2,Portugal,IDN
MedicalWasteManagement,simulateLoadBalancing,2022-04-09,1,Latvia,PLW
GastrointestinalTracker,archiveOldLogFiles,2024-03-21,2,Cocos (Keeling) Islands,ROU
ClinicalTrialManager,validateUserPermissions,2024-12-27,1,Saint Helena,HUN
PatientEngagementHub,optimizeDatabaseQueries,2022-04-02,2,Mexico,NCL
FertilityAndIVFHelper,makeBooleanOperationsToFibulaSurgicalGuideBase,2022-06-03,2,New Caledonia,LIE
AmbulanceDispatchSystem,restoreArchivedData,2023-09-26,2,Sudan,PHL
HealthcarePolicyLibrary,monitorNetworkLatency,2023-10-22,1,Puerto Rico,QAT
CardiovascularAssessmentTool,initializeSystemDiagnostics,2022-03-27,2,Argentina,GAB
ImmunologyResponseEvaluator,verifyDataIntegrity,2024-08-30,1,Liechtenstein,BIH
OncologyTreatmentOptimizer,reportSystemHealthStatus,2024-08-23,1,Slovakia,BFA
CardiovascularAssessmentTool,makeBooleanOperationsToFibulaSurgicalGuideBase,2022-11-09,2,Afghanistan,SGS
PainManagementAdvisor,trackApplicationDependencies,2023-01-03,2,Senegal,MMR
GeriatricCarePlanner,manageResourceAllocation,2024-03-06,1,Costa Rica,KWT
TelemedicineConsultationPortal,restoreArchivedData,2023-05-06,2,Christmas Island,KOR
OphthalmologyVisionAnalyzer,scheduleSystemBackups,2024-12-15,1,Kenya,GIN
RadiologyImagingCenter,auditSecurityCompliance,2023-05-28,2,Uganda,PRY
AmbulanceDispatchSystem,archiveOldLogFiles,2022-06-07,2,Gabon,PER
SleepDisorderAnalyzer,onGenerateFibulaPlanesTimerTimeout,2022-06-04,2,Austria,GRL
AmbulanceDispatchSystem,archiveOldLogFiles,2022-01-06,1,Zimbabwe,BHR
InfectiousDiseaseMapper,sendFunctionCountToServer,2023-05-26,1,Mayotte,IMN
PulmonaryFunctionTester,trackApplicationDependencies,2024-02-07,1,Uganda,WSM
PulmonaryFunctionTester,analyzeServerPerformance,2022-10-05,2,Australia,COG
SurgicalInstrumentTracker,analyzeServerPerformance,2023-05-02,2,France,ESH
NeuralNetworkDiagnostics,makeBooleanOperationsToFibulaSurgicalGuideBase,2024-03-06,1,Micronesia,CHN
MedicalBillingAndCoding,reportSystemHealthStatus,2022-04-07,1,Bahrain,TUN
NeuralNetworkDiagnostics,manageResourceAllocation,2022-06-23,2,Anguilla,WLF
MedicalResearchDatabase,reportSystemHealthStatus,2022-08-09,1,Montserrat,MYS
ENTProcedureGuide,manageResourceAllocation,2022-04-10,1,Finland,AUS
RehabilitationExercisePlanner,monitorNetworkLatency,2023-11-01,2,Nigeria,LSO
PatientFeedbackAnalyzer,generateEncryptionKeys,2024-09-09,1,Argentina,BES
DiabetesCareManager,makeBooleanOperationsToFibulaSurgicalGuideBase,2022-02-03,2,Lesotho,DOM
EmergencyResponseCoordinator,verifyDataIntegrity,2022-02-04,1,Turks and Caicos Islands,BOL
AllergyReactionTracker,makeBooleanOperationsToFibulaSurgicalGuideBase,2023-05-18,1,Cocos (Keeling) Islands,IRL
EndocrineHealthMonitor,simulateLoadBalancing,2024-10-02,1,Sao Tome and Principe,MWI
ObstetricsLaborTracker,monitorNetworkLatency,2023-11-30,1,Sierra Leone,GUY
NeurosurgeryNavigationSystem,initializeSystemDiagnostics,2024-03-30,1,Mauritius,BTN
NeuralNetworkDiagnostics,cleanTemporaryFiles,2022-10-20,1,Serbia,VCT
OphthalmologyVisionAnalyzer,deploySoftwareUpdates,2024-03-05,2,Djibouti,IOT
NeurosurgeryNavigationSystem,configureVirtualMachines,2024-05-19,2,Viet Nam,MTQ
CardiovascularAssessmentTool,analyzeServerPerformance,2023-07-24,2,Nepal,GTM
GeneticDisorderExplorer,updateFirmwareVersions,2023-03-11,1,Heard Island and McDonald Islands,KOR
PediatricCareAssistant,optimizeDatabaseQueries,2023-12-15,1,Kiribati,VUT
DiabetesCareManager,verifyDataIntegrity,2022-05-01,2,Mozambique,MOZ
FitnessAndWellnessGuide,updateFirmwareVersions,2022-02-17,1,Cayman Islands,BRN
OrthopedicProcedureSimulator,archiveOldLogFiles,2024-11-14,2,Austria,PAN
OncologyTreatmentOptimizer,manageResourceAllocation,2022-07-08,1,Australia,WSM
SportsInjuryPreventor,manageResourceAllocation,2024-01-06,2,Gibraltar,WLF
ObstetricsLaborTracker,configureVirtualMachines,2022-12-13,2,Tuvalu,LVA
SportsInjuryPreventor,updateFirmwareVersions,2023-08-03,1,Egypt,MYS
GeriatricCarePlanner,analyzeServerPerformance,2024-06-11,2,Oman,MTQ
NutritionAndDietPlanner,auditSecurityCompliance,2024-05-27,1,Cook Islands,BDI
OrthopedicProcedureSimulator,trackApplicationDependencies,2024-10-26,2,Seychelles,MNP
PulmonaryFunctionTester,initializeSystemDiagnostics,2024-02-21,1,Netherlands,JPN
RehabilitationExercisePlanner,manageResourceAllocation,2022-01-30,1,Antigua and Barbuda,CAN
OphthalmologyVisionAnalyzer,calculateOptimalPathways,2023-05-14,1,Nicaragua,HTI
NutritionAndDietPlanner,generateEncryptionKeys,2022-05-28,2,United States,RUS
PatientFeedbackAnalyzer,validateUserPermissions,2022-08-14,2,Israel,IRQ
ClinicalTrialManager,simulateLoadBalancing,2023-09-05,1,Martinique,SLE
ObstetricsLaborTracker,optimizeDatabaseQueries,2024-05-23,2,Bulgaria,MAF
MedicalResearchDatabase,restoreArchivedData,2024-06-15,2,Yemen,SAU
CardiovascularAssessmentTool,restoreArchivedData,2023-12-22,1,Chad,KGZ
PainManagementAdvisor,configureVirtualMachines,2024-08-05,1,Saint Pierre and Miquelon,FJI
ClinicalTrialManager,verifyDataIntegrity,2024-09-14,2,Cabo Verde,ROU
DermatologyTreatmentPlanner,verifyDataIntegrity,2024-05-27,2,Saint Vincent and the Grenadines,UKR
GeriatricCarePlanner,calculateOptimalPathways,2024-04-26,2,Uganda,JOR
HealthcareComplianceMonitor,analyzeServerPerformance,2023-06-18,1,United Kingdom,RWA
HospitalRoomAllocationSystem,validateUserPermissions,2022-06-02,2,Cameroon,NIU
PharmacyInventoryManager,deploySoftwareUpdates,2022-09-28,2,Viet Nam,VIR
ClinicalTrialManager,configureVirtualMachines,2023-12-22,2,Kiribati,GRC
MedicalWasteManagement,deploySoftwareUpdates,2022-11-11,2,Swaziland,SYR
PharmacyInventoryManager,updateFirmwareVersions,2024-08-06,2,United Kingdom,IRQ
SleepDisorderAnalyzer,calculateOptimalPathways,2024-12-18,2,Brazil,TUR
ClinicalTrialManager,verifyDataIntegrity,2023-09-04,2,Sao Tome and Principe,JOR
TelemedicineConsultationPortal,onGenerateFibulaPlanesTimerTimeout,2023-11-27,1,Latvia,UMI
FitnessAndWellnessGuide,simulateLoadBalancing,2024-11-29,2,Costa Rica,SWZ
OrthopedicProcedureSimulator,simulateLoadBalancing,2022-04-02,1,Singapore,VAT
NeurosurgeryNavigationSystem,analyzeServerPerformance,2023-05-17,1,Morocco,CHL
MedicalEducationSimulator,generateEncryptionKeys,2023-12-11,2,Kiribati,URY
VaccineAdministrationLog,validateUserPermissions,2024-02-01,1,Timor-Leste,MAR
DentalHealthProfiler,onGenerateFibulaPlanesTimerTimeout,2023-12-05,1,Guam,ALB
SurgicalInstrumentTracker,sendFunctionCountToServer,2023-09-09,1,Morocco,PER
HealthcarePolicyLibrary,optimizeDatabaseQueries,2023-01-23,1,Albania,MAC
NeuralNetworkDiagnostics,trackApplicationDependencies,2023-02-28,1,Ecuador,CRI
OncologyTreatmentOptimizer,onGenerateFibulaPlanesTimerTimeout,2022-06-09,1,South Georgia and the South Sandwich Islands,JEY
DermatologyTreatmentPlanner,updateFirmwareVersions,2022-06-09,2,Canada,PLW
CardiovascularAssessmentTool,onGenerateFibulaPlanesTimerTimeout,2024-10-10,2,Saint Lucia,IOT
GeneticDisorderExplorer,updateFirmwareVersions,2022-02-04,2,Bahrain,PRK
PatientEngagementHub,generateEncryptionKeys,2023-09-28,1,Bosnia and Herzegovina,EST
GastrointestinalTracker,reportSystemHealthStatus,2022-04-20,2,Uruguay,HND
MedicalResearchDatabase,updateFirmwareVersions,2024-06-29,1,Lebanon,THA
SleepDisorderAnalyzer,analyzeServerPerformance,2023-08-08,1,Liechtenstein,PYF
HospitalRoomAllocationSystem,scheduleSystemBackups,2023-12-10,1,Saint Martin (French part),LTU
AmbulanceDispatchSystem,scheduleSystemBackups,2024-05-13,1,Nigeria,SMR
SleepDisorderAnalyzer,validateUserPermissions,2024-06-16,2,Latvia,IRN
ImmunologyResponseEvaluator,validateUserPermissions,2022-11-04,1,Cocos (Keeling) Islands,MUS
InfectiousDiseaseMapper,validateUserPermissions,2022-02-09,2,Brazil,PRT
ObstetricsLaborTracker,initializeSystemDiagnostics,2024-03-28,2,Namibia,PER
SubstanceAbuseCounselor,cleanTemporaryFiles,2023-08-27,2,Ireland,AIA
VaccineAdministrationLog,generateEncryptionKeys,2023-02-20,2,Iceland,GIB
GeneticDisorderExplorer,trackApplicationDependencies,2023-04-11,1,Réunion,STP
AllergyReactionTracker,restoreArchivedData,2024-08-16,1,Anguilla,IRN
ImmunologyResponseEvaluator,manageResourceAllocation,2022-05-18,1,Saint Martin (French part),HTI
PainManagementAdvisor,analyzeServerPerformance,2023-08-06,2,Panama,JPN
OncologyTreatmentOptimizer,auditSecurityCompliance,2023-10-24,2,Luxembourg,TLS
PatientEngagementHub,reportSystemHealthStatus,2024-04-12,1,Martinique,TTO
EmergencyResponseCoordinator,scheduleSystemBackups,2022-07-14,1,Dominica,BRB
AllergyReactionTracker,optimizeDatabaseQueries,2023-01-08,1,Bahrain,SDN
ENTProcedureGuide,monitorNetworkLatency,2023-08-10,2,Tuvalu,DMA
HematologyAnalyzer,calculateOptimalPathways,2023-06-09,2,Norfolk Island,GIB
GeneticDisorderExplorer,cleanTemporaryFiles,2024-05-08,2,Somalia,MAC
HealthcareComplianceMonitor,monitorNetworkLatency,2023-06-18,1,Ghana,FRO
OphthalmologyVisionAnalyzer,updateFirmwareVersions,2023-03-27,1,Cayman Islands,GIB
DentalHealthProfiler,sendFunctionCountToServer,2023-01-20,2,Nicaragua,ASM
HospitalRoomAllocationSystem,calculateOptimalPathways,2023-08-05,1,Moldova,NAM
PainManagementAdvisor,deploySoftwareUpdates,2023-07-23,1,Iran,ZWE
MedicalResearchDatabase,validateUserPermissions,2024-01-25,1,Bosnia and Herzegovina,ZAF
TelemedicineConsultationPortal,onGenerateFibulaPlanesTimerTimeout,2022-02-08,1,Nepal,SGP
AmbulanceDispatchSystem,updateFirmwareVersions,2024-07-13,2,Guyana,TKL
OrthopedicProcedureSimulator,auditSecurityCompliance,2022-06-28,1,Guernsey,TJK
DentalHealthProfiler,reportSystemHealthStatus,2024-07-18,2,Bulgaria,MOZ
MedicalResearchDatabase,analyzeServerPerformance,2023-06-19,1,Martinique,MLI
DermatologyTreatmentPlanner,generateEncryptionKeys,2023-11-03,2,Northern Mariana Islands,TLS
MedicalResearchDatabase,initializeSystemDiagnostics,2022-05-28,1,Nicaragua,BMU
MedicalBillingAndCoding,restoreArchivedData,2023-04-21,2,French Southern Territories,MLT
ImmunologyResponseEvaluator,generateEncryptionKeys,2024-03-08,2,Peru,NOR
EmergencyResponseCoordinator,monitorNetworkLatency,2022-08-19,2,Mali,SUR
MentalHealthTherapyAssistant,sendFunctionCountToServer,2024-01-19,1,Tanzania,ROU
ObstetricsLaborTracker,scheduleSystemBackups,2024-03-13,2,Bhutan,SYR
ImmunologyResponseEvaluator,verifyDataIntegrity,2023-10-12,2,Ukraine,CUB
InfectiousDiseaseMapper,manageResourceAllocation,2022-10-23,1,Iceland,PAK
GeriatricCarePlanner,cleanTemporaryFiles,2022-02-08,1,Saint Vincent and the Grenadines,ARM
OphthalmologyVisionAnalyzer,validateUserPermissions,2023-09-15,2,Sudan,IRQ
AmbulanceDispatchSystem,reportSystemHealthStatus,2024-12-11,2,Viet Nam,TCA
EndocrineHealthMonitor,scheduleSystemBackups,2023-07-13,2,Pakistan,LKA
DiabetesCareManager,scheduleSystemBackups,2024-01-06,2,Singapore,MDA
SubstanceAbuseCounselor,makeBooleanOperationsToFibulaSurgicalGuideBase,2023-02-17,1,Mauritius,SUR
MedicalBillingAndCoding,archiveOldLogFiles,2024-11-09,2,Latvia,EST
PainManagementAdvisor,scheduleSystemBackups,2024-01-23,1,Uganda,HRV
GeriatricCarePlanner,cleanTemporaryFiles,2022-05-01,2,Dominican Republic,MNG
HealthcarePolicyLibrary,generateEncryptionKeys,2023-12-21,2,Bhutan,IND
DermatologyTreatmentPlanner,cleanTemporaryFiles,2024-12-06,2,Bermuda,BES
GeneticDisorderExplorer,verifyDataIntegrity,2022-04-07,2,Paraguay,AUS
MedicalBillingAndCoding,manageResourceAllocation,2022-03-21,1,Egypt,LVA
HematologyAnalyzer,makeBooleanOperationsToFibulaSurgicalGuideBase,2024-07-17,2,Turkmenistan,GNQ
DermatologyTreatmentPlanner,auditSecurityCompliance,2022-10-30,2,South Africa,MDG
OrthopedicProcedureSimulator,optimizeDatabaseQueries,2022-01-04,1,Heard Island and McDonald Islands,THA
GastrointestinalTracker,auditSecurityCompliance,2023-02-05,1,Gabon,AUS
HealthcarePolicyLibrary,trackApplicationDependencies,2024-03-09,2,Italy,LAO
DiabetesCareManager,updateFirmwareVersions,2024-02-11,1,Wallis and Futuna,YEM
DentalHealthProfiler,calculateOptimalPathways,2023-01-21,2,Timor-Leste,SAU
InfectiousDiseaseMapper,verifyDataIntegrity,2022-08-27,1,Albania,GRC
PatientEngagementHub,scheduleSystemBackups,2023-11-01,2,Chad,HUN
OphthalmologyVisionAnalyzer,reportSystemHealthStatus,2023-04-17,2,Romania,CUW
ClinicalTrialManager,sendFunctionCountToServer,2024-03-17,2,Cayman Islands,COD
PulmonaryFunctionTester,validateUserPermissions,2022-01-15,1,Norfolk Island,TON
ClinicalTrialManager,analyzeServerPerformance,2023-08-31,1,Saint Pierre and Miquelon,YEM
FertilityAndIVFHelper,analyzeServerPerformance,2023-11-10,1,United Arab Emirates,FIN
PharmacyInventoryManager,monitorNetworkLatency,2022-04-13,2,Marshall Islands,PYF
OphthalmologyVisionAnalyzer,configureVirtualMachines,2024-01-09,2,Greece,LBR
ClinicalTrialManager,cleanTemporaryFiles,2022-08-11,2,Jordan,GHA
PatientEngagementHub,generateEncryptionKeys,2022-10-25,2,Austria,MAC
HealthcareComplianceMonitor,manageResourceAllocation,2023-07-22,2,Holy See,ARG
InfectiousDiseaseMapper,verifyDataIntegrity,2023-04-07,2,Tokelau,ECU
FertilityAndIVFHelper,cleanTemporaryFiles,2024-03-30,2,Canada,CHL
OphthalmologyVisionAnalyzer,monitorNetworkLatency,2022-09-11,1,Congo,MLT
SurgicalInstrumentTracker,validateUserPermissions,2022-03-05,1,Slovakia,IRN
HealthcareComplianceMonitor,reportSystemHealthStatus,2022-07-10,2,Curaçao,LKA
MentalHealthTherapyAssistant,configureVirtualMachines,2022-05-30,2,Bosnia and Herzegovina,GNB
SubstanceAbuseCounselor,onGenerateFibulaPlanesTimerTimeout,2023-09-01,2,Mauritius,FLK
SportsInjuryPreventor,deploySoftwareUpdates,2024-12-21,2,Kazakhstan,RUS
NeurosurgeryNavigationSystem,onGenerateFibulaPlanesTimerTimeout,2022-09-29,2,Belize,SYR
NeuralNetworkDiagnostics,auditSecurityCompliance,2022-03-06,2,Palau,WSM
ClinicalTrialManager,reportSystemHealthStatus,2024-10-02,1,Costa Rica,HTI
VaccineAdministrationLog,updateFirmwareVersions,2023-11-20,1,Guadeloupe,MNE
HealthcareComplianceMonitor,restoreArchivedData,2023-06-28,1,Kenya,BDI
MedicalResearchDatabase,simulateLoadBalancing,2022-07-04,2,Belize,GBR
MentalHealthTherapyAssistant,deploySoftwareUpdates,2024-10-26,2,Moldova,SOM
NeuralNetworkDiagnostics,configureVirtualMachines,2022-08-03,1,China,CPV
UrologyManagementSystem,makeBooleanOperationsToFibulaSurgicalGuideBase,2024-05-30,2,Bahamas,KNA
AllergyReactionTracker,validateUserPermissions,2024-09-11,1,United Kingdom,TTO
EmergencyResponseCoordinator,generateEncryptionKeys,2024-01-02,2,Saint Helena,KAZ
MedicalResearchDatabase,simulateLoadBalancing,2022-01-01,2,Virgin Islands (U.S.),ISR
AmbulanceDispatchSystem,manageResourceAllocation,2023-02-21,2,Norway,LAO
InfectiousDiseaseMapper,scheduleSystemBackups,2023-03-21,1,Denmark,RUS
EmergencyResponseCoordinator,restoreArchivedData,2022-02-28,2,Albania,BHS
OphthalmologyVisionAnalyzer,sendFunctionCountToServer,2022-04-28,2,Kenya,MOZ
GeneticDisorderExplorer,configureVirtualMachines,2023-09-06,2,Saint Lucia,CHN
VaccineAdministrationLog,generateEncryptionKeys,2024-07-26,2,Cameroon,POL
BloodPressureRegulator,cleanTemporaryFiles,2024-10-29,1,Armenia,SVN
AmbulanceDispatchSystem,reportSystemHealthStatus,2023-06-30,2,Spain,TTO
InfectiousDiseaseMapper,manageResourceAllocation,2024-07-12,1,Latvia,PNG
SurgicalInstrumentTracker,reportSystemHealthStatus,2023-04-04,2,Saint Helena,SDN
DermatologyTreatmentPlanner,auditSecurityCompliance,2022-12-08,1,South Sudan,AUT
MedicalEducationSimulator,archiveOldLogFiles,2024-02-02,2,Malta,PAN
BloodPressureRegulator,sendFunctionCountToServer,2024-05-16,2,France,PAN
NutritionAndDietPlanner,validateUserPermissions,2024-08-22,1,Mauritius,DEU
PulmonaryFunctionTester,makeBooleanOperationsToFibulaSurgicalGuideBase,2023-08-27,2,Macao,MCO
GastrointestinalTracker,analyzeServerPerformance,2023-08-15,2,Nicaragua,VUT
WoundCareToolkit,trackApplicationDependencies,2023-10-04,1,Greenland,WLF
EndocrineHealthMonitor,trackApplicationDependencies,2022-12-23,1,Tanzania,GUY
PatientFeedbackAnalyzer,manageResourceAllocation,2023-11-06,1,Slovenia,MSR
RehabilitationExercisePlanner,calculateOptimalPathways,2024-08-13,2,Egypt,TUV
PulmonaryFunctionTester,makeBooleanOperationsToFibulaSurgicalGuideBase,2023-10-22,2,Chile,MOZ
PharmacyInventoryManager,verifyDataIntegrity,2023-05-17,1,Lithuania,COD
VaccineAdministrationLog,trackApplicationDependencies,2023-12-27,1,Ethiopia,CCK
VaccineAdministrationLog,restoreArchivedData,2022-09-16,1,Macedonia,UMI
MedicalEducationSimulator,verifyDataIntegrity,2022-10-27,1,Sierra Leone,FLK
AmbulanceDispatchSystem,simulateLoadBalancing,2023-03-17,2,Equatorial Guinea,MDA
PharmacyInventoryManager,optimizeDatabaseQueries,2022-09-27,1,Canada,AUT
PatientEngagementHub,trackApplicationDependencies,2022-08-14,2,Philippines,LTU
HealthcareComplianceMonitor,calculateOptimalPathways,2022-11-22,1,Moldova,GBR
PediatricCareAssistant,configureVirtualMachines,2022-01-08,1,Belarus,HUN
HospitalRoomAllocationSystem,onGenerateFibulaPlanesTimerTimeout,2023-07-25,2,Namibia,SWE
UrologyManagementSystem,monitorNetworkLatency,2024-09-23,2,Aruba,BTN
MedicalWasteManagement,onGenerateFibulaPlanesTimerTimeout,2023-03-02,2,Morocco,FRA
HematologyAnalyzer,makeBooleanOperationsToFibulaSurgicalGuideBase,2023-03-22,1,Georgia,PLW
DermatologyTreatmentPlanner,updateFirmwareVersions,2024-02-17,1,Guinea-Bissau,SJM
MedicalBillingAndCoding,validateUserPermissions,2024-11-19,1,American Samoa,AUT
OncologyTreatmentOptimizer,sendFunctionCountToServer,2024-10-17,1,South Sudan,KNA
ENTProcedureGuide,generateEncryptionKeys,2024-03-14,2,Isle of Man,KGZ
MedicalBillingAndCoding,analyzeServerPerformance,2024-10-02,1,Uruguay,ALB
CardiovascularAssessmentTool,configureVirtualMachines,2022-06-20,1,Chile,MLT
SleepDisorderAnalyzer,scheduleSystemBackups,2024-01-30,2,Croatia,AZE
OncologyTreatmentOptimizer,configureVirtualMachines,2023-06-10,2,Gabon,WSM
EmergencyResponseCoordinator,calculateOptimalPathways,2023-03-28,2,Cameroon,VUT
MedicalEducationSimulator,onGenerateFibulaPlanesTimerTimeout,2024-10-24,1,Burkina Faso,MHL
DiabetesCareManager,makeBooleanOperationsToFibulaSurgicalGuideBase,2022-06-15,2,Ukraine,PNG
NeuralNetworkDiagnostics,updateFirmwareVersions,2024-10-15,2,Samoa,BEN
RehabilitationExercisePlanner,auditSecurityCompliance,2024-11-05,1,Mali,SSD
ENTProcedureGuide,simulateLoadBalancing,2022-01-31,1,Uruguay,TUN
HealthcareComplianceMonitor,optimizeDatabaseQueries,2024-07-16,2,Qatar,VUT
PatientEngagementHub,updateFirmwareVersions,2023-03-09,1,Viet Nam,SHN
SubstanceAbuseCounselor,restoreArchivedData,2024-01-24,2,Slovenia,SRB
WoundCareToolkit,simulateLoadBalancing,2023-01-17,1,Costa Rica,IRL
FitnessAndWellnessGuide,optimizeDatabaseQueries,2024-06-06,1,Hungary,BLZ
FertilityAndIVFHelper,verifyDataIntegrity,2023-12-05,1,Liechtenstein,WLF
MedicalEducationSimulator,manageResourceAllocation,2022-05-10,1,Saint Vincent and the Grenadines,AIA
RehabilitationExercisePlanner,manageResourceAllocation,2022-06-09,1,French Guiana,OMN
WoundCareToolkit,archiveOldLogFiles,2023-10-23,2,"Taiwan, Province of China",MYS
GeneticDisorderExplorer,reportSystemHealthStatus,2023-02-06,2,Suriname,URY
FertilityAndIVFHelper,sendFunctionCountToServer,2023-06-19,2,Solomon Islands,MHL
HealthcarePolicyLibrary,verifyDataIntegrity,2022-07-17,1,Saint Pierre and Miquelon,USA
GeriatricCarePlanner,manageResourceAllocation,2022-09-18,1,Dominican Republic,COD
PatientEngagementHub,updateFirmwareVersions,2022-05-13,1,Oman,UKR
AllergyReactionTracker,manageResourceAllocation,2024-04-27,2,Guinea-Bissau,SGP
HealthcareComplianceMonitor,optimizeDatabaseQueries,2022-07-01,2,Costa Rica,GMB
BloodPressureRegulator,reportSystemHealthStatus,2024-11-11,2,San Marino,NPL
RehabilitationExercisePlanner,generateEncryptionKeys,2023-10-29,2,Virgin Islands (U.S.),RWA
MedicalEducationSimulator,auditSecurityCompliance,2023-07-19,2,Myanmar,ETH
ClinicalTrialManager,analyzeServerPerformance,2024-04-05,2,Yemen,GBR
SubstanceAbuseCounselor,makeBooleanOperationsToFibulaSurgicalGuideBase,2023-06-18,1,Saint Barthélemy,MTQ
ObstetricsLaborTracker,cleanTemporaryFiles,2023-12-22,1,Bahrain,PYF
MentalHealthTherapyAssistant,auditSecurityCompliance,2023-08-07,2,Saint Pierre and Miquelon,NGA
CardiovascularAssessmentTool,monitorNetworkLatency,2022-06-29,2,San Marino,BHS
InfectiousDiseaseMapper,validateUserPermissions,2022-05-11,2,Timor-Leste,VCT
MedicalResearchDatabase,auditSecurityCompliance,2022-10-05,1,Mongolia,ITA
EndocrineHealthMonitor,verifyDataIntegrity,2024-09-20,1,Liechtenstein,LIE
MentalHealthTherapyAssistant,reportSystemHealthStatus,2022-09-20,1,Colombia,GHA
NutritionAndDietPlanner,restoreArchivedData,2024-03-14,2,Grenada,MHL
NutritionAndDietPlanner,cleanTemporaryFiles,2024-04-10,1,Nigeria,PRT
GeriatricCarePlanner,deploySoftwareUpdates,2023-02-16,2,Burundi,BVT
PharmacyInventoryManager,analyzeServerPerformance,2022-03-20,2,El Salvador,FJI
MedicalBillingAndCoding,sendFunctionCountToServer,2022-11-20,2,Dominica,MCO
HospitalRoomAllocationSystem,sendFunctionCountToServer,2023-06-01,1,French Southern Territories,BEN
HospitalRoomAllocationSystem,makeBooleanOperationsToFibulaSurgicalGuideBase,2022-04-05,1,Madagascar,BTN
MedicalResearchDatabase,calculateOptimalPathways,2023-03-10,2,Saint Helena,CYP
UrologyManagementSystem,restoreArchivedData,2024-04-24,2,American Samoa,HUN
PediatricCareAssistant,monitorNetworkLatency,2024-09-17,2,South Korea,CHN
AmbulanceDispatchSystem,trackApplicationDependencies,2024-04-18,2,Christmas Island,AND
UrologyManagementSystem,manageResourceAllocation,2024-09-05,2,Andorra,SLB
SurgicalInstrumentTracker,archiveOldLogFiles,2022-12-21,1,Tuvalu,GGY
SubstanceAbuseCounselor,initializeSystemDiagnostics,2022-02-05,1,Pitcairn,KAZ
BloodPressureRegulator,analyzeServerPerformance,2022-03-21,2,Netherlands,PAK
EndocrineHealthMonitor,validateUserPermissions,2023-02-26,1,Nepal,MMR
CardiovascularAssessmentTool,makeBooleanOperationsToFibulaSurgicalGuideBase,2022-12-06,1,Guatemala,KWT
SubstanceAbuseCounselor,monitorNetworkLatency,2022-10-19,1,Curaçao,GRD
PediatricCareAssistant,manageResourceAllocation,2022-01-20,2,Guam,NIC
NeuralNetworkDiagnostics,updateFirmwareVersions,2023-04-14,1,Congo,BRA
AllergyReactionTracker,calculateOptimalPathways,2023-06-12,1,Norway,DNK
GeneticDisorderExplorer,generateEncryptionKeys,2023-08-15,1,Djibouti,GUM
MedicalResearchDatabase,verifyDataIntegrity,2024-03-23,1,Hungary,ECU
MedicalWasteManagement,auditSecurityCompliance,2024-07-18,1,Isle of Man,ASM
HealthcarePolicyLibrary,restoreArchivedData,2024-07-14,1,Cuba,BLR
AllergyReactionTracker,optimizeDatabaseQueries,2024-10-23,1,Sudan,JAM
HealthcareComplianceMonitor,monitorNetworkLatency,2024-08-31,2,Central African Republic,FIN
UrologyManagementSystem,reportSystemHealthStatus,2022-04-29,2,Réunion,JOR
SubstanceAbuseCounselor,validateUserPermissions,2023-06-22,2,French Polynesia,BRN
PulmonaryFunctionTester,manageResourceAllocation,2024-12-30,1,Jamaica,MYS
PatientEngagementHub,auditSecurityCompliance,2024-10-15,2,Sri Lanka,BFA
HealthcarePolicyLibrary,auditSecurityCompliance,2023-04-14,2,Sudan,MAR
MedicalResearchDatabase,deploySoftwareUpdates,2022-09-13,2,Palau,CRI
DermatologyTreatmentPlanner,cleanTemporaryFiles,2024-02-23,2,Guyana,SEN
NutritionAndDietPlanner,simulateLoadBalancing,2023-11-22,1,Isle of Man,RWA
DiabetesCareManager,calculateOptimalPathways,2024-08-02,1,Czech Republic,SMR
HematologyAnalyzer,trackApplicationDependencies,2023-11-05,2,Bangladesh,DOM
MedicalBillingAndCoding,manageResourceAllocation,2024-08-20,2,Bouvet Island,BRA
ClinicalTrialManager,deploySoftwareUpdates,2022-01-24,1,Turks and Caicos Islands,FIN
OrthopedicProcedureSimulator,auditSecurityCompliance,2024-02-12,2,Anguilla,ASM
HealthcareComplianceMonitor,verifyDataIntegrity,2022-11-10,1,Myanmar,GUM
SubstanceAbuseCounselor,makeBooleanOperationsToFibulaSurgicalGuideBase,2023-08-10,1,Gambia,COK
ClinicalTrialManager,cleanTemporaryFiles,2022-01-04,2,Bulgaria,DZA
CardiovascularAssessmentTool,auditSecurityCompliance,2024-10-29,1,Samoa,WSM
OphthalmologyVisionAnalyzer,restoreArchivedData,2023-11-22,1,Honduras,NLD
HospitalRoomAllocationSystem,simulateLoadBalancing,2023-11-21,2,Japan,BIH
RehabilitationExercisePlanner,optimizeDatabaseQueries,2023-07-22,1,Svalbard and Jan Mayen,SJM
GeriatricCarePlanner,calculateOptimalPathways,2023-05-07,2,Kiribati,DMA
PatientEngagementHub,analyzeServerPerformance,2024-05-07,1,United Kingdom,MAF
TelemedicineConsultationPortal,onGenerateFibulaPlanesTimerTimeout,2022-09-28,2,Christmas Island,ISL
PediatricCareAssistant,makeBooleanOperationsToFibulaSurgicalGuideBase,2022-07-05,2,Georgia,COK
BloodPressureRegulator,monitorNetworkLatency,2024-01-27,1,Mauritius,PRT
TelemedicineConsultationPortal,optimizeDatabaseQueries,2023-03-12,1,Morocco,GIB
PediatricCareAssistant,auditSecurityCompliance,2024-10-31,2,Nepal,OMN
SleepDisorderAnalyzer,optimizeDatabaseQueries,2022-04-01,2,Turkmenistan,CMR
NeuralNetworkDiagnostics,reportSystemHealthStatus,2024-04-06,2,Somalia,ZWE
RadiologyImagingCenter,archiveOldLogFiles,2022-08-20,1,Qatar,GRL
PediatricCareAssistant,validateUserPermissions,2024-12-30,2,Tunisia,ROU
FertilityAndIVFHelper,updateFirmwareVersions,2023-10-20,1,Suriname,LKA
FertilityAndIVFHelper,analyzeServerPerformance,2024-03-25,2,New Caledonia,PHL
OncologyTreatmentOptimizer,auditSecurityCompliance,2022-11-21,2,Chile,BGD
HealthcareComplianceMonitor,verifyDataIntegrity,2023-03-25,2,Italy,VNM
EmergencyResponseCoordinator,verifyDataIntegrity,2023-07-17,2,Falkland Islands (Malvinas),SYR
HealthcarePolicyLibrary,generateEncryptionKeys,2023-03-23,2,Russian Federation,MSR
NutritionAndDietPlanner,validateUserPermissions,2024-10-24,2,Norfolk Island,HUN
PatientFeedbackAnalyzer,cleanTemporaryFiles,2023-10-03,2,Western Sahara,ATF
SleepDisorderAnalyzer,configureVirtualMachines,2023-01-18,2,Bahamas,IMN
VaccineAdministrationLog,initializeSystemDiagnostics,2024-07-11,2,Suriname,GUF
RadiologyImagingCenter,scheduleSystemBackups,2022-03-28,2,French Southern Territories,COK
OncologyTreatmentOptimizer,sendFunctionCountToServer,2023-06-11,1,French Guiana,CPV
OncologyTreatmentOptimizer,manageResourceAllocation,2023-12-07,2,American Samoa,NAM
PharmacyInventoryManager,auditSecurityCompliance,2023-06-25,2,Kazakhstan,PHL
NeurosurgeryNavigationSystem,trackApplicationDependencies,2023-07-15,1,French Southern Territories,NCL
PulmonaryFunctionTester,auditSecurityCompliance,2024-02-25,1,Switzerland,UKR
EndocrineHealthMonitor,simulateLoadBalancing,2022-11-19,1,Slovakia,TZA
SleepDisorderAnalyzer,sendFunctionCountToServer,2023-02-21,1,Norway,DNK
NeurosurgeryNavigationSystem,onGenerateFibulaPlanesTimerTimeout,2024-04-07,2,Mauritius,SYC
MedicalWasteManagement,restoreArchivedData,2022-04-27,1,Jersey,EGY
FertilityAndIVFHelper,restoreArchivedData,2024-12-05,1,"Palestine, State of",TCD
WoundCareToolkit,validateUserPermissions,2024-03-03,1,Turkmenistan,GRC
MedicalEducationSimulator,auditSecurityCompliance,2022-05-10,2,United Kingdom,LBY
GeriatricCarePlanner,monitorNetworkLatency,2023-07-15,1,Mauritius,CYP
GeneticDisorderExplorer,initializeSystemDiagnostics,2022-03-25,2,Bhutan,SYC
WoundCareToolkit,reportSystemHealthStatus,2023-10-08,2,Cook Islands,BRA
MentalHealthTherapyAssistant,restoreArchivedData,2023-07-13,1,Ecuador,COK
FertilityAndIVFHelper,deploySoftwareUpdates,2022-03-21,2,Sudan,PNG
HealthcareComplianceMonitor,monitorNetworkLatency,2024-12-13,2,Saint Helena,ETH
OrthopedicProcedureSimulator,deploySoftwareUpdates,2023-06-13,2,Thailand,CCK
NeuralNetworkDiagnostics,simulateLoadBalancing,2023-09-05,1,Trinidad and Tobago,GBR
PharmacyInventoryManager,archiveOldLogFiles,2024-05-18,2,Mexico,GNQ
CardiovascularAssessmentTool,monitorNetworkLatency,2022-06-14,1,Madagascar,KWT
HematologyAnalyzer,simulateLoadBalancing,2022-04-22,2,Saudi Arabia,ZWE
MedicalWasteManagement,sendFunctionCountToServer,2024-04-20,2,United States,ATA
OncologyTreatmentOptimizer,calculateOptimalPathways,2022-04-21,2,Suriname,DJI
DiabetesCareManager,monitorNetworkLatency,2022-03-05,2,Sri Lanka,ISR
UrologyManagementSystem,makeBooleanOperationsToFibulaSurgicalGuideBase,2022-01-20,1,Uruguay,KHM
PatientFeedbackAnalyzer,calculateOptimalPathways,2023-01-25,1,Bolivia,NAM
DiabetesCareManager,trackApplicationDependencies,2024-08-25,1,Brazil,COK
FitnessAndWellnessGuide,trackApplicationDependencies,2023-06-21,1,Niue,BGR
SportsInjuryPreventor,configureVirtualMachines,2024-09-11,2,Australia,JEY
OncologyTreatmentOptimizer,simulateLoadBalancing,2024-05-26,1,United States Minor Outlying Islands,PRY
PediatricCareAssistant,deploySoftwareUpdates,2023-04-16,2,Armenia,DJI
EmergencyResponseCoordinator,simulateLoadBalancing,2022-07-24,1,Côte d'Ivoire,LCA
GeneticDisorderExplorer,archiveOldLogFiles,2022-08-12,2,Kazakhstan,ARM
PainManagementAdvisor,sendFunctionCountToServer,2023-11-29,2,Afghanistan,BGR
OncologyTreatmentOptimizer,calculateOptimalPathways,2024-04-12,2,Sao Tome and Principe,GNQ
InfectiousDiseaseMapper,makeBooleanOperationsToFibulaSurgicalGuideBase,2022-06-29,2,Liechtenstein,ETH
EmergencyResponseCoordinator,monitorNetworkLatency,2024-02-26,1,Åland Islands,NOR
SubstanceAbuseCounselor,reportSystemHealthStatus,2023-07-08,1,Sudan,CHE
SleepDisorderAnalyzer,updateFirmwareVersions,2022-06-01,1,Burundi,UKR
CardiovascularAssessmentTool,sendFunctionCountToServer,2024-07-21,2,Benin,BHR
ObstetricsLaborTracker,deploySoftwareUpdates,2023-04-08,2,Georgia,UGA
HematologyAnalyzer,monitorNetworkLatency,2022-01-30,1,Peru,GHA
TelemedicineConsultationPortal,generateEncryptionKeys,2022-12-14,1,Maldives,IRL
PainManagementAdvisor,verifyDataIntegrity,2023-05-21,1,Gabon,SLV
SleepDisorderAnalyzer,cleanTemporaryFiles,2024-03-29,1,Burundi,NOR
SubstanceAbuseCounselor,validateUserPermissions,2023-12-26,2,Timor-Leste,DNK
SubstanceAbuseCounselor,generateEncryptionKeys,2022-01-09,2,Finland,PRK
MedicalBillingAndCoding,restoreArchivedData,2023-03-11,1,Japan,ITA
InfectiousDiseaseMapper,auditSecurityCompliance,2022-03-19,1,Mali,JAM
OphthalmologyVisionAnalyzer,cleanTemporaryFiles,2023-12-27,2,Tokelau,KIR
DentalHealthProfiler,simulateLoadBalancing,2022-10-06,1,Bahrain,PLW
SurgicalInstrumentTracker,optimizeDatabaseQueries,2023-07-12,1,Isle of Man,BRA
GastrointestinalTracker,archiveOldLogFiles,2022-10-10,1,Peru,JPN
HealthcarePolicyLibrary,sendFunctionCountToServer,2023-08-21,1,Holy See,VCT
TelemedicineConsultationPortal,onGenerateFibulaPlanesTimerTimeout,2024-06-04,1,French Southern Territories,BMU
MedicalResearchDatabase,scheduleSystemBackups,2024-07-12,2,Peru,CRI
RehabilitationExercisePlanner,onGenerateFibulaPlanesTimerTimeout,2022-05-22,1,Eritrea,NAM
AllergyReactionTracker,analyzeServerPerformance,2024-04-14,2,Lao People's Democratic Republic,COL
TelemedicineConsultationPortal,trackApplicationDependencies,2024-09-03,1,Russian Federation,VCT
DentalHealthProfiler,calculateOptimalPathways,2024-12-25,1,Angola,FJI
MedicalBillingAndCoding,initializeSystemDiagnostics,2023-04-03,1,Cambodia,HRV
AllergyReactionTracker,reportSystemHealthStatus,2022-10-07,1,Mozambique,ZMB
PediatricCareAssistant,restoreArchivedData,2024-12-17,2,South Africa,NFK
FertilityAndIVFHelper,cleanTemporaryFiles,2024-09-14,2,Burkina Faso,KWT
ObstetricsLaborTracker,archiveOldLogFiles,2022-10-01,1,Uzbekistan,NGA
ENTProcedureGuide,updateFirmwareVersions,2022-01-31,1,French Guiana,GLP
DermatologyTreatmentPlanner,restoreArchivedData,2022-08-07,1,Ethiopia,CZE
DiabetesCareManager,onGenerateFibulaPlanesTimerTimeout,2022-03-06,1,Panama,MLT
MentalHealthTherapyAssistant,configureVirtualMachines,2023-03-31,2,Afghanistan,PAN
ENTProcedureGuide,analyzeServerPerformance,2024-08-29,2,Bosnia and Herzegovina,MLI
SportsInjuryPreventor,onGenerateFibulaPlanesTimerTimeout,2022-04-05,1,Bahrain,ARE
PulmonaryFunctionTester,onGenerateFibulaPlanesTimerTimeout,2024-06-29,2,New Zealand,SWE
MedicalWasteManagement,generateEncryptionKeys,2024-07-09,1,Saudi Arabia,TWN
NeuralNetworkDiagnostics,cleanTemporaryFiles,2024-03-04,2,Lao People's Democratic Republic,DJI
EmergencyResponseCoordinator,verifyDataIntegrity,2024-03-19,1,Central African Republic,CXR
OncologyTreatmentOptimizer,restoreArchivedData,2022-02-18,2,Guadeloupe,TUR
RadiologyImagingCenter,trackApplicationDependencies,2023-10-23,2,Iraq,TKM
MedicalBillingAndCoding,cleanTemporaryFiles,2024-04-11,1,Qatar,TUN
OphthalmologyVisionAnalyzer,onGenerateFibulaPlanesTimerTimeout,2023-08-29,2,United Arab Emirates,BMU
MedicalResearchDatabase,optimizeDatabaseQueries,2022-05-20,1,Cyprus,ATA
RehabilitationExercisePlanner,scheduleSystemBackups,2023-10-04,1,Mali,KWT
AllergyReactionTracker,archiveOldLogFiles,2023-12-03,1,Bouvet Island,PER
DentalHealthProfiler,configureVirtualMachines,2023-10-14,2,South Sudan,TJK
PediatricCareAssistant,optimizeDatabaseQueries,2024-03-16,2,Barbados,IND
GeriatricCarePlanner,restoreArchivedData,2022-11-10,1,Congo,IOT
SportsInjuryPreventor,monitorNetworkLatency,2023-12-19,1,Chad,SAU
RehabilitationExercisePlanner,updateFirmwareVersions,2024-09-12,1,Mauritania,MNE
MedicalWasteManagement,cleanTemporaryFiles,2024-08-24,2,Egypt,MYT
CardiovascularAssessmentTool,deploySoftwareUpdates,2022-02-14,1,Uzbekistan,COG
WoundCareToolkit,scheduleSystemBackups,2023-12-07,2,Virgin Islands (British),HTI
TelemedicineConsultationPortal,initializeSystemDiagnostics,2023-03-22,1,China,PRI
VaccineAdministrationLog,trackApplicationDependencies,2023-08-15,2,Japan,JOR
NeuralNetworkDiagnostics,archiveOldLogFiles,2022-12-26,2,Greece,MAF
SurgicalInstrumentTracker,trackApplicationDependencies,2022-11-07,1,French Southern Territories,MAF
NeuralNetworkDiagnostics,calculateOptimalPathways,2022-05-23,2,Comoros,BES
VaccineAdministrationLog,manageResourceAllocation,2023-05-13,1,Serbia,TON
PharmacyInventoryManager,trackApplicationDependencies,2022-06-26,2,Sweden,MYS
PainManagementAdvisor,auditSecurityCompliance,2024-09-12,2,Chad,LBY
GeneticDisorderExplorer,verifyDataIntegrity,2022-01-18,1,United States,CAN
InfectiousDiseaseMapper,monitorNetworkLatency,2022-12-09,1,Haiti,JAM
HealthcareComplianceMonitor,manageResourceAllocation,2023-02-27,1,Micronesia,PRK
NutritionAndDietPlanner,initializeSystemDiagnostics,2022-05-17,1,Côte d'Ivoire,UMI
HospitalRoomAllocationSystem,cleanTemporaryFiles,2024-12-01,1,Haiti,MYT
WoundCareToolkit,updateFirmwareVersions,2024-08-25,2,Turkmenistan,MNP
ImmunologyResponseEvaluator,analyzeServerPerformance,2023-09-28,1,Azerbaijan,ROU
EmergencyResponseCoordinator,optimizeDatabaseQueries,2024-01-10,1,Virgin Islands (U.S.),MLT
EndocrineHealthMonitor,validateUserPermissions,2024-03-24,1,Trinidad and Tobago,GLP
PainManagementAdvisor,manageResourceAllocation,2022-09-28,1,"Palestine, State of",GRD
HospitalRoomAllocationSystem,configureVirtualMachines,2022-08-06,1,Zambia,BEL
SleepDisorderAnalyzer,generateEncryptionKeys,2024-09-06,2,Gambia,SVN
PatientEngagementHub,scheduleSystemBackups,2024-12-13,2,Togo,GAB
HealthcarePolicyLibrary,calculateOptimalPathways,2024-01-24,1,South Korea,RUS
PulmonaryFunctionTester,restoreArchivedData,2022-10-03,2,Sierra Leone,USA
RadiologyImagingCenter,monitorNetworkLatency,2023-03-12,2,Slovenia,TKM
HospitalRoomAllocationSystem,restoreArchivedData,2023-10-12,2,Bermuda,SDN
ClinicalTrialManager,analyzeServerPerformance,2023-03-02,2,Cambodia,ZAF
SportsInjuryPreventor,optimizeDatabaseQueries,2024-08-23,1,Grenada,AZE
HealthcareComplianceMonitor,analyzeServerPerformance,2023-10-01,1,Saint Pierre and Miquelon,DJI
OrthopedicProcedureSimulator,updateFirmwareVersions,2022-08-01,2,Marshall Islands,NER
HealthcareComplianceMonitor,optimizeDatabaseQueries,2022-01-14,1,Saint Vincent and the Grenadines,BVT
GeneticDisorderExplorer,makeBooleanOperationsToFibulaSurgicalGuideBase,2024-09-11,2,Bahrain,LAO
SubstanceAbuseCounselor,archiveOldLogFiles,2023-05-12,2,Norway,IDN
OncologyTreatmentOptimizer,sendFunctionCountToServer,2023-11-29,2,Egypt,NER
GeneticDisorderExplorer,verifyDataIntegrity,2024-12-28,2,Denmark,MDV
RehabilitationExercisePlanner,makeBooleanOperationsToFibulaSurgicalGuideBase,2023-11-19,2,Panama,JOR
HealthcarePolicyLibrary,manageResourceAllocation,2023-10-30,1,Portugal,REU
PatientEngagementHub,initializeSystemDiagnostics,2024-06-27,1,Qatar,COG
ENTProcedureGuide,onGenerateFibulaPlanesTimerTimeout,2023-07-15,1,Svalbard and Jan Mayen,BFA
PediatricCareAssistant,cleanTemporaryFiles,2024-05-16,2,Kyrgyzstan,COK
MentalHealthTherapyAssistant,initializeSystemDiagnostics,2022-06-28,1,Guinea-Bissau,CXR
AllergyReactionTracker,restoreArchivedData,2023-05-15,2,Finland,JOR
InfectiousDiseaseMapper,cleanTemporaryFiles,2023-01-20,2,Comoros,VAT
MedicalBillingAndCoding,simulateLoadBalancing,2023-10-27,2,Dominican Republic,CCK
GastrointestinalTracker,deploySoftwareUpdates,2024-12-25,2,Niue,KEN
CardiovascularAssessmentTool,generateEncryptionKeys,2023-07-25,2,Rwanda,ABW
WoundCareToolkit,makeBooleanOperationsToFibulaSurgicalGuideBase,2023-12-08,2,Iraq,UKR
MedicalResearchDatabase,sendFunctionCountToServer,2024-03-04,2,Cayman Islands,MNE
MedicalBillingAndCoding,auditSecurityCompliance,2022-10-12,1,Monaco,SVK
EndocrineHealthMonitor,makeBooleanOperationsToFibulaSurgicalGuideBase,2023-06-13,2,Honduras,BFA
MedicalEducationSimulator,optimizeDatabaseQueries,2022-04-16,2,Georgia,MMR
SubstanceAbuseCounselor,updateFirmwareVersions,2024-06-01,2,Central African Republic,ZMB
AmbulanceDispatchSystem,sendFunctionCountToServer,2022-01-31,1,Iraq,MNP
ImmunologyResponseEvaluator,restoreArchivedData,2023-09-09,1,Bulgaria,ISL
OrthopedicProcedureSimulator,archiveOldLogFiles,2023-07-26,2,Cayman Islands,BOL
InfectiousDiseaseMapper,validateUserPermissions,2022-04-28,1,South Africa,NCL
PulmonaryFunctionTester,trackApplicationDependencies,2022-12-22,1,Antigua and Barbuda,GAB
ImmunologyResponseEvaluator,archiveOldLogFiles,2024-03-02,1,Cuba,QAT
PainManagementAdvisor,deploySoftwareUpdates,2024-03-20,2,Ireland,TZA
PatientFeedbackAnalyzer,configureVirtualMachines,2023-05-04,1,Niger,HKG
SurgicalInstrumentTracker,monitorNetworkLatency,2023-09-09,1,China,WSM
DermatologyTreatmentPlanner,onGenerateFibulaPlanesTimerTimeout,2022-12-13,2,Falkland Islands (Malvinas),SLE
SleepDisorderAnalyzer,cleanTemporaryFiles,2024-05-05,1,Azerbaijan,GRL
ObstetricsLaborTracker,scheduleSystemBackups,2022-06-26,1,Botswana,PSE
EndocrineHealthMonitor,validateUserPermissions,2023-11-01,1,Dominica,SHN
MedicalWasteManagement,auditSecurityCompliance,2022-12-15,2,Ethiopia,AIA
OphthalmologyVisionAnalyzer,reportSystemHealthStatus,2023-05-26,1,Bulgaria,MNE
RehabilitationExercisePlanner,scheduleSystemBackups,2022-08-14,2,Jordan,PER
UrologyManagementSystem,monitorNetworkLatency,2023-09-27,2,Georgia,MLI
ObstetricsLaborTracker,makeBooleanOperationsToFibulaSurgicalGuideBase,2024-10-23,1,Swaziland,CZE
GeriatricCarePlanner,analyzeServerPerformance,2024-09-20,1,Antigua and Barbuda,SWZ
HealthcarePolicyLibrary,onGenerateFibulaPlanesTimerTimeout,2022-09-22,2,Mauritius,ATG
PainManagementAdvisor,onGenerateFibulaPlanesTimerTimeout,2024-02-04,2,Philippines,BGR
RehabilitationExercisePlanner,monitorNetworkLatency,2022-11-14,1,Nigeria,CYP
TelemedicineConsultationPortal,reportSystemHealthStatus,2022-03-04,2,Rwanda,HKG
OphthalmologyVisionAnalyzer,verifyDataIntegrity,2024-12-23,1,Puerto Rico,GLP
PulmonaryFunctionTester,configureVirtualMachines,2024-05-25,2,Belgium,GIN
ENTProcedureGuide,scheduleSystemBackups,2024-11-19,2,Kenya,ARG
NutritionAndDietPlanner,onGenerateFibulaPlanesTimerTimeout,2022-03-20,1,Chad,GIN
OrthopedicProcedureSimulator,updateFirmwareVersions,2023-08-06,1,Russian Federation,ATG
PatientFeedbackAnalyzer,deploySoftwareUpdates,2023-06-13,1,Barbados,GRL
EmergencyResponseCoordinator,reportSystemHealthStatus,2023-02-15,1,Brazil,PSE
MedicalEducationSimulator,deploySoftwareUpdates,2024-12-20,2,Chile,TON
DiabetesCareManager,reportSystemHealthStatus,2023-10-11,2,Bosnia and Herzegovina,BHS
WoundCareToolkit,simulateLoadBalancing,2024-11-06,2,Honduras,SLV
VaccineAdministrationLog,monitorNetworkLatency,2024-02-16,2,Sint Maarten (Dutch part),NGA
HealthcarePolicyLibrary,configureVirtualMachines,2024-08-14,2,North Korea,SMR
HealthcareComplianceMonitor,optimizeDatabaseQueries,2022-10-14,1,Saint Martin (French part),COG
PainManagementAdvisor,trackApplicationDependencies,2023-06-26,1,India,MYS
CardiovascularAssessmentTool,generateEncryptionKeys,2022-01-19,1,Northern Mariana Islands,PRT
AllergyReactionTracker,makeBooleanOperationsToFibulaSurgicalGuideBase,2022-08-10,2,Hungary,RUS
SportsInjuryPreventor,scheduleSystemBackups,2023-06-20,2,Kazakhstan,SPM
BloodPressureRegulator,configureVirtualMachines,2024-03-09,2,Somalia,MNG
VaccineAdministrationLog,optimizeDatabaseQueries,2022-06-16,1,Congo,IRN
MedicalBillingAndCoding,sendFunctionCountToServer,2023-09-24,1,United States Minor Outlying Islands,LBR
SubstanceAbuseCounselor,validateUserPermissions,2023-04-26,1,Chile,BMU
AmbulanceDispatchSystem,analyzeServerPerformance,2023-06-15,1,Myanmar,NCL
ImmunologyResponseEvaluator,updateFirmwareVersions,2024-10-08,2,Mauritania,ATG
AllergyReactionTracker,manageResourceAllocation,2024-10-03,1,Uruguay,ETH
RadiologyImagingCenter,auditSecurityCompliance,2023-08-17,1,Guam,NFK
NeuralNetworkDiagnostics,configureVirtualMachines,2024-10-14,2,Panama,NCL
FitnessAndWellnessGuide,onGenerateFibulaPlanesTimerTimeout,2023-09-27,2,Réunion,DJI
FertilityAndIVFHelper,sendFunctionCountToServer,2024-10-02,1,South Africa,PAN
UrologyManagementSystem,generateEncryptionKeys,2024-03-04,1,"Palestine, State of",UGA
RadiologyImagingCenter,verifyDataIntegrity,2022-08-01,2,Virgin Islands (U.S.),SLV
PharmacyInventoryManager,trackApplicationDependencies,2022-10-26,1,Angola,KWT
MedicalWasteManagement,reportSystemHealthStatus,2022-08-11,1,United Arab Emirates,BRA
PharmacyInventoryManager,configureVirtualMachines,2022-03-09,1,Curaçao,JAM
PediatricCareAssistant,archiveOldLogFiles,2022-11-19,2,Finland,BLR
OncologyTreatmentOptimizer,archiveOldLogFiles,2022-07-31,1,Rwanda,SYC
ClinicalTrialManager,restoreArchivedData,2023-04-22,1,Lebanon,THA
AllergyReactionTracker,simulateLoadBalancing,2022-05-06,2,United Kingdom,SJM
ImmunologyResponseEvaluator,deploySoftwareUpdates,2023-05-18,2,Bahamas,DZA
ImmunologyResponseEvaluator,validateUserPermissions,2022-11-07,1,Åland Islands,TUV
DentalHealthProfiler,manageResourceAllocation,2024-03-20,1,Lesotho,NZL
MedicalResearchDatabase,updateFirmwareVersions,2022-09-25,2,"Palestine, State of",PSE
RadiologyImagingCenter,reportSystemHealthStatus,2024-09-11,1,Sao Tome and Principe,NGA
OphthalmologyVisionAnalyzer,generateEncryptionKeys,2022-08-30,2,Suriname,PNG
DiabetesCareManager,configureVirtualMachines,2022-04-15,2,Madagascar,GUY
FitnessAndWellnessGuide,auditSecurityCompliance,2024-11-20,2,Finland,CRI
GastrointestinalTracker,monitorNetworkLatency,2023-05-28,1,Palau,NAM
SportsInjuryPreventor,monitorNetworkLatency,2023-04-03,2,Mozambique,LBY
FitnessAndWellnessGuide,simulateLoadBalancing,2024-04-14,1,Falkland Islands (Malvinas),ETH
PatientFeedbackAnalyzer,updateFirmwareVersions,2024-08-25,1,Saint Martin (French part),ATG
DermatologyTreatmentPlanner,optimizeDatabaseQueries,2022-12-12,2,Kiribati,SGS
VaccineAdministrationLog,makeBooleanOperationsToFibulaSurgicalGuideBase,2024-10-31,1,Monaco,UMI
NeurosurgeryNavigationSystem,validateUserPermissions,2022-11-29,2,Moldova,AND
PediatricCareAssistant,deploySoftwareUpdates,2024-06-10,2,Ireland,IRL
GeriatricCarePlanner,reportSystemHealthStatus,2023-01-05,2,Japan,BFA
GeriatricCarePlanner,configureVirtualMachines,2023-03-11,1,Western Sahara,TUV
DiabetesCareManager,onGenerateFibulaPlanesTimerTimeout,2024-08-29,1,Saint Lucia,TGO
SubstanceAbuseCounselor,auditSecurityCompliance,2024-07-09,2,Papua New Guinea,COG
FitnessAndWellnessGuide,deploySoftwareUpdates,2022-01-04,2,Portugal,IMN
PharmacyInventoryManager,auditSecurityCompliance,2024-09-07,2,French Guiana,IND
AmbulanceDispatchSystem,analyzeServerPerformance,2022-05-22,2,Montserrat,MSR
MedicalEducationSimulator,verifyDataIntegrity,2023-08-07,1,Micronesia,GHA
ObstetricsLaborTracker,archiveOldLogFiles,2023-10-22,1,Réunion,TLS
ImmunologyResponseEvaluator,makeBooleanOperationsToFibulaSurgicalGuideBase,2022-09-20,2,Serbia,TUR
InfectiousDiseaseMapper,reportSystemHealthStatus,2023-07-30,2,Guatemala,GNB
MedicalEducationSimulator,calculateOptimalPathways,2022-01-09,1,Pakistan,CXR
UrologyManagementSystem,onGenerateFibulaPlanesTimerTimeout,2023-01-22,2,Christmas Island,MAR
RehabilitationExercisePlanner,initializeSystemDiagnostics,2023-08-24,1,Qatar,AND
FertilityAndIVFHelper,generateEncryptionKeys,2023-09-28,1,Jamaica,OMN
NeurosurgeryNavigationSystem,updateFirmwareVersions,2024-08-04,2,Guyana,CMR
OphthalmologyVisionAnalyzer,updateFirmwareVersions,2023-10-10,1,Denmark,UZB
DiabetesCareManager,sendFunctionCountToServer,2024-10-18,1,Uganda,MSR
FitnessAndWellnessGuide,reportSystemHealthStatus,2024-01-12,2,Tajikistan,NER
MedicalResearchDatabase,reportSystemHealthStatus,2023-07-27,1,Iceland,ASM
AmbulanceDispatchSystem,scheduleSystemBackups,2022-11-12,2,El Salvador,AFG
RehabilitationExercisePlanner,auditSecurityCompliance,2022-09-10,2,Sint Maarten (Dutch part),STP
ClinicalTrialManager,analyzeServerPerformance,2022-01-15,2,Armenia,ZWE
DermatologyTreatmentPlanner,monitorNetworkLatency,2024-09-28,1,Israel,VUT
DiabetesCareManager,updateFirmwareVersions,2024-05-10,2,Cyprus,GNB
PatientEngagementHub,scheduleSystemBackups,2023-12-11,2,Ethiopia,MEX
TelemedicineConsultationPortal,reportSystemHealthStatus,2022-04-07,1,Sierra Leone,LBY
DermatologyTreatmentPlanner,validateUserPermissions,2024-01-25,2,Oman,MAR
ImmunologyResponseEvaluator,deploySoftwareUpdates,2024-08-29,2,Guernsey,YEM
NeurosurgeryNavigationSystem,configureVirtualMachines,2022-08-10,2,Vanuatu,COM
HealthcarePolicyLibrary,auditSecurityCompliance,2023-08-29,1,Belize,VNM
ClinicalTrialManager,optimizeDatabaseQueries,2022-11-22,1,Guyana,DEU
BloodPressureRegulator,deploySoftwareUpdates,2023-11-19,1,Timor-Leste,VNM
ENTProcedureGuide,auditSecurityCompliance,2023-03-11,1,Åland Islands,BWA
RehabilitationExercisePlanner,analyzeServerPerformance,2022-12-30,2,Qatar,ATA
HematologyAnalyzer,cleanTemporaryFiles,2024-07-06,1,Turkmenistan,HUN
PulmonaryFunctionTester,verifyDataIntegrity,2024-09-12,1,Sweden,CAF
SurgicalInstrumentTracker,verifyDataIntegrity,2024-06-29,1,Cook Islands,SMR
GeriatricCarePlanner,auditSecurityCompliance,2022-11-21,2,Norfolk Island,AUS
HospitalRoomAllocationSystem,calculateOptimalPathways,2024-11-09,2,Northern Mariana Islands,BOL
GastrointestinalTracker,archiveOldLogFiles,2023-11-21,1,Cambodia,VGB
DermatologyTreatmentPlanner,cleanTemporaryFiles,2023-01-02,2,Indonesia,TUV
MedicalBillingAndCoding,scheduleSystemBackups,2023-02-15,1,South Korea,TGO
AmbulanceDispatchSystem,reportSystemHealthStatus,2022-04-15,1,San Marino,BEN
FertilityAndIVFHelper,optimizeDatabaseQueries,2023-04-15,2,Trinidad and Tobago,MDV
PatientFeedbackAnalyzer,sendFunctionCountToServer,2023-02-26,2,Tonga,FRA
PatientEngagementHub,updateFirmwareVersions,2023-11-19,1,Sudan,GUF
ClinicalTrialManager,initializeSystemDiagnostics,2022-09-23,1,Botswana,MYS
HematologyAnalyzer,restoreArchivedData,2024-07-25,1,Uruguay,MSR
PulmonaryFunctionTester,sendFunctionCountToServer,2024-02-15,2,Argentina,CCK
CardiovascularAssessmentTool,makeBooleanOperationsToFibulaSurgicalGuideBase,2022-09-02,2,Tajikistan,MNE
EmergencyResponseCoordinator,scheduleSystemBackups,2022-06-02,1,Bahamas,MSR
HospitalRoomAllocationSystem,deploySoftwareUpdates,2024-01-01,2,Switzerland,COL
RehabilitationExercisePlanner,optimizeDatabaseQueries,2022-08-14,1,Côte d'Ivoire,CHE
HealthcarePolicyLibrary,archiveOldLogFiles,2023-02-28,2,Finland,PAN
PulmonaryFunctionTester,sendFunctionCountToServer,2022-09-07,1,Tunisia,GRL
TelemedicineConsultationPortal,onGenerateFibulaPlanesTimerTimeout,2024-11-19,2,Thailand,EST
BloodPressureRegulator,configureVirtualMachines,2022-03-17,2,Libya,DEU
OrthopedicProcedureSimulator,makeBooleanOperationsToFibulaSurgicalGuideBase,2022-01-26,2,Western Sahara,URY
PharmacyInventoryManager,initializeSystemDiagnostics,2023-12-04,2,Seychelles,SMR
NutritionAndDietPlanner,updateFirmwareVersions,2022-05-17,2,India,PLW
PediatricCareAssistant,scheduleSystemBackups,2023-04-08,1,South Korea,IDN
PatientEngagementHub,sendFunctionCountToServer,2023-06-19,1,Peru,SWE
PediatricCareAssistant,scheduleSystemBackups,2024-03-29,2,Turks and Caicos Islands,IRQ
GeneticDisorderExplorer,initializeSystemDiagnostics,2022-11-16,1,Israel,JAM
RadiologyImagingCenter,makeBooleanOperationsToFibulaSurgicalGuideBase,2023-01-02,1,Brazil,HUN
HealthcarePolicyLibrary,sendFunctionCountToServer,2024-07-14,1,South Korea,CAN
SportsInjuryPreventor,validateUserPermissions,2022-12-05,2,Syrian Arab Republic,GUF
WoundCareToolkit,verifyDataIntegrity,2023-10-01,2,Guam,BOL
PediatricCareAssistant,scheduleSystemBackups,2022-06-02,2,Thailand,SOM
DermatologyTreatmentPlanner,generateEncryptionKeys,2023-08-17,2,French Guiana,GAB
PediatricCareAssistant,deploySoftwareUpdates,2024-10-09,1,Cameroon,ZMB
CardiovascularAssessmentTool,monitorNetworkLatency,2024-04-10,1,Ireland,AZE
MedicalResearchDatabase,reportSystemHealthStatus,2024-09-28,1,Egypt,RWA
AllergyReactionTracker,onGenerateFibulaPlanesTimerTimeout,2022-03-24,2,Mayotte,VUT
GastrointestinalTracker,manageResourceAllocation,2022-07-15,1,Colombia,VIR
EmergencyResponseCoordinator,scheduleSystemBackups,2022-07-07,1,Montenegro,UGA
NeuralNetworkDiagnostics,monitorNetworkLatency,2024-08-31,2,Central African Republic,PHL
SubstanceAbuseCounselor,auditSecurityCompliance,2022-04-06,1,Grenada,AGO
HematologyAnalyzer,generateEncryptionKeys,2023-02-20,2,Saint Barthélemy,CYM
DiabetesCareManager,auditSecurityCompliance,2023-10-08,2,Denmark,BLM
AllergyReactionTracker,generateEncryptionKeys,2022-05-15,1,Mexico,COG
OphthalmologyVisionAnalyzer,manageResourceAllocation,2022-06-01,2,Liberia,SMR
HospitalRoomAllocationSystem,analyzeServerPerformance,2023-03-02,2,Belize,PRI
HealthcarePolicyLibrary,generateEncryptionKeys,2023-08-13,2,Belgium,FRO
InfectiousDiseaseMapper,validateUserPermissions,2022-01-04,2,Belize,MYT
MentalHealthTherapyAssistant,validateUserPermissions,2022-04-24,1,Curaçao,GEO
SurgicalInstrumentTracker,manageResourceAllocation,2023-10-22,2,"Bonaire, Sint Eustatius and Saba",PRT
SportsInjuryPreventor,reportSystemHealthStatus,2022-04-08,1,Philippines,TUR
HematologyAnalyzer,restoreArchivedData,2024-06-12,2,Estonia,ETH
PediatricCareAssistant,initializeSystemDiagnostics,2022-03-03,2,Marshall Islands,COK
PharmacyInventoryManager,configureVirtualMachines,2023-09-08,2,Rwanda,MCO
HealthcarePolicyLibrary,reportSystemHealthStatus,2022-05-04,1,Uruguay,AND
CardiovascularAssessmentTool,initializeSystemDiagnostics,2022-07-24,2,Serbia,BHS
PatientEngagementHub,optimizeDatabaseQueries,2023-04-10,2,Spain,UZB
GeneticDisorderExplorer,auditSecurityCompliance,2023-11-14,2,South Korea,GBR
SurgicalInstrumentTracker,configureVirtualMachines,2022-01-28,1,Tanzania,LTU
OrthopedicProcedureSimulator,manageResourceAllocation,2022-06-14,1,Viet Nam,FSM
EmergencyResponseCoordinator,restoreArchivedData,2024-06-12,2,Dominica,ESH
OncologyTreatmentOptimizer,archiveOldLogFiles,2022-01-24,2,Åland Islands,NOR
PatientEngagementHub,scheduleSystemBackups,2024-09-17,2,Estonia,CMR
SportsInjuryPreventor,analyzeServerPerformance,2024-05-16,2,Holy See,QAT
SurgicalInstrumentTracker,deploySoftwareUpdates,2022-09-18,1,British Indian Ocean Territory,TKL
PainManagementAdvisor,archiveOldLogFiles,2024-05-22,1,Singapore,ARE
GeneticDisorderExplorer,scheduleSystemBackups,2024-12-11,1,Egypt,SEN
PainManagementAdvisor,validateUserPermissions,2024-03-19,1,French Guiana,SJM
SurgicalInstrumentTracker,optimizeDatabaseQueries,2024-10-02,2,Equatorial Guinea,SVK
OphthalmologyVisionAnalyzer,validateUserPermissions,2024-12-12,2,Oman,LVA
FertilityAndIVFHelper,simulateLoadBalancing,2024-11-18,2,Tajikistan,ECU
DermatologyTreatmentPlanner,reportSystemHealthStatus,2024-09-11,1,Suriname,CAF
UrologyManagementSystem,updateFirmwareVersions,2023-09-15,1,Belize,MCO
EndocrineHealthMonitor,scheduleSystemBackups,2022-05-01,1,South Africa,STP
PatientEngagementHub,cleanTemporaryFiles,2022-05-09,2,Malta,ETH
NeurosurgeryNavigationSystem,verifyDataIntegrity,2024-03-24,1,Ukraine,BOL
FertilityAndIVFHelper,scheduleSystemBackups,2023-05-11,2,French Polynesia,ITA
SleepDisorderAnalyzer,simulateLoadBalancing,2022-10-07,2,Finland,DZA
HealthcareComplianceMonitor,validateUserPermissions,2023-07-07,1,Puerto Rico,PAN
VaccineAdministrationLog,sendFunctionCountToServer,2022-07-30,2,China,BOL
VaccineAdministrationLog,configureVirtualMachines,2022-07-24,2,Uruguay,ESP
OncologyTreatmentOptimizer,trackApplicationDependencies,2022-02-02,2,Viet Nam,ITA
GeneticDisorderExplorer,onGenerateFibulaPlanesTimerTimeout,2024-12-17,1,Lebanon,GLP
CardiovascularAssessmentTool,sendFunctionCountToServer,2023-12-22,2,Japan,TCD
HospitalRoomAllocationSystem,generateEncryptionKeys,2024-07-21,2,Niger,SEN
SubstanceAbuseCounselor,calculateOptimalPathways,2023-01-07,2,Syrian Arab Republic,JOR
GeriatricCarePlanner,archiveOldLogFiles,2024-08-11,1,Norway,SPM
WoundCareToolkit,auditSecurityCompliance,2023-02-08,2,Montserrat,ARG
PharmacyInventoryManager,verifyDataIntegrity,2022-05-13,1,Armenia,MSR
EndocrineHealthMonitor,scheduleSystemBackups,2023-02-12,2,French Polynesia,SEN
MedicalResearchDatabase,verifyDataIntegrity,2023-10-23,2,Liberia,ISL
GastrointestinalTracker,optimizeDatabaseQueries,2023-07-06,2,Latvia,CXR
WoundCareToolkit,scheduleSystemBackups,2022-03-15,2,Kiribati,QAT
DermatologyTreatmentPlanner,auditSecurityCompliance,2022-06-07,1,China,ARG
BloodPressureRegulator,configureVirtualMachines,2022-05-31,1,Turks and Caicos Islands,KEN
MedicalWasteManagement,validateUserPermissions,2023-10-01,2,Réunion,BFA
GastrointestinalTracker,generateEncryptionKeys,2023-05-10,1,Liberia,KWT
WoundCareToolkit,configureVirtualMachines,2023-09-23,1,Brunei Darussalam,STP
SportsInjuryPreventor,generateEncryptionKeys,2024-01-25,1,Sri Lanka,NGA
InfectiousDiseaseMapper,reportSystemHealthStatus,2022-05-09,2,Thailand,SEN
HealthcarePolicyLibrary,restoreArchivedData,2024-05-08,1,Moldova,DJI
SportsInjuryPreventor,archiveOldLogFiles,2022-08-31,2,Slovakia,RUS
MentalHealthTherapyAssistant,verifyDataIntegrity,2022-11-30,2,France,UGA
VaccineAdministrationLog,onGenerateFibulaPlanesTimerTimeout,2022-01-22,1,Montenegro,DJI
SurgicalInstrumentTracker,restoreArchivedData,2023-06-23,1,Nigeria,GIN
RehabilitationExercisePlanner,monitorNetworkLatency,2023-03-20,2,South Sudan,SLE
TelemedicineConsultationPortal,simulateLoadBalancing,2024-06-02,2,Poland,EST
DentalHealthProfiler,configureVirtualMachines,2024-04-10,1,Virgin Islands (British),PNG
GeneticDisorderExplorer,validateUserPermissions,2023-08-23,2,Qatar,MYT
DiabetesCareManager,generateEncryptionKeys,2023-09-19,2,Botswana,KAZ
VaccineAdministrationLog,deploySoftwareUpdates,2024-04-29,1,Western Sahara,MLT
SurgicalInstrumentTracker,restoreArchivedData,2022-09-01,2,French Guiana,QAT
SleepDisorderAnalyzer,trackApplicationDependencies,2024-12-10,2,Hungary,CHE
GeneticDisorderExplorer,validateUserPermissions,2024-06-14,1,"Bonaire, Sint Eustatius and Saba",COK
PatientFeedbackAnalyzer,optimizeDatabaseQueries,2023-08-19,1,Mauritius,MHL
HematologyAnalyzer,auditSecurityCompliance,2024-05-24,2,Hungary,BDI
EmergencyResponseCoordinator,makeBooleanOperationsToFibulaSurgicalGuideBase,2024-09-25,2,Saint Martin (French part),CRI
ObstetricsLaborTracker,cleanTemporaryFiles,2023-04-13,1,Colombia,COK
DiabetesCareManager,trackApplicationDependencies,2024-03-04,1,Togo,VAT
SurgicalInstrumentTracker,analyzeServerPerformance,2023-08-09,2,Philippines,HUN
GeneticDisorderExplorer,trackApplicationDependencies,2022-02-21,2,Kenya,PNG
SurgicalInstrumentTracker,optimizeDatabaseQueries,2022-08-23,2,Uganda,NPL
DermatologyTreatmentPlanner,auditSecurityCompliance,2024-10-15,1,Chile,FRO
PatientFeedbackAnalyzer,archiveOldLogFiles,2023-05-13,2,Cuba,TUV
DentalHealthProfiler,validateUserPermissions,2023-06-27,1,Benin,ALB
GeneticDisorderExplorer,trackApplicationDependencies,2023-07-07,1,Costa Rica,MDG
AllergyReactionTracker,monitorNetworkLatency,2022-06-10,1,Cambodia,LSO
PulmonaryFunctionTester,scheduleSystemBackups,2023-01-17,2,Falkland Islands (Malvinas),IMN
SleepDisorderAnalyzer,calculateOptimalPathways,2024-06-23,2,Bulgaria,ESH
DiabetesCareManager,sendFunctionCountToServer,2022-10-27,2,Saudi Arabia,GMB
AllergyReactionTracker,onGenerateFibulaPlanesTimerTimeout,2024-07-23,1,Saudi Arabia,ECU
HospitalRoomAllocationSystem,generateEncryptionKeys,2022-04-03,1,Honduras,AZE
PatientEngagementHub,onGenerateFibulaPlanesTimerTimeout,2023-05-02,2,Faroe Islands,PRI
TelemedicineConsultationPortal,scheduleSystemBackups,2023-07-05,1,Kenya,JOR
WoundCareToolkit,reportSystemHealthStatus,2024-01-12,1,Iraq,CUB
UrologyManagementSystem,makeBooleanOperationsToFibulaSurgicalGuideBase,2024-09-27,2,Timor-Leste,NGA
NeurosurgeryNavigationSystem,reportSystemHealthStatus,2022-12-03,2,Bermuda,SEN
PulmonaryFunctionTester,scheduleSystemBackups,2023-09-02,1,Wallis and Futuna,GRL
WoundCareToolkit,analyzeServerPerformance,2024-06-12,2,Tunisia,CUB
TelemedicineConsultationPortal,onGenerateFibulaPlanesTimerTimeout,2022-01-26,2,Iceland,HND
TelemedicineConsultationPortal,cleanTemporaryFiles,2022-03-10,1,Lithuania,PRY
PulmonaryFunctionTester,optimizeDatabaseQueries,2022-10-16,1,United Kingdom,DOM
MentalHealthTherapyAssistant,simulateLoadBalancing,2023-01-10,2,Namibia,RUS
MedicalResearchDatabase,scheduleSystemBackups,2022-09-09,1,Heard Island and McDonald Islands,ARM
OphthalmologyVisionAnalyzer,reportSystemHealthStatus,2022-05-19,2,Antigua and Barbuda,TJK
CardiovascularAssessmentTool,optimizeDatabaseQueries,2022-10-07,2,Turkmenistan,NFK
SportsInjuryPreventor,generateEncryptionKeys,2023-05-27,2,Fiji,OMN
VaccineAdministrationLog,initializeSystemDiagnostics,2022-10-25,2,Kyrgyzstan,UMI
DentalHealthProfiler,validateUserPermissions,2023-12-28,2,South Korea,EGY
DiabetesCareManager,cleanTemporaryFiles,2022-01-29,1,"Palestine, State of",CIV
EndocrineHealthMonitor,archiveOldLogFiles,2024-11-07,2,Saint Barthélemy,TLS
NeurosurgeryNavigationSystem,sendFunctionCountToServer,2022-05-13,2,Kyrgyzstan,GIB
FitnessAndWellnessGuide,onGenerateFibulaPlanesTimerTimeout,2024-03-11,1,Saint Lucia,GBR
UrologyManagementSystem,optimizeDatabaseQueries,2024-03-17,2,Panama,ITA
RehabilitationExercisePlanner,trackApplicationDependencies,2024-03-26,1,Andorra,TJK
PatientFeedbackAnalyzer,reportSystemHealthStatus,2022-09-08,1,Papua New Guinea,ESP
EmergencyResponseCoordinator,updateFirmwareVersions,2022-05-23,1,Chad,CCK
DiabetesCareManager,scheduleSystemBackups,2023-11-25,1,South Sudan,URY
DermatologyTreatmentPlanner,updateFirmwareVersions,2023-02-26,1,Congo,HRV
ObstetricsLaborTracker,verifyDataIntegrity,2024-01-30,1,Georgia,GIN
SubstanceAbuseCounselor,auditSecurityCompliance,2023-12-12,2,Moldova,JOR
CardiovascularAssessmentTool,updateFirmwareVersions,2024-04-09,2,Romania,VGB
NeuralNetworkDiagnostics,calculateOptimalPathways,2023-05-05,1,Saint Lucia,KGZ
FertilityAndIVFHelper,archiveOldLogFiles,2023-09-14,1,Guam,POL
SurgicalInstrumentTracker,calculateOptimalPathways,2022-07-26,2,Peru,BRA
EmergencyResponseCoordinator,configureVirtualMachines,2022-08-23,1,Fiji,UMI
PatientEngagementHub,reportSystemHealthStatus,2023-11-20,1,Nicaragua,FJI
MentalHealthTherapyAssistant,sendFunctionCountToServer,2024-06-26,2,Slovakia,PYF
OncologyTreatmentOptimizer,onGenerateFibulaPlanesTimerTimeout,2023-05-03,2,Thailand,TTO
GeneticDisorderExplorer,scheduleSystemBackups,2023-08-28,2,Mozambique,BWA
SurgicalInstrumentTracker,calculateOptimalPathways,2023-07-26,2,Morocco,IMN
HealthcarePolicyLibrary,configureVirtualMachines,2022-01-28,2,Lithuania,SHN
HealthcarePolicyLibrary,updateFirmwareVersions,2023-04-19,1,Lebanon,MSR
HospitalRoomAllocationSystem,optimizeDatabaseQueries,2023-08-22,1,Jamaica,MAC
ClinicalTrialManager,verifyDataIntegrity,2024-05-07,1,Spain,PYF
VaccineAdministrationLog,calculateOptimalPathways,2024-11-02,1,Congo,MNG
ClinicalTrialManager,sendFunctionCountToServer,2022-07-15,2,Tunisia,LKA
MedicalBillingAndCoding,deploySoftwareUpdates,2024-12-31,1,Pitcairn,ATG
HealthcarePolicyLibrary,reportSystemHealthStatus,2022-09-25,2,Chile,VNM
GeriatricCarePlanner,generateEncryptionKeys,2022-08-17,2,Nicaragua,BFA
SleepDisorderAnalyzer,validateUserPermissions,2023-05-09,1,Nigeria,BRA
NeurosurgeryNavigationSystem,archiveOldLogFiles,2023-06-17,2,Bahrain,ABW
DiabetesCareManager,restoreArchivedData,2024-03-08,2,Japan,GUM
MedicalResearchDatabase,generateEncryptionKeys,2024-10-10,1,Saint Pierre and Miquelon,CXR
RadiologyImagingCenter,optimizeDatabaseQueries,2024-12-13,2,"Bonaire, Sint Eustatius and Saba",BEN
HematologyAnalyzer,archiveOldLogFiles,2024-07-26,2,Brazil,PRY
OrthopedicProcedureSimulator,scheduleSystemBackups,2023-03-19,1,Greenland,VNM
FitnessAndWellnessGuide,analyzeServerPerformance,2022-04-29,2,Ghana,TUN
MentalHealthTherapyAssistant,monitorNetworkLatency,2024-10-31,1,Nicaragua,ITA
ClinicalTrialManager,configureVirtualMachines,2023-06-12,1,Western Sahara,LBR
VaccineAdministrationLog,monitorNetworkLatency,2023-11-03,1,Tanzania,BES
VaccineAdministrationLog,optimizeDatabaseQueries,2024-04-15,1,Togo,SLV
PainManagementAdvisor,sendFunctionCountToServer,2023-10-30,1,Ukraine,REU
RehabilitationExercisePlanner,updateFirmwareVersions,2022-05-23,2,Micronesia,ECU
PulmonaryFunctionTester,restoreArchivedData,2022-05-12,1,Ecuador,SYR
PulmonaryFunctionTester,updateFirmwareVersions,2024-02-24,1,Grenada,SAU
MedicalWasteManagement,archiveOldLogFiles,2024-02-20,1,Faroe Islands,ZWE
MedicalEducationSimulator,generateEncryptionKeys,2022-04-08,1,"Bonaire, Sint Eustatius and Saba",IRQ
NeurosurgeryNavigationSystem,verifyDataIntegrity,2024-03-08,1,Somalia,LKA
RehabilitationExercisePlanner,manageResourceAllocation,2024-12-13,2,South Georgia and the South Sandwich Islands,SVK
ObstetricsLaborTracker,deploySoftwareUpdates,2022-06-13,1,Moldova,VEN
MentalHealthTherapyAssistant,analyzeServerPerformance,2023-08-27,2,Solomon Islands,SVK
EmergencyResponseCoordinator,configureVirtualMachines,2023-08-28,1,Guatemala,DMA
UrologyManagementSystem,manageResourceAllocation,2022-11-15,2,French Southern Territories,MAF
RehabilitationExercisePlanner,restoreArchivedData,2022-10-27,1,Macedonia,LSO
MedicalEducationSimulator,manageResourceAllocation,2022-12-10,1,Kiribati,QAT
PulmonaryFunctionTester,auditSecurityCompliance,2024-09-10,1,Paraguay,MWI
BloodPressureRegulator,onGenerateFibulaPlanesTimerTimeout,2024-05-30,2,San Marino,GEO
MedicalEducationSimulator,auditSecurityCompliance,2024-12-03,2,Andorra,SXM
AmbulanceDispatchSystem,onGenerateFibulaPlanesTimerTimeout,2024-10-09,2,Ukraine,TLS
PediatricCareAssistant,initializeSystemDiagnostics,2024-06-28,1,Åland Islands,AGO
SubstanceAbuseCounselor,auditSecurityCompliance,2024-05-28,1,Luxembourg,TJK
MedicalBillingAndCoding,initializeSystemDiagnostics,2024-02-18,1,French Polynesia,MLI
AmbulanceDispatchSystem,configureVirtualMachines,2022-04-08,1,Iraq,BEN
PediatricCareAssistant,cleanTemporaryFiles,2022-12-10,2,Burkina Faso,DJI
PatientEngagementHub,generateEncryptionKeys,2023-02-27,1,Indonesia,MLT
DiabetesCareManager,simulateLoadBalancing,2024-09-24,1,Saint Barthélemy,ESP
SubstanceAbuseCounselor,simulateLoadBalancing,2022-07-10,1,Belgium,COM
BloodPressureRegulator,analyzeServerPerformance,2022-04-18,2,Monaco,CAN
PatientEngagementHub,auditSecurityCompliance,2024-02-18,2,Bahrain,CPV
NeurosurgeryNavigationSystem,restoreArchivedData,2022-12-05,1,Monaco,MDG
GeriatricCarePlanner,onGenerateFibulaPlanesTimerTimeout,2024-06-25,1,South Africa,SGS
SleepDisorderAnalyzer,calculateOptimalPathways,2023-04-07,1,French Polynesia,COD
EndocrineHealthMonitor,configureVirtualMachines,2023-11-02,1,Antarctica,DZA
PainManagementAdvisor,makeBooleanOperationsToFibulaSurgicalGuideBase,2022-07-14,1,Ghana,LSO
WoundCareToolkit,cleanTemporaryFiles,2024-10-24,2,Macao,SWE
HematologyAnalyzer,deploySoftwareUpdates,2022-08-24,1,Sao Tome and Principe,SWE
MedicalBillingAndCoding,makeBooleanOperationsToFibulaSurgicalGuideBase,2024-05-24,2,Sint Maarten (Dutch part),CAN
PatientEngagementHub,verifyDataIntegrity,2022-06-03,1,Ireland,TON
DiabetesCareManager,generateEncryptionKeys,2024-01-26,1,Holy See,NIC
GastrointestinalTracker,generateEncryptionKeys,2022-04-26,1,Botswana,QAT
PainManagementAdvisor,initializeSystemDiagnostics,2022-04-12,1,United Kingdom,THA
DermatologyTreatmentPlanner,verifyDataIntegrity,2023-03-04,1,Japan,REU
UrologyManagementSystem,updateFirmwareVersions,2024-09-17,1,Antarctica,HND
MedicalEducationSimulator,verifyDataIntegrity,2024-02-17,1,Timor-Leste,SGS
GeriatricCarePlanner,validateUserPermissions,2022-04-30,2,Isle of Man,MNG
UrologyManagementSystem,verifyDataIntegrity,2023-09-14,1,Uzbekistan,ABW
NutritionAndDietPlanner,auditSecurityCompliance,2023-01-27,1,Yemen,GBR
MedicalEducationSimulator,auditSecurityCompliance,2022-05-14,2,Trinidad and Tobago,AUS
ENTProcedureGuide,optimizeDatabaseQueries,2024-04-21,1,Cook Islands,CHN
MedicalWasteManagement,deploySoftwareUpdates,2024-03-21,1,Papua New Guinea,CAN
RadiologyImagingCenter,simulateLoadBalancing,2024-10-20,1,French Guiana,KWT
PatientFeedbackAnalyzer,makeBooleanOperationsToFibulaSurgicalGuideBase,2022-12-23,2,Afghanistan,UKR
SleepDisorderAnalyzer,validateUserPermissions,2023-12-31,2,Central African Republic,KEN
AllergyReactionTracker,calculateOptimalPathways,2023-01-15,2,Norway,AUS
HospitalRoomAllocationSystem,updateFirmwareVersions,2023-12-15,2,Timor-Leste,VAT
UrologyManagementSystem,analyzeServerPerformance,2024-08-30,2,Sierra Leone,COD
BloodPressureRegulator,archiveOldLogFiles,2024-02-27,2,Jamaica,BRB
SleepDisorderAnalyzer,auditSecurityCompliance,2024-12-28,1,Holy See,ITA
TelemedicineConsultationPortal,restoreArchivedData,2024-11-05,2,Solomon Islands,LBR
RehabilitationExercisePlanner,trackApplicationDependencies,2022-11-07,2,Papua New Guinea,BDI
HealthcareComplianceMonitor,updateFirmwareVersions,2023-09-08,2,French Guiana,NOR
ImmunologyResponseEvaluator,scheduleSystemBackups,2024-11-27,2,Heard Island and McDonald Islands,VGB
EndocrineHealthMonitor,reportSystemHealthStatus,2023-11-21,1,Guadeloupe,PHL
HealthcarePolicyLibrary,generateEncryptionKeys,2023-12-12,2,Macao,LTU
HospitalRoomAllocationSystem,reportSystemHealthStatus,2023-08-10,2,French Southern Territories,IDN
RehabilitationExercisePlanner,restoreArchivedData,2022-12-27,1,Saint Pierre and Miquelon,TON
HospitalRoomAllocationSystem,archiveOldLogFiles,2023-07-23,2,Moldova,BRN
EndocrineHealthMonitor,monitorNetworkLatency,2023-09-03,1,Niue,MLI
ENTProcedureGuide,sendFunctionCountToServer,2023-08-16,2,Liechtenstein,MTQ
AllergyReactionTracker,optimizeDatabaseQueries,2024-06-12,2,Comoros,BMU
MentalHealthTherapyAssistant,generateEncryptionKeys,2024-10-25,2,Saint Barthélemy,FLK
SurgicalInstrumentTracker,analyzeServerPerformance,2023-05-30,2,Greece,PER
DentalHealthProfiler,validateUserPermissions,2024-08-31,2,Lithuania,PRT
ENTProcedureGuide,calculateOptimalPathways,2023-04-21,2,Mali,VCT
PatientEngagementHub,deploySoftwareUpdates,2023-06-22,1,"Bonaire, Sint Eustatius and Saba",NAM
MentalHealthTherapyAssistant,restoreArchivedData,2024-10-28,2,Åland Islands,MNP
DentalHealthProfiler,auditSecurityCompliance,2022-10-11,1,Honduras,OMN
PatientEngagementHub,deploySoftwareUpdates,2024-09-23,2,Bolivia,GLP
HealthcarePolicyLibrary,trackApplicationDependencies,2024-12-04,2,Barbados,POL
OphthalmologyVisionAnalyzer,updateFirmwareVersions,2023-11-19,1,Trinidad and Tobago,CAN
BloodPressureRegulator,monitorNetworkLatency,2024-09-14,1,Suriname,SVN
MedicalWasteManagement,analyzeServerPerformance,2023-10-02,2,Saint Pierre and Miquelon,GLP
EmergencyResponseCoordinator,initializeSystemDiagnostics,2022-05-20,2,Colombia,CAF
ObstetricsLaborTracker,simulateLoadBalancing,2023-06-06,2,Saint Kitts and Nevis,PAK
ObstetricsLaborTracker,verifyDataIntegrity,2023-12-02,2,Norway,BLM
HealthcareComplianceMonitor,archiveOldLogFiles,2023-12-14,2,Morocco,SXM
NutritionAndDietPlanner,cleanTemporaryFiles,2024-06-17,1,Chad,MRT
OncologyTreatmentOptimizer,simulateLoadBalancing,2022-07-20,2,Swaziland,CXR
ENTProcedureGuide,archiveOldLogFiles,2024-12-11,2,New Caledonia,MNE
FitnessAndWellnessGuide,initializeSystemDiagnostics,2024-10-12,2,Cameroon,COK
MedicalBillingAndCoding,deploySoftwareUpdates,2023-08-01,1,Spain,CHE
OncologyTreatmentOptimizer,scheduleSystemBackups,2024-11-21,1,South Africa,MUS
OncologyTreatmentOptimizer,trackApplicationDependencies,2022-12-28,1,Kyrgyzstan,VCT
MedicalBillingAndCoding,makeBooleanOperationsToFibulaSurgicalGuideBase,2024-03-13,2,Virgin Islands (British),AZE
RehabilitationExercisePlanner,generateEncryptionKeys,2023-03-20,2,Oman,REU
HospitalRoomAllocationSystem,makeBooleanOperationsToFibulaSurgicalGuideBase,2024-05-28,1,New Zealand,ESP
ENTProcedureGuide,configureVirtualMachines,2022-01-14,2,Zambia,NFK
VaccineAdministrationLog,optimizeDatabaseQueries,2023-04-08,1,Morocco,SPM
SurgicalInstrumentTracker,configureVirtualMachines,2024-04-18,2,Equatorial Guinea,VUT
GeriatricCarePlanner,monitorNetworkLatency,2024-09-04,2,Panama,MUS
ImmunologyResponseEvaluator,initializeSystemDiagnostics,2024-02-05,1,India,COK
OrthopedicProcedureSimulator,analyzeServerPerformance,2022-05-08,2,Isle of Man,SSD
SurgicalInstrumentTracker,calculateOptimalPathways,2024-12-22,1,Micronesia,KAZ
PatientFeedbackAnalyzer,reportSystemHealthStatus,2022-12-13,2,Somalia,TKL
EndocrineHealthMonitor,archiveOldLogFiles,2023-07-09,1,Sudan,PCN
ImmunologyResponseEvaluator,scheduleSystemBackups,2023-05-23,2,Western Sahara,HND
VaccineAdministrationLog,makeBooleanOperationsToFibulaSurgicalGuideBase,2024-09-27,1,Germany,RUS
EndocrineHealthMonitor,onGenerateFibulaPlanesTimerTimeout,2024-01-16,1,Italy,ZMB
RadiologyImagingCenter,sendFunctionCountToServer,2024-06-12,1,Senegal,MNP
ImmunologyResponseEvaluator,manageResourceAllocation,2023-09-18,1,China,AND
SleepDisorderAnalyzer,manageResourceAllocation,2022-04-28,2,Venezuela,SUR
TelemedicineConsultationPortal,configureVirtualMachines,2023-05-26,1,Venezuela,GUM
FertilityAndIVFHelper,deploySoftwareUpdates,2023-07-23,2,Yemen,BMU
RehabilitationExercisePlanner,reportSystemHealthStatus,2022-04-22,1,Indonesia,SRB
NeuralNetworkDiagnostics,makeBooleanOperationsToFibulaSurgicalGuideBase,2024-03-28,2,Oman,ARM
AllergyReactionTracker,reportSystemHealthStatus,2024-01-31,1,Guernsey,MLI
HealthcarePolicyLibrary,onGenerateFibulaPlanesTimerTimeout,2023-02-16,2,Algeria,SWE
PatientFeedbackAnalyzer,initializeSystemDiagnostics,2024-06-07,2,South Africa,GNB
GastrointestinalTracker,verifyDataIntegrity,2022-04-19,1,Tunisia,PRT
MedicalBillingAndCoding,deploySoftwareUpdates,2024-05-22,2,Congo,SYC
MentalHealthTherapyAssistant,reportSystemHealthStatus,2024-02-13,2,Liberia,KAZ
MedicalWasteManagement,manageResourceAllocation,2023-04-07,1,Faroe Islands,GBR
MentalHealthTherapyAssistant,cleanTemporaryFiles,2024-07-09,2,Antarctica,MAF
SportsInjuryPreventor,restoreArchivedData,2022-11-22,1,Albania,TKM
PatientEngagementHub,generateEncryptionKeys,2024-06-04,1,Sierra Leone,SGP
ClinicalTrialManager,trackApplicationDependencies,2024-07-25,2,Burundi,SEN
HospitalRoomAllocationSystem,validateUserPermissions,2024-06-29,1,Eritrea,CHN
GeriatricCarePlanner,auditSecurityCompliance,2023-09-13,1,Macao,SPM
PainManagementAdvisor,archiveOldLogFiles,2022-11-27,1,Myanmar,MWI
PainManagementAdvisor,analyzeServerPerformance,2023-03-20,2,"Palestine, State of",EGY
CardiovascularAssessmentTool,monitorNetworkLatency,2023-08-13,1,Libya,JOR
MedicalWasteManagement,generateEncryptionKeys,2022-02-14,1,Colombia,KAZ
FitnessAndWellnessGuide,auditSecurityCompliance,2022-05-04,1,Dominica,ATA
NeurosurgeryNavigationSystem,analyzeServerPerformance,2023-10-17,2,Argentina,TJK
GeriatricCarePlanner,generateEncryptionKeys,2024-02-09,1,Niue,AUT
PatientFeedbackAnalyzer,manageResourceAllocation,2023-04-09,2,Israel,CMR
ClinicalTrialManager,makeBooleanOperationsToFibulaSurgicalGuideBase,2024-09-02,1,Viet Nam,NFK
EmergencyResponseCoordinator,makeBooleanOperationsToFibulaSurgicalGuideBase,2022-08-29,1,Seychelles,TTO
SleepDisorderAnalyzer,generateEncryptionKeys,2023-07-03,1,Macedonia,VIR
AllergyReactionTracker,reportSystemHealthStatus,2022-09-17,2,Thailand,IOT
EmergencyResponseCoordinator,scheduleSystemBackups,2023-08-08,2,Cyprus,RUS
FitnessAndWellnessGuide,sendFunctionCountToServer,2024-08-09,1,New Caledonia,ZWE
PediatricCareAssistant,reportSystemHealthStatus,2022-01-10,2,Netherlands,SHN
GeneticDisorderExplorer,deploySoftwareUpdates,2023-05-08,1,Bosnia and Herzegovina,OMN
MentalHealthTherapyAssistant,makeBooleanOperationsToFibulaSurgicalGuideBase,2024-07-15,1,Barbados,FSM
PediatricCareAssistant,restoreArchivedData,2024-11-02,2,Denmark,THA
SubstanceAbuseCounselor,configureVirtualMachines,2024-11-19,2,Cocos (Keeling) Islands,ZMB
PainManagementAdvisor,manageResourceAllocation,2023-12-14,1,Heard Island and McDonald Islands,BTN
GeneticDisorderExplorer,scheduleSystemBackups,2022-03-30,1,Guinea,VAT
HealthcareComplianceMonitor,configureVirtualMachines,2022-04-20,1,Guatemala,MAF
PharmacyInventoryManager,initializeSystemDiagnostics,2022-04-21,2,Guyana,GRL
MedicalBillingAndCoding,verifyDataIntegrity,2023-07-17,2,"Palestine, State of",IDN
DentalHealthProfiler,sendFunctionCountToServer,2023-08-07,1,Madagascar,PNG
DermatologyTreatmentPlanner,monitorNetworkLatency,2023-10-09,2,Colombia,HTI
OphthalmologyVisionAnalyzer,analyzeServerPerformance,2024-02-07,1,Sao Tome and Principe,CXR
MedicalBillingAndCoding,cleanTemporaryFiles,2022-08-12,1,Gambia,NPL
GeneticDisorderExplorer,restoreArchivedData,2023-07-25,1,Saudi Arabia,NOR
MedicalEducationSimulator,monitorNetworkLatency,2022-09-03,2,Kiribati,KAZ
WoundCareToolkit,deploySoftwareUpdates,2022-08-12,2,Barbados,PRY
TelemedicineConsultationPortal,simulateLoadBalancing,2024-07-18,1,Samoa,EST
TelemedicineConsultationPortal,updateFirmwareVersions,2022-11-30,1,Qatar,BOL
MedicalBillingAndCoding,configureVirtualMachines,2023-07-18,2,Papua New Guinea,BWA
OncologyTreatmentOptimizer,auditSecurityCompliance,2022-12-13,1,Kazakhstan,FIN
AllergyReactionTracker,manageResourceAllocation,2022-05-10,2,Moldova,SRB
EndocrineHealthMonitor,sendFunctionCountToServer,2022-01-18,2,Turkey,NZL
HematologyAnalyzer,trackApplicationDependencies,2023-11-01,2,Indonesia,RWA
ClinicalTrialManager,verifyDataIntegrity,2022-10-05,2,Timor-Leste,LIE
InfectiousDiseaseMapper,auditSecurityCompliance,2023-09-10,2,Guernsey,PSE
OncologyTreatmentOptimizer,makeBooleanOperationsToFibulaSurgicalGuideBase,2022-12-01,2,Saint Helena,TGO
PatientFeedbackAnalyzer,onGenerateFibulaPlanesTimerTimeout,2023-04-29,2,Poland,KOR
PulmonaryFunctionTester,updateFirmwareVersions,2022-10-31,2,Grenada,PRT
PediatricCareAssistant,configureVirtualMachines,2024-09-06,2,Micronesia,IRN
RehabilitationExercisePlanner,trackApplicationDependencies,2022-03-20,2,Christmas Island,SVN
PediatricCareAssistant,analyzeServerPerformance,2023-10-02,1,Ukraine,CMR
WoundCareToolkit,scheduleSystemBackups,2022-03-04,1,Burkina Faso,CAN
OncologyTreatmentOptimizer,optimizeDatabaseQueries,2024-06-01,1,Palau,LBN
FitnessAndWellnessGuide,makeBooleanOperationsToFibulaSurgicalGuideBase,2023-08-15,2,Costa Rica,TKL
ObstetricsLaborTracker,configureVirtualMachines,2022-10-29,1,Libya,ATG
ENTProcedureGuide,deploySoftwareUpdates,2024-09-01,2,Kiribati,COK
NutritionAndDietPlanner,cleanTemporaryFiles,2024-08-27,1,Svalbard and Jan Mayen,DJI
DiabetesCareManager,auditSecurityCompliance,2024-08-17,2,Qatar,IRQ
TelemedicineConsultationPortal,scheduleSystemBackups,2024-12-02,2,South Korea,YEM
WoundCareToolkit,trackApplicationDependencies,2022-01-01,2,Angola,BIH
PediatricCareAssistant,initializeSystemDiagnostics,2024-12-06,2,Northern Mariana Islands,CCK
GastrointestinalTracker,reportSystemHealthStatus,2023-06-16,2,Ethiopia,ESH
EmergencyResponseCoordinator,trackApplicationDependencies,2022-11-14,2,Namibia,KNA
ImmunologyResponseEvaluator,deploySoftwareUpdates,2024-08-06,1,Slovakia,BMU
SleepDisorderAnalyzer,reportSystemHealthStatus,2023-06-08,1,Maldives,COL
GeriatricCarePlanner,simulateLoadBalancing,2024-06-05,2,Lao People's Democratic Republic,SHN
EmergencyResponseCoordinator,generateEncryptionKeys,2024-11-09,1,Thailand,MCO
SportsInjuryPreventor,restoreArchivedData,2022-05-06,1,Cayman Islands,GHA
MedicalEducationSimulator,validateUserPermissions,2023-08-25,1,Cambodia,PSE
FertilityAndIVFHelper,updateFirmwareVersions,2023-03-23,2,Faroe Islands,BGR
EmergencyResponseCoordinator,onGenerateFibulaPlanesTimerTimeout,2024-05-08,1,Pakistan,AGO
InfectiousDiseaseMapper,optimizeDatabaseQueries,2024-03-26,1,Lebanon,JOR
MedicalBillingAndCoding,cleanTemporaryFiles,2024-11-27,1,Morocco,KHM
InfectiousDiseaseMapper,onGenerateFibulaPlanesTimerTimeout,2023-02-13,1,Falkland Islands (Malvinas),DNK
EndocrineHealthMonitor,onGenerateFibulaPlanesTimerTimeout,2023-11-06,2,Timor-Leste,ATG
HematologyAnalyzer,configureVirtualMachines,2023-06-26,2,French Polynesia,NPL
AmbulanceDispatchSystem,onGenerateFibulaPlanesTimerTimeout,2022-07-28,2,Tonga,LBN
HealthcareComplianceMonitor,trackApplicationDependencies,2024-04-02,1,Tonga,SLB
ENTProcedureGuide,verifyDataIntegrity,2022-11-18,2,Senegal,TUN
DentalHealthProfiler,reportSystemHealthStatus,2024-02-23,2,Iraq,OMN
BloodPressureRegulator,scheduleSystemBackups,2022-07-02,1,Puerto Rico,BES
AllergyReactionTracker,makeBooleanOperationsToFibulaSurgicalGuideBase,2024-12-25,2,Romania,PAK
PediatricCareAssistant,calculateOptimalPathways,2024-01-09,1,Sweden,FRO
AllergyReactionTracker,initializeSystemDiagnostics,2023-01-08,1,Martinique,ATA
HealthcareComplianceMonitor,makeBooleanOperationsToFibulaSurgicalGuideBase,2024-06-22,1,"Palestine, State of",GUM
DermatologyTreatmentPlanner,cleanTemporaryFiles,2023-03-11,1,Virgin Islands (British),MLI
NeurosurgeryNavigationSystem,validateUserPermissions,2022-07-16,1,Colombia,GTM
ImmunologyResponseEvaluator,generateEncryptionKeys,2024-02-22,1,Heard Island and McDonald Islands,UGA
PediatricCareAssistant,updateFirmwareVersions,2023-11-23,2,Pakistan,BRN
SurgicalInstrumentTracker,generateEncryptionKeys,2023-01-06,2,Barbados,AZE
AmbulanceDispatchSystem,reportSystemHealthStatus,2024-04-26,2,Hong Kong,HND
PulmonaryFunctionTester,initializeSystemDiagnostics,2022-06-23,1,Oman,COL
PediatricCareAssistant,verifyDataIntegrity,2022-10-18,2,Latvia,SPM
TelemedicineConsultationPortal,deploySoftwareUpdates,2024-08-08,2,Burkina Faso,MNG
TelemedicineConsultationPortal,validateUserPermissions,2024-09-20,2,Cuba,CUW
RehabilitationExercisePlanner,deploySoftwareUpdates,2023-04-09,2,Estonia,VEN
OrthopedicProcedureSimulator,trackApplicationDependencies,2022-07-08,2,Cyprus,GLP
RadiologyImagingCenter,scheduleSystemBackups,2022-08-19,2,Andorra,MWI
PatientFeedbackAnalyzer,archiveOldLogFiles,2023-12-06,1,United Arab Emirates,UZB
GeriatricCarePlanner,initializeSystemDiagnostics,2022-02-20,2,Haiti,NIC
TelemedicineConsultationPortal,auditSecurityCompliance,2022-10-09,2,Dominican Republic,SOM
CardiovascularAssessmentTool,deploySoftwareUpdates,2022-12-27,1,Ecuador,PNG
HealthcareComplianceMonitor,initializeSystemDiagnostics,2023-06-03,1,Djibouti,SEN
MedicalResearchDatabase,optimizeDatabaseQueries,2022-12-14,1,British Indian Ocean Territory,PNG
MedicalResearchDatabase,validateUserPermissions,2024-01-03,2,Colombia,GUF
HealthcareComplianceMonitor,sendFunctionCountToServer,2024-07-30,2,"Bonaire, Sint Eustatius and Saba",ZMB
DiabetesCareManager,updateFirmwareVersions,2023-01-06,2,Jordan,FSM
DentalHealthProfiler,reportSystemHealthStatus,2022-10-20,2,United Arab Emirates,MLI
SportsInjuryPreventor,onGenerateFibulaPlanesTimerTimeout,2024-08-20,1,France,UGA
PainManagementAdvisor,manageResourceAllocation,2024-09-18,2,Sao Tome and Principe,REU
MedicalResearchDatabase,analyzeServerPerformance,2024-07-23,2,"Bonaire, Sint Eustatius and Saba",BLR
BloodPressureRegulator,cleanTemporaryFiles,2022-09-25,1,Slovakia,ABW
EndocrineHealthMonitor,trackApplicationDependencies,2022-01-05,1,North Korea,CUW
EndocrineHealthMonitor,trackApplicationDependencies,2022-11-22,1,Montenegro,NAM
FertilityAndIVFHelper,generateEncryptionKeys,2023-05-09,1,Micronesia,FIN
PediatricCareAssistant,simulateLoadBalancing,2024-05-29,2,Mauritius,BOL
DentalHealthProfiler,manageResourceAllocation,2024-12-11,2,Seychelles,KAZ
WoundCareToolkit,auditSecurityCompliance,2022-05-30,2,Isle of Man,BEN
PatientFeedbackAnalyzer,analyzeServerPerformance,2024-03-29,1,Mayotte,MYT
WoundCareToolkit,manageResourceAllocation,2022-12-07,1,Azerbaijan,CMR
NeurosurgeryNavigationSystem,restoreArchivedData,2022-09-10,1,Morocco,ATA
FertilityAndIVFHelper,restoreArchivedData,2023-09-05,1,Saint Martin (French part),MDV
HospitalRoomAllocationSystem,monitorNetworkLatency,2024-07-16,1,Belgium,MWI
SurgicalInstrumentTracker,makeBooleanOperationsToFibulaSurgicalGuideBase,2022-07-08,1,Falkland Islands (Malvinas),CHN
DentalHealthProfiler,initializeSystemDiagnostics,2022-02-27,2,Austria,MSR
BloodPressureRegulator,manageResourceAllocation,2024-02-03,1,France,AND
SleepDisorderAnalyzer,restoreArchivedData,2023-07-16,1,Viet Nam,MDV
SleepDisorderAnalyzer,trackApplicationDependencies,2024-02-07,2,Tuvalu,TZA
EmergencyResponseCoordinator,monitorNetworkLatency,2022-04-17,1,Bermuda,ALA
ImmunologyResponseEvaluator,analyzeServerPerformance,2024-12-16,2,"Palestine, State of",SLV
AmbulanceDispatchSystem,makeBooleanOperationsToFibulaSurgicalGuideBase,2024-07-06,1,Togo,MCO
GeneticDisorderExplorer,restoreArchivedData,2023-09-07,1,Nauru,TKM
ObstetricsLaborTracker,configureVirtualMachines,2022-11-26,2,Bulgaria,BGD
NeurosurgeryNavigationSystem,restoreArchivedData,2023-02-03,1,Portugal,IOT
AmbulanceDispatchSystem,onGenerateFibulaPlanesTimerTimeout,2023-10-20,2,Åland Islands,VUT
ENTProcedureGuide,sendFunctionCountToServer,2022-11-03,2,Eritrea,VNM
MedicalWasteManagement,cleanTemporaryFiles,2024-09-10,2,Western Sahara,LBR
ObstetricsLaborTracker,trackApplicationDependencies,2024-05-06,1,Trinidad and Tobago,CHE
MentalHealthTherapyAssistant,onGenerateFibulaPlanesTimerTimeout,2023-12-25,2,Cook Islands,CIV
InfectiousDiseaseMapper,generateEncryptionKeys,2024-02-12,2,Macao,RWA
BloodPressureRegulator,updateFirmwareVersions,2023-06-28,1,French Guiana,TON
WoundCareToolkit,simulateLoadBalancing,2024-08-04,1,Latvia,MCO
MedicalEducationSimulator,sendFunctionCountToServer,2022-04-21,2,Guyana,ARE
SleepDisorderAnalyzer,reportSystemHealthStatus,2023-12-29,1,Ireland,PHL
MentalHealthTherapyAssistant,verifyDataIntegrity,2024-05-02,2,Armenia,ATA
GastrointestinalTracker,deploySoftwareUpdates,2022-04-18,1,Slovakia,MLI
PediatricCareAssistant,sendFunctionCountToServer,2023-09-11,1,Belarus,PNG
GeneticDisorderExplorer,cleanTemporaryFiles,2022-06-30,2,South Sudan,POL
HospitalRoomAllocationSystem,generateEncryptionKeys,2022-07-19,1,Guinea,IRQ
SleepDisorderAnalyzer,validateUserPermissions,2023-06-04,2,Argentina,TKL
NeurosurgeryNavigationSystem,makeBooleanOperationsToFibulaSurgicalGuideBase,2022-01-30,1,Kazakhstan,SXM
HospitalRoomAllocationSystem,monitorNetworkLatency,2023-02-11,1,Antigua and Barbuda,BRB
ENTProcedureGuide,analyzeServerPerformance,2022-05-29,1,Norway,ZAF
RehabilitationExercisePlanner,configureVirtualMachines,2023-11-23,2,Belarus,TCD
HematologyAnalyzer,reportSystemHealthStatus,2023-12-26,2,Comoros,HND
GeneticDisorderExplorer,initializeSystemDiagnostics,2022-03-02,2,Ethiopia,MNP
PulmonaryFunctionTester,reportSystemHealthStatus,2023-02-01,2,Guyana,CYP
MedicalResearchDatabase,makeBooleanOperationsToFibulaSurgicalGuideBase,2022-04-15,1,Saudi Arabia,JAM
PharmacyInventoryManager,simulateLoadBalancing,2022-11-04,2,Bahamas,GRL
MedicalEducationSimulator,initializeSystemDiagnostics,2023-04-27,1,Burkina Faso,PAN
FertilityAndIVFHelper,restoreArchivedData,2023-08-23,2,Macao,TGO
DiabetesCareManager,updateFirmwareVersions,2022-03-12,2,Czech Republic,TCA
NutritionAndDietPlanner,trackApplicationDependencies,2022-06-16,2,Solomon Islands,SSD
BloodPressureRegulator,scheduleSystemBackups,2024-03-31,2,Norway,BHS
RadiologyImagingCenter,configureVirtualMachines,2023-07-18,1,Saint Kitts and Nevis,VIR
PulmonaryFunctionTester,archiveOldLogFiles,2024-01-12,2,Sri Lanka,MNG
PulmonaryFunctionTester,makeBooleanOperationsToFibulaSurgicalGuideBase,2024-09-09,1,Kyrgyzstan,LBR
PharmacyInventoryManager,monitorNetworkLatency,2024-01-25,1,Qatar,AUS
RehabilitationExercisePlanner,makeBooleanOperationsToFibulaSurgicalGuideBase,2024-05-30,1,Azerbaijan,MCO
PulmonaryFunctionTester,optimizeDatabaseQueries,2023-03-17,1,Montserrat,UKR
GastrointestinalTracker,updateFirmwareVersions,2023-05-11,2,"Palestine, State of",GRC
RadiologyImagingCenter,archiveOldLogFiles,2022-06-15,1,Moldova,CUB
PatientFeedbackAnalyzer,monitorNetworkLatency,2023-09-12,1,Turkey,KIR
ObstetricsLaborTracker,updateFirmwareVersions,2024-03-21,2,Cook Islands,SEN
HematologyAnalyzer,configureVirtualMachines,2024-02-04,2,Sri Lanka,ATG
RehabilitationExercisePlanner,cleanTemporaryFiles,2022-05-29,1,Nauru,MOZ
MedicalResearchDatabase,verifyDataIntegrity,2024-02-25,2,Kuwait,AGO
ImmunologyResponseEvaluator,validateUserPermissions,2023-02-06,2,Isle of Man,MNE
BloodPressureRegulator,updateFirmwareVersions,2022-06-17,1,"Palestine, State of",GIB
GeriatricCarePlanner,auditSecurityCompliance,2024-03-13,2,Ethiopia,UMI
GeriatricCarePlanner,auditSecurityCompliance,2022-07-10,1,Samoa,TTO
ObstetricsLaborTracker,onGenerateFibulaPlanesTimerTimeout,2023-03-16,1,Cuba,BVT
EndocrineHealthMonitor,manageResourceAllocation,2023-04-23,2,Senegal,BTN
RadiologyImagingCenter,updateFirmwareVersions,2024-10-11,2,San Marino,SLB
PediatricCareAssistant,optimizeDatabaseQueries,2024-01-08,1,Benin,MWI
PatientEngagementHub,updateFirmwareVersions,2023-03-13,1,Marshall Islands,TLS
SleepDisorderAnalyzer,sendFunctionCountToServer,2024-07-24,2,Haiti,SLV
ObstetricsLaborTracker,simulateLoadBalancing,2022-11-07,1,Belarus,BWA
VaccineAdministrationLog,monitorNetworkLatency,2022-10-20,2,Romania,ATF
MedicalBillingAndCoding,initializeSystemDiagnostics,2023-10-21,1,Mozambique,SUR
SurgicalInstrumentTracker,initializeSystemDiagnostics,2022-07-10,1,Belgium,NGA
ImmunologyResponseEvaluator,restoreArchivedData,2024-06-08,2,Tanzania,YEM
GastrointestinalTracker,onGenerateFibulaPlanesTimerTimeout,2023-06-01,2,Libya,CZE
RadiologyImagingCenter,archiveOldLogFiles,2022-09-14,1,Turkey,VGB
ClinicalTrialManager,optimizeDatabaseQueries,2024-10-24,1,Nepal,STP
NutritionAndDietPlanner,optimizeDatabaseQueries,2022-11-23,2,Panama,TCA
SurgicalInstrumentTracker,verifyDataIntegrity,2023-11-21,2,Mauritius,CIV
MedicalResearchDatabase,trackApplicationDependencies,2024-08-22,2,Uzbekistan,KHM
FitnessAndWellnessGuide,simulateLoadBalancing,2022-08-09,1,Trinidad and Tobago,TKM
EmergencyResponseCoordinator,deploySoftwareUpdates,2024-05-16,2,Belize,IND
NeurosurgeryNavigationSystem,scheduleSystemBackups,2023-06-20,1,Slovenia,GRD
FitnessAndWellnessGuide,restoreArchivedData,2024-12-18,2,Libya,KNA
PharmacyInventoryManager,generateEncryptionKeys,2022-04-11,2,Greece,MKD
PediatricCareAssistant,verifyDataIntegrity,2022-04-28,1,Cuba,OMN
SurgicalInstrumentTracker,reportSystemHealthStatus,2024-09-21,1,San Marino,LCA
NutritionAndDietPlanner,deploySoftwareUpdates,2022-12-28,2,Poland,COM
OphthalmologyVisionAnalyzer,updateFirmwareVersions,2022-03-17,1,Macedonia,BFA
HealthcareComplianceMonitor,cleanTemporaryFiles,2024-06-24,1,Comoros,BGR
RadiologyImagingCenter,configureVirtualMachines,2023-09-29,1,Timor-Leste,SLV
HealthcareComplianceMonitor,analyzeServerPerformance,2024-07-12,1,Belgium,SEN
NeuralNetworkDiagnostics,deploySoftwareUpdates,2023-08-11,2,Solomon Islands,GUY
SleepDisorderAnalyzer,initializeSystemDiagnostics,2022-08-17,2,Falkland Islands (Malvinas),IND
FitnessAndWellnessGuide,monitorNetworkLatency,2024-05-24,1,Grenada,POL
EndocrineHealthMonitor,archiveOldLogFiles,2024-04-07,2,Russian Federation,SSD
UrologyManagementSystem,verifyDataIntegrity,2022-07-13,2,San Marino,LBN
DiabetesCareManager,sendFunctionCountToServer,2022-06-29,1,Nicaragua,JAM
PediatricCareAssistant,verifyDataIntegrity,2024-11-29,2,Slovenia,BTN
RehabilitationExercisePlanner,makeBooleanOperationsToFibulaSurgicalGuideBase,2024-04-26,1,Philippines,BTN
HealthcareComplianceMonitor,verifyDataIntegrity,2022-11-26,1,Heard Island and McDonald Islands,BEL
HealthcareComplianceMonitor,restoreArchivedData,2023-01-05,2,Seychelles,SYR
EndocrineHealthMonitor,sendFunctionCountToServer,2024-07-04,2,Malta,SWE
TelemedicineConsultationPortal,cleanTemporaryFiles,2023-02-21,2,Gibraltar,ERI
RehabilitationExercisePlanner,onGenerateFibulaPlanesTimerTimeout,2022-06-04,2,French Guiana,CHN
ImmunologyResponseEvaluator,simulateLoadBalancing,2022-05-07,2,Romania,VEN
EmergencyResponseCoordinator,auditSecurityCompliance,2024-12-23,1,New Caledonia,COG
ENTProcedureGuide,deploySoftwareUpdates,2024-10-23,1,Uzbekistan,SYC
EndocrineHealthMonitor,calculateOptimalPathways,2024-10-14,1,Kazakhstan,ESP
UrologyManagementSystem,configureVirtualMachines,2022-08-10,2,South Sudan,FRO
MedicalResearchDatabase,auditSecurityCompliance,2023-11-28,2,Jordan,MTQ
EndocrineHealthMonitor,initializeSystemDiagnostics,2022-04-19,2,Northern Mariana Islands,PRK
FertilityAndIVFHelper,auditSecurityCompliance,2024-12-06,1,Barbados,STP
SportsInjuryPreventor,cleanTemporaryFiles,2024-01-07,1,Lesotho,PRK
GastrointestinalTracker,analyzeServerPerformance,2023-05-19,2,Comoros,ARG
EndocrineHealthMonitor,configureVirtualMachines,2022-10-14,2,Greece,ISR
NeurosurgeryNavigationSystem,reportSystemHealthStatus,2023-07-22,2,Uruguay,SOM
HospitalRoomAllocationSystem,analyzeServerPerformance,2022-12-03,2,Jersey,IND
AllergyReactionTracker,optimizeDatabaseQueries,2024-01-02,1,India,ZWE
NeurosurgeryNavigationSystem,makeBooleanOperationsToFibulaSurgicalGuideBase,2022-03-12,1,Botswana,CHN
FitnessAndWellnessGuide,simulateLoadBalancing,2022-06-11,2,Algeria,IRL
SportsInjuryPreventor,onGenerateFibulaPlanesTimerTimeout,2022-06-11,1,Curaçao,VIR
SleepDisorderAnalyzer,initializeSystemDiagnostics,2024-08-31,2,Belarus,BFA
NutritionAndDietPlanner,configureVirtualMachines,2023-12-19,2,Mauritania,MAC
EndocrineHealthMonitor,simulateLoadBalancing,2022-08-27,2,"Taiwan, Province of China",GNB
NutritionAndDietPlanner,auditSecurityCompliance,2023-01-29,1,Botswana,ROU
SurgicalInstrumentTracker,calculateOptimalPathways,2024-03-12,2,Marshall Islands,MMR
RadiologyImagingCenter,manageResourceAllocation,2023-02-19,2,Canada,KAZ
ENTProcedureGuide,analyzeServerPerformance,2024-05-10,2,Vanuatu,JPN
InfectiousDiseaseMapper,calculateOptimalPathways,2024-08-29,2,Somalia,SWE
FertilityAndIVFHelper,makeBooleanOperationsToFibulaSurgicalGuideBase,2022-06-04,1,Heard Island and McDonald Islands,JEY
GeneticDisorderExplorer,cleanTemporaryFiles,2024-11-09,1,Ireland,AUT
MedicalResearchDatabase,calculateOptimalPathways,2022-03-06,1,Macao,TON
SleepDisorderAnalyzer,deploySoftwareUpdates,2022-06-12,2,Western Sahara,AFG
HematologyAnalyzer,trackApplicationDependencies,2023-11-14,2,Finland,IND
DiabetesCareManager,onGenerateFibulaPlanesTimerTimeout,2023-07-27,2,Martinique,CCK
NutritionAndDietPlanner,cleanTemporaryFiles,2024-03-25,2,Mozambique,WSM
SubstanceAbuseCounselor,validateUserPermissions,2024-03-03,2,United Kingdom,CYP
ClinicalTrialManager,auditSecurityCompliance,2024-04-02,1,Moldova,ARG
PatientEngagementHub,analyzeServerPerformance,2023-09-15,1,Uruguay,HKG
PulmonaryFunctionTester,updateFirmwareVersions,2022-01-14,1,Lao People's Democratic Republic,PRY
HealthcareComplianceMonitor,verifyDataIntegrity,2024-02-07,2,Macao,SUR
PatientEngagementHub,restoreArchivedData,2024-06-14,2,Cabo Verde,ATA
SubstanceAbuseCounselor,trackApplicationDependencies,2023-11-27,1,Timor-Leste,SLE
EmergencyResponseCoordinator,sendFunctionCountToServer,2024-11-13,1,Czech Republic,SLV
ImmunologyResponseEvaluator,sendFunctionCountToServer,2022-05-27,2,Sint Maarten (Dutch part),LUX
PharmacyInventoryManager,monitorNetworkLatency,2022-07-09,1,Malta,KHM
GeneticDisorderExplorer,generateEncryptionKeys,2024-04-28,2,Malawi,WSM
PatientEngagementHub,deploySoftwareUpdates,2022-02-07,1,Guernsey,PRY
NutritionAndDietPlanner,deploySoftwareUpdates,2023-01-20,2,Serbia,PRT
MedicalBillingAndCoding,initializeSystemDiagnostics,2022-06-21,1,Saint Helena,BWA
BloodPressureRegulator,configureVirtualMachines,2023-08-18,2,Mayotte,ARG
OphthalmologyVisionAnalyzer,optimizeDatabaseQueries,2024-10-02,1,El Salvador,PER
ENTProcedureGuide,reportSystemHealthStatus,2024-04-25,1,Cocos (Keeling) Islands,CZE
PharmacyInventoryManager,verifyDataIntegrity,2023-09-06,2,Tajikistan,VNM
HematologyAnalyzer,simulateLoadBalancing,2024-06-29,1,Italy,SYC
InfectiousDiseaseMapper,calculateOptimalPathways,2023-11-21,2,Virgin Islands (U.S.),VNM
OrthopedicProcedureSimulator,verifyDataIntegrity,2024-02-28,1,Nicaragua,MCO
PediatricCareAssistant,trackApplicationDependencies,2024-05-20,2,Cyprus,PSE
FitnessAndWellnessGuide,configureVirtualMachines,2024-03-10,2,Ethiopia,UKR
MedicalResearchDatabase,deploySoftwareUpdates,2023-06-24,2,Kyrgyzstan,LIE
AllergyReactionTracker,manageResourceAllocation,2023-02-09,2,Virgin Islands (British),JOR
NeurosurgeryNavigationSystem,sendFunctionCountToServer,2023-04-03,2,Malaysia,GUY
HealthcareComplianceMonitor,scheduleSystemBackups,2022-12-13,1,Angola,JAM
BloodPressureRegulator,deploySoftwareUpdates,2024-09-13,1,Tonga,USA
OphthalmologyVisionAnalyzer,monitorNetworkLatency,2024-08-07,2,Oman,LCA
FertilityAndIVFHelper,restoreArchivedData,2024-04-13,2,Fiji,NPL
NeuralNetworkDiagnostics,validateUserPermissions,2023-08-29,1,Austria,BHR
MedicalWasteManagement,onGenerateFibulaPlanesTimerTimeout,2022-03-31,1,Macao,BDI
MentalHealthTherapyAssistant,deploySoftwareUpdates,2024-08-23,1,Samoa,TLS
TelemedicineConsultationPortal,calculateOptimalPathways,2024-05-01,2,Solomon Islands,LCA
OncologyTreatmentOptimizer,trackApplicationDependencies,2024-09-22,2,Mozambique,MNG
MedicalBillingAndCoding,trackApplicationDependencies,2022-07-07,2,Singapore,POL
BloodPressureRegulator,cleanTemporaryFiles,2024-02-06,2,Thailand,SGP
OncologyTreatmentOptimizer,configureVirtualMachines,2022-08-06,2,Barbados,GIB
UrologyManagementSystem,reportSystemHealthStatus,2022-09-22,1,Canada,KIR
PainManagementAdvisor,archiveOldLogFiles,2023-04-19,1,Sri Lanka,SDN
UrologyManagementSystem,initializeSystemDiagnostics,2022-11-02,1,Botswana,CUB
InfectiousDiseaseMapper,analyzeServerPerformance,2022-08-28,2,Lao People's Democratic Republic,SLB
FitnessAndWellnessGuide,initializeSystemDiagnostics,2024-09-23,2,Kazakhstan,EGY
TelemedicineConsultationPortal,makeBooleanOperationsToFibulaSurgicalGuideBase,2022-03-27,1,Brunei Darussalam,CUB
PatientEngagementHub,trackApplicationDependencies,2022-09-21,2,Pitcairn,ARG
DermatologyTreatmentPlanner,simulateLoadBalancing,2024-12-29,1,Afghanistan,MAR
MedicalWasteManagement,calculateOptimalPathways,2022-09-01,2,Kuwait,HND
OphthalmologyVisionAnalyzer,configureVirtualMachines,2023-08-10,2,Croatia,BLZ
PharmacyInventoryManager,cleanTemporaryFiles,2023-10-29,1,Suriname,PRT
CardiovascularAssessmentTool,analyzeServerPerformance,2024-08-15,2,Czech Republic,BEL
PharmacyInventoryManager,auditSecurityCompliance,2024-06-05,1,Martinique,BMU
ENTProcedureGuide,updateFirmwareVersions,2024-02-15,2,Anguilla,MAR
GeriatricCarePlanner,generateEncryptionKeys,2022-11-28,1,Brazil,ISL
InfectiousDiseaseMapper,reportSystemHealthStatus,2024-10-14,2,Cuba,KIR
GeneticDisorderExplorer,manageResourceAllocation,2022-11-04,1,Angola,SGS
EndocrineHealthMonitor,validateUserPermissions,2024-12-10,2,Eritrea,FIN
ObstetricsLaborTracker,simulateLoadBalancing,2023-01-28,1,Anguilla,VUT
SubstanceAbuseCounselor,calculateOptimalPathways,2022-01-02,1,"Bonaire, Sint Eustatius and Saba",MHL
FertilityAndIVFHelper,validateUserPermissions,2023-05-05,2,Singapore,GIB
OphthalmologyVisionAnalyzer,deploySoftwareUpdates,2022-10-08,1,Iraq,KHM
TelemedicineConsultationPortal,auditSecurityCompliance,2022-12-05,1,Saint Vincent and the Grenadines,MEX
MedicalWasteManagement,analyzeServerPerformance,2023-05-07,1,"Taiwan, Province of China",SVK
PediatricCareAssistant,updateFirmwareVersions,2022-05-03,1,Kyrgyzstan,VCT
ObstetricsLaborTracker,generateEncryptionKeys,2022-09-10,1,Grenada,LVA
ENTProcedureGuide,analyzeServerPerformance,2023-10-22,2,Tokelau,CHL
OphthalmologyVisionAnalyzer,sendFunctionCountToServer,2023-02-06,2,Madagascar,JOR
VaccineAdministrationLog,initializeSystemDiagnostics,2023-05-21,2,Bolivia,ZAF
InfectiousDiseaseMapper,validateUserPermissions,2023-02-20,2,Greece,MDA
DermatologyTreatmentPlanner,monitorNetworkLatency,2023-06-20,1,Samoa,BIH
HealthcareComplianceMonitor,updateFirmwareVersions,2023-11-09,1,Colombia,FRO
DentalHealthProfiler,auditSecurityCompliance,2023-07-29,2,Myanmar,MEX
GastrointestinalTracker,reportSystemHealthStatus,2024-09-28,2,Wallis and Futuna,ITA
EndocrineHealthMonitor,manageResourceAllocation,2024-04-03,2,Wallis and Futuna,MAF
UrologyManagementSystem,validateUserPermissions,2023-02-08,1,Romania,BEN
PharmacyInventoryManager,deploySoftwareUpdates,2023-08-18,2,Grenada,MMR
OrthopedicProcedureSimulator,sendFunctionCountToServer,2023-08-26,2,Australia,BIH
HospitalRoomAllocationSystem,updateFirmwareVersions,2023-07-12,2,Guernsey,SVN
SurgicalInstrumentTracker,verifyDataIntegrity,2022-05-03,1,Denmark,ISR
AllergyReactionTracker,scheduleSystemBackups,2022-12-04,2,Turkey,FRO
EndocrineHealthMonitor,calculateOptimalPathways,2024-12-18,2,Cook Islands,SSD
HealthcarePolicyLibrary,reportSystemHealthStatus,2024-06-17,1,Cabo Verde,ASM
ObstetricsLaborTracker,manageResourceAllocation,2024-06-20,2,Bahamas,MLI
FitnessAndWellnessGuide,onGenerateFibulaPlanesTimerTimeout,2024-11-22,1,Hungary,SDN
ENTProcedureGuide,verifyDataIntegrity,2024-04-12,1,Niue,MLI
NeurosurgeryNavigationSystem,verifyDataIntegrity,2022-12-23,2,Equatorial Guinea,PER
GastrointestinalTracker,simulateLoadBalancing,2023-08-18,1,Equatorial Guinea,VUT
BloodPressureRegulator,updateFirmwareVersions,2024-07-15,2,Aruba,DEU
GastrointestinalTracker,generateEncryptionKeys,2024-06-23,2,Jersey,IRL
HealthcareComplianceMonitor,verifyDataIntegrity,2022-07-25,1,Saint Martin (French part),TJK
GeriatricCarePlanner,restoreArchivedData,2022-06-14,2,Honduras,MDA
MedicalEducationSimulator,initializeSystemDiagnostics,2023-05-18,2,Guatemala,UMI
HealthcareComplianceMonitor,trackApplicationDependencies,2024-05-10,2,Brazil,SDN
SleepDisorderAnalyzer,restoreArchivedData,2022-11-19,1,Lesotho,MNP
ImmunologyResponseEvaluator,restoreArchivedData,2022-11-24,2,Aruba,LBN
NeurosurgeryNavigationSystem,scheduleSystemBackups,2023-06-01,1,Mexico,IRN
MedicalWasteManagement,calculateOptimalPathways,2024-10-30,2,Antarctica,CHL
FitnessAndWellnessGuide,makeBooleanOperationsToFibulaSurgicalGuideBase,2024-04-22,2,Mali,CPV
HealthcareComplianceMonitor,restoreArchivedData,2023-11-22,2,Myanmar,BFA
SportsInjuryPreventor,verifyDataIntegrity,2024-01-23,1,Colombia,GGY
AmbulanceDispatchSystem,restoreArchivedData,2023-08-25,1,Indonesia,IND
HealthcarePolicyLibrary,monitorNetworkLatency,2022-02-13,1,Argentina,SJM
RehabilitationExercisePlanner,deploySoftwareUpdates,2023-11-19,2,Malta,BRN
MentalHealthTherapyAssistant,restoreArchivedData,2023-12-30,1,Indonesia,URY
DentalHealthProfiler,manageResourceAllocation,2024-05-15,1,Colombia,KEN
SportsInjuryPreventor,cleanTemporaryFiles,2024-03-05,1,Mexico,PRI
RadiologyImagingCenter,archiveOldLogFiles,2022-08-10,2,Kenya,DMA
NeuralNetworkDiagnostics,updateFirmwareVersions,2022-10-03,2,Italy,ISL
MentalHealthTherapyAssistant,deploySoftwareUpdates,2023-06-22,1,Afghanistan,BLZ
CardiovascularAssessmentTool,manageResourceAllocation,2023-12-07,2,Macao,JAM
PulmonaryFunctionTester,makeBooleanOperationsToFibulaSurgicalGuideBase,2023-01-21,2,Kyrgyzstan,ROU
NeuralNetworkDiagnostics,configureVirtualMachines,2024-04-23,1,Luxembourg,TUN
EmergencyResponseCoordinator,scheduleSystemBackups,2024-05-23,2,Czech Republic,ATF
MentalHealthTherapyAssistant,monitorNetworkLatency,2022-07-22,1,Jordan,NAM
EndocrineHealthMonitor,monitorNetworkLatency,2024-12-22,2,France,MLT
WoundCareToolkit,simulateLoadBalancing,2022-11-16,2,South Sudan,ARG
MentalHealthTherapyAssistant,verifyDataIntegrity,2024-05-01,2,Canada,KWT
HospitalRoomAllocationSystem,generateEncryptionKeys,2023-06-20,2,United States,LKA
NeuralNetworkDiagnostics,verifyDataIntegrity,2024-09-02,1,Guinea,MUS
SportsInjuryPreventor,manageResourceAllocation,2022-09-23,1,Pakistan,GTM
OncologyTreatmentOptimizer,analyzeServerPerformance,2023-12-28,2,Mongolia,ABW
MentalHealthTherapyAssistant,trackApplicationDependencies,2022-10-14,1,Martinique,GIN
CardiovascularAssessmentTool,restoreArchivedData,2022-07-07,2,Samoa,GRD
GeriatricCarePlanner,configureVirtualMachines,2022-06-26,1,Comoros,MAR
MentalHealthTherapyAssistant,manageResourceAllocation,2023-03-15,1,Colombia,ATA
PatientFeedbackAnalyzer,updateFirmwareVersions,2024-07-31,1,Madagascar,MCO
SleepDisorderAnalyzer,scheduleSystemBackups,2023-10-16,1,Gabon,ROU
PainManagementAdvisor,trackApplicationDependencies,2022-12-05,1,Saint Lucia,ISL
HealthcarePolicyLibrary,monitorNetworkLatency,2022-06-17,2,Martinique,COG
OrthopedicProcedureSimulator,sendFunctionCountToServer,2023-10-02,2,Saint Martin (French part),CRI
MedicalEducationSimulator,monitorNetworkLatency,2024-09-20,1,Kuwait,WLF
DermatologyTreatmentPlanner,optimizeDatabaseQueries,2024-06-01,1,Antigua and Barbuda,ZAF
HealthcareComplianceMonitor,optimizeDatabaseQueries,2022-10-08,1,Central African Republic,GTM
InfectiousDiseaseMapper,optimizeDatabaseQueries,2023-06-29,2,Bouvet Island,TUV
FertilityAndIVFHelper,onGenerateFibulaPlanesTimerTimeout,2023-07-22,2,Jersey,BVT
RehabilitationExercisePlanner,calculateOptimalPathways,2022-05-14,1,Japan,SVK
TelemedicineConsultationPortal,deploySoftwareUpdates,2024-07-14,1,Albania,FLK
OphthalmologyVisionAnalyzer,calculateOptimalPathways,2023-11-03,2,Liberia,SMR
SurgicalInstrumentTracker,sendFunctionCountToServer,2023-07-17,2,Micronesia,UZB
PediatricCareAssistant,trackApplicationDependencies,2024-11-09,1,Djibouti,ARM
PatientEngagementHub,verifyDataIntegrity,2023-01-12,1,Egypt,NER
NeurosurgeryNavigationSystem,manageResourceAllocation,2022-02-09,2,"Taiwan, Province of China",TZA
PediatricCareAssistant,validateUserPermissions,2022-07-27,1,Congo,PCN
PatientFeedbackAnalyzer,manageResourceAllocation,2023-04-17,2,United Arab Emirates,BHR
ObstetricsLaborTracker,archiveOldLogFiles,2022-10-17,2,Portugal,EST
HealthcarePolicyLibrary,archiveOldLogFiles,2024-07-21,2,Australia,TKL
AllergyReactionTracker,restoreArchivedData,2023-07-02,1,Russian Federation,RWA
FertilityAndIVFHelper,simulateLoadBalancing,2022-10-16,2,Honduras,ZAF
SubstanceAbuseCounselor,archiveOldLogFiles,2024-07-03,1,Svalbard and Jan Mayen,UZB
RehabilitationExercisePlanner,verifyDataIntegrity,2024-09-21,1,Trinidad and Tobago,BHR
ClinicalTrialManager,generateEncryptionKeys,2023-03-04,1,Senegal,KIR
ClinicalTrialManager,updateFirmwareVersions,2024-01-10,2,Spain,GTM
DentalHealthProfiler,analyzeServerPerformance,2024-04-12,2,Greenland,COG
MentalHealthTherapyAssistant,calculateOptimalPathways,2022-12-13,2,Kenya,CYP
OrthopedicProcedureSimulator,generateEncryptionKeys,2022-11-06,1,Angola,GNB
OncologyTreatmentOptimizer,initializeSystemDiagnostics,2023-09-29,2,Myanmar,SWZ
MedicalEducationSimulator,onGenerateFibulaPlanesTimerTimeout,2022-05-31,2,Saint Lucia,MYS
PatientEngagementHub,simulateLoadBalancing,2024-07-22,1,Aruba,LKA
MedicalBillingAndCoding,configureVirtualMachines,2024-05-07,1,Cabo Verde,KOR
PatientEngagementHub,optimizeDatabaseQueries,2022-12-04,2,Philippines,HMD
HealthcareComplianceMonitor,sendFunctionCountToServer,2023-08-24,2,Tonga,AUT
ObstetricsLaborTracker,trackApplicationDependencies,2022-04-09,1,Serbia,BLM
HematologyAnalyzer,manageResourceAllocation,2022-07-26,1,Antarctica,PRI
SportsInjuryPreventor,updateFirmwareVersions,2022-11-27,2,United Kingdom,PHL
FitnessAndWellnessGuide,makeBooleanOperationsToFibulaSurgicalGuideBase,2024-01-08,2,Kiribati,UZB
RehabilitationExercisePlanner,analyzeServerPerformance,2024-02-13,2,Greece,GAB
NeuralNetworkDiagnostics,onGenerateFibulaPlanesTimerTimeout,2024-09-12,2,San Marino,BHR
MedicalEducationSimulator,verifyDataIntegrity,2022-01-25,1,Macedonia,PCN
EmergencyResponseCoordinator,makeBooleanOperationsToFibulaSurgicalGuideBase,2022-02-16,2,Madagascar,TUV
ClinicalTrialManager,verifyDataIntegrity,2024-01-17,1,India,AUS
RadiologyImagingCenter,generateEncryptionKeys,2023-07-09,2,Kuwait,GTM
PatientEngagementHub,reportSystemHealthStatus,2022-10-13,1,Cameroon,TKL
PediatricCareAssistant,initializeSystemDiagnostics,2024-01-19,2,Norway,OMN
DiabetesCareManager,monitorNetworkLatency,2022-05-22,2,Canada,TLS
DermatologyTreatmentPlanner,scheduleSystemBackups,2023-10-11,2,South Sudan,GHA
HealthcarePolicyLibrary,initializeSystemDiagnostics,2022-03-15,2,Côte d'Ivoire,MLT
SportsInjuryPreventor,deploySoftwareUpdates,2023-04-16,2,Jamaica,LVA
InfectiousDiseaseMapper,generateEncryptionKeys,2024-11-25,1,Bermuda,KEN
DermatologyTreatmentPlanner,initializeSystemDiagnostics,2022-11-04,1,Western Sahara,SGP
EmergencyResponseCoordinator,generateEncryptionKeys,2024-11-10,1,Qatar,WLF
RehabilitationExercisePlanner,updateFirmwareVersions,2022-05-07,1,Finland,TKM
SleepDisorderAnalyzer,optimizeDatabaseQueries,2022-12-11,2,Sudan,MDV
DentalHealthProfiler,simulateLoadBalancing,2024-06-11,1,Greece,RWA
PulmonaryFunctionTester,auditSecurityCompliance,2022-11-04,1,Serbia,TWN
PainManagementAdvisor,generateEncryptionKeys,2022-08-21,2,Lesotho,ISR
OphthalmologyVisionAnalyzer,scheduleSystemBackups,2023-08-19,1,Netherlands,ETH
PulmonaryFunctionTester,auditSecurityCompliance,2023-12-10,1,Serbia,URY
PainManagementAdvisor,analyzeServerPerformance,2022-04-06,2,Liberia,TZA
MedicalEducationSimulator,sendFunctionCountToServer,2023-07-19,2,Saint Lucia,VCT
DiabetesCareManager,calculateOptimalPathways,2024-09-11,2,Sierra Leone,SMR
MedicalEducationSimulator,optimizeDatabaseQueries,2023-03-07,1,Iran,BFA
EndocrineHealthMonitor,calculateOptimalPathways,2023-10-28,1,Guinea-Bissau,CYP
FitnessAndWellnessGuide,simulateLoadBalancing,2022-02-14,2,Northern Mariana Islands,BMU
GeriatricCarePlanner,makeBooleanOperationsToFibulaSurgicalGuideBase,2023-08-27,1,Cook Islands,CMR
MedicalResearchDatabase,sendFunctionCountToServer,2022-08-23,1,Dominican Republic,GUM
HealthcareComplianceMonitor,analyzeServerPerformance,2022-03-19,1,Monaco,SVN
DentalHealthProfiler,initializeSystemDiagnostics,2022-01-06,2,Yemen,SOM
DermatologyTreatmentPlanner,calculateOptimalPathways,2024-10-06,2,Philippines,AND
UrologyManagementSystem,scheduleSystemBackups,2024-03-28,2,Lesotho,BRB
ImmunologyResponseEvaluator,initializeSystemDiagnostics,2022-11-10,2,Andorra,SAU
RadiologyImagingCenter,monitorNetworkLatency,2024-08-08,2,Montenegro,GIN
ImmunologyResponseEvaluator,reportSystemHealthStatus,2024-10-25,1,Montserrat,SMR
PatientEngagementHub,restoreArchivedData,2022-11-23,2,United States,NLD
DiabetesCareManager,manageResourceAllocation,2024-03-17,2,China,MMR
AmbulanceDispatchSystem,monitorNetworkLatency,2023-08-14,1,Liechtenstein,HTI
NeurosurgeryNavigationSystem,makeBooleanOperationsToFibulaSurgicalGuideBase,2024-06-23,1,Northern Mariana Islands,FRO
OphthalmologyVisionAnalyzer,onGenerateFibulaPlanesTimerTimeout,2022-01-17,2,Syrian Arab Republic,SUR
PulmonaryFunctionTester,sendFunctionCountToServer,2024-02-10,2,Puerto Rico,ATA
CardiovascularAssessmentTool,onGenerateFibulaPlanesTimerTimeout,2024-01-17,2,Western Sahara,BGD
RadiologyImagingCenter,initializeSystemDiagnostics,2023-06-24,2,Mexico,GTM
TelemedicineConsultationPortal,restoreArchivedData,2023-11-13,1,Malta,CUW
RehabilitationExercisePlanner,reportSystemHealthStatus,2023-10-22,2,Spain,JAM
NeuralNetworkDiagnostics,configureVirtualMachines,2022-03-08,1,Zimbabwe,RUS
HematologyAnalyzer,restoreArchivedData,2023-08-11,2,Moldova,SHN
SubstanceAbuseCounselor,verifyDataIntegrity,2022-03-19,1,Albania,KNA
TelemedicineConsultationPortal,monitorNetworkLatency,2022-06-07,1,Cabo Verde,MAR
ObstetricsLaborTracker,generateEncryptionKeys,2023-09-12,1,Kazakhstan,SWE
TelemedicineConsultationPortal,verifyDataIntegrity,2023-04-05,2,Haiti,MYS
HealthcarePolicyLibrary,restoreArchivedData,2023-12-11,2,Nepal,MDV
ENTProcedureGuide,manageResourceAllocation,2024-02-11,1,Nepal,MHL
PainManagementAdvisor,configureVirtualMachines,2023-09-13,1,Somalia,ALB
PediatricCareAssistant,simulateLoadBalancing,2024-05-12,2,American Samoa,TLS
HealthcareComplianceMonitor,makeBooleanOperationsToFibulaSurgicalGuideBase,2022-06-25,2,Hungary,FJI
DiabetesCareManager,cleanTemporaryFiles,2022-02-13,1,Trinidad and Tobago,CRI
FertilityAndIVFHelper,makeBooleanOperationsToFibulaSurgicalGuideBase,2022-12-25,2,Lao People's Democratic Republic,ATA
PharmacyInventoryManager,cleanTemporaryFiles,2023-09-17,1,Nicaragua,DOM
MedicalWasteManagement,monitorNetworkLatency,2024-04-24,1,Japan,KWT
MedicalEducationSimulator,reportSystemHealthStatus,2024-05-02,2,Bahrain,ALB
NutritionAndDietPlanner,cleanTemporaryFiles,2024-03-20,1,Cocos (Keeling) Islands,LUX
NeuralNetworkDiagnostics,onGenerateFibulaPlanesTimerTimeout,2022-12-04,2,Tanzania,MNG
WoundCareToolkit,reportSystemHealthStatus,2023-02-05,2,Montserrat,TGO
TelemedicineConsultationPortal,onGenerateFibulaPlanesTimerTimeout,2022-05-09,2,Marshall Islands,CPV
ENTProcedureGuide,restoreArchivedData,2023-09-20,2,Kyrgyzstan,VCT
RadiologyImagingCenter,trackApplicationDependencies,2023-06-24,2,Germany,ASM
DentalHealthProfiler,generateEncryptionKeys,2022-08-04,1,Lebanon,GIN
PatientEngagementHub,initializeSystemDiagnostics,2024-12-18,1,"Taiwan, Province of China",NIU
MedicalEducationSimulator,verifyDataIntegrity,2024-10-28,2,Equatorial Guinea,FJI
GastrointestinalTracker,cleanTemporaryFiles,2022-07-26,1,French Polynesia,PSE
EmergencyResponseCoordinator,analyzeServerPerformance,2023-11-03,1,Colombia,LBN
ObstetricsLaborTracker,verifyDataIntegrity,2022-02-04,1,Luxembourg,NPL
EmergencyResponseCoordinator,validateUserPermissions,2024-06-03,1,Cayman Islands,GMB
GeriatricCarePlanner,initializeSystemDiagnostics,2023-05-18,2,Djibouti,IRL
PulmonaryFunctionTester,optimizeDatabaseQueries,2023-04-13,2,Costa Rica,SMR
DiabetesCareManager,optimizeDatabaseQueries,2022-10-14,1,Georgia,ITA
HospitalRoomAllocationSystem,sendFunctionCountToServer,2022-11-16,2,Sweden,BOL
MentalHealthTherapyAssistant,restoreArchivedData,2023-02-19,1,Italy,SPM
PediatricCareAssistant,verifyDataIntegrity,2022-05-03,1,Bouvet Island,NIC
NutritionAndDietPlanner,auditSecurityCompliance,2023-05-03,2,Cabo Verde,AGO
TelemedicineConsultationPortal,manageResourceAllocation,2024-11-21,1,Guinea-Bissau,SVK
SurgicalInstrumentTracker,optimizeDatabaseQueries,2024-12-21,2,Guatemala,GRD
SurgicalInstrumentTracker,onGenerateFibulaPlanesTimerTimeout,2024-11-23,2,Antarctica,GUM
HospitalRoomAllocationSystem,sendFunctionCountToServer,2022-12-29,1,Senegal,IOT
UrologyManagementSystem,deploySoftwareUpdates,2022-09-22,1,Seychelles,BOL
WoundCareToolkit,updateFirmwareVersions,2024-07-11,2,Madagascar,GIN
MentalHealthTherapyAssistant,restoreArchivedData,2024-12-16,1,Faroe Islands,VGB
HealthcarePolicyLibrary,monitorNetworkLatency,2024-10-20,2,Montenegro,BRN
PulmonaryFunctionTester,initializeSystemDiagnostics,2023-05-15,1,Mongolia,LTU
NeuralNetworkDiagnostics,reportSystemHealthStatus,2022-10-08,1,Bangladesh,FIN
DentalHealthProfiler,monitorNetworkLatency,2023-02-22,2,Isle of Man,NER
FertilityAndIVFHelper,scheduleSystemBackups,2024-01-30,1,Spain,FRA
ClinicalTrialManager,initializeSystemDiagnostics,2024-12-06,1,Kazakhstan,KIR
OphthalmologyVisionAnalyzer,configureVirtualMachines,2022-10-11,1,Isle of Man,MYS
RehabilitationExercisePlanner,scheduleSystemBackups,2023-10-29,1,Mali,BLR
GeriatricCarePlanner,makeBooleanOperationsToFibulaSurgicalGuideBase,2024-11-18,2,Cameroon,MAF
InfectiousDiseaseMapper,cleanTemporaryFiles,2023-05-18,1,Uruguay,SMR
DentalHealthProfiler,generateEncryptionKeys,2022-03-04,2,Gabon,ISR
FitnessAndWellnessGuide,trackApplicationDependencies,2022-06-30,2,Germany,ISL
DermatologyTreatmentPlanner,configureVirtualMachines,2023-06-30,2,Paraguay,GNB
MedicalEducationSimulator,archiveOldLogFiles,2022-06-04,2,Bermuda,EST
ObstetricsLaborTracker,initializeSystemDiagnostics,2024-08-11,2,Germany,AUT
RehabilitationExercisePlanner,archiveOldLogFiles,2024-04-17,1,Falkland Islands (Malvinas),CAF
HematologyAnalyzer,makeBooleanOperationsToFibulaSurgicalGuideBase,2022-12-01,1,Aruba,MOZ
SurgicalInstrumentTracker,analyzeServerPerformance,2022-11-09,2,Finland,IND
OphthalmologyVisionAnalyzer,configureVirtualMachines,2022-07-19,2,"Taiwan, Province of China",MSR
PharmacyInventoryManager,auditSecurityCompliance,2023-07-17,2,Mongolia,FLK
ClinicalTrialManager,calculateOptimalPathways,2023-08-18,1,Guernsey,FRO
RehabilitationExercisePlanner,initializeSystemDiagnostics,2024-05-14,2,Norway,HRV
ClinicalTrialManager,validateUserPermissions,2022-09-13,1,Chile,PYF
MedicalBillingAndCoding,archiveOldLogFiles,2022-01-11,2,Cocos (Keeling) Islands,MKD
MentalHealthTherapyAssistant,analyzeServerPerformance,2024-03-10,2,Paraguay,BHS
MedicalEducationSimulator,sendFunctionCountToServer,2024-11-13,2,Slovakia,MLI
PatientFeedbackAnalyzer,analyzeServerPerformance,2022-08-22,2,Belize,REU
PatientEngagementHub,deploySoftwareUpdates,2022-11-07,1,Germany,BTN
FitnessAndWellnessGuide,generateEncryptionKeys,2023-03-14,1,Latvia,DZA
EmergencyResponseCoordinator,reportSystemHealthStatus,2024-03-11,1,Moldova,ABW
SportsInjuryPreventor,simulateLoadBalancing,2023-03-27,2,"Palestine, State of",NRU
SportsInjuryPreventor,analyzeServerPerformance,2024-06-20,1,Cambodia,REU
HealthcareComplianceMonitor,reportSystemHealthStatus,2022-11-28,2,Belgium,CXR
PulmonaryFunctionTester,configureVirtualMachines,2022-05-13,2,American Samoa,BVT
HospitalRoomAllocationSystem,auditSecurityCompliance,2022-02-08,2,Senegal,GEO
PatientFeedbackAnalyzer,auditSecurityCompliance,2024-09-02,2,Ghana,BRN
PharmacyInventoryManager,deploySoftwareUpdates,2022-11-10,2,Bahamas,PER
MedicalBillingAndCoding,generateEncryptionKeys,2023-01-15,1,Libya,SLE
AllergyReactionTracker,manageResourceAllocation,2023-05-24,2,Guyana,SLB
MedicalWasteManagement,trackApplicationDependencies,2023-07-03,2,Curaçao,HRV
OphthalmologyVisionAnalyzer,initializeSystemDiagnostics,2022-08-16,1,Georgia,GIN
GeriatricCarePlanner,verifyDataIntegrity,2022-04-12,2,Bermuda,IOT
ClinicalTrialManager,deploySoftwareUpdates,2023-04-21,2,Uruguay,ECU
GeriatricCarePlanner,configureVirtualMachines,2023-05-18,1,South Korea,FSM
PediatricCareAssistant,deploySoftwareUpdates,2022-03-01,2,Austria,HUN
AllergyReactionTracker,scheduleSystemBackups,2022-07-29,2,Dominican Republic,IOT
SportsInjuryPreventor,auditSecurityCompliance,2022-04-01,1,Comoros,IRQ
OrthopedicProcedureSimulator,validateUserPermissions,2022-11-03,2,Costa Rica,TCD
NutritionAndDietPlanner,configureVirtualMachines,2022-07-05,1,Pakistan,DZA
HematologyAnalyzer,monitorNetworkLatency,2023-11-30,2,Brazil,MRT
PatientFeedbackAnalyzer,trackApplicationDependencies,2022-10-31,2,Egypt,VEN
ENTProcedureGuide,sendFunctionCountToServer,2024-02-27,2,Lesotho,AFG
WoundCareToolkit,monitorNetworkLatency,2023-02-02,1,Senegal,OMN
DermatologyTreatmentPlanner,validateUserPermissions,2024-10-04,1,Singapore,LSO
RehabilitationExercisePlanner,archiveOldLogFiles,2022-03-29,1,Russian Federation,SUR
PatientFeedbackAnalyzer,archiveOldLogFiles,2022-01-18,1,Virgin Islands (U.S.),BIH
ObstetricsLaborTracker,calculateOptimalPathways,2022-09-28,1,Åland Islands,DZA
CardiovascularAssessmentTool,configureVirtualMachines,2024-10-06,2,Romania,HMD
HealthcareComplianceMonitor,updateFirmwareVersions,2023-10-03,2,Kenya,ESH
GeriatricCarePlanner,auditSecurityCompliance,2022-07-15,1,Cuba,HTI
FertilityAndIVFHelper,manageResourceAllocation,2024-06-21,2,Curaçao,FIN
FitnessAndWellnessGuide,monitorNetworkLatency,2022-05-29,2,Georgia,GIN
MedicalResearchDatabase,scheduleSystemBackups,2023-11-16,2,Mayotte,CUB
WoundCareToolkit,onGenerateFibulaPlanesTimerTimeout,2022-06-04,1,Wallis and Futuna,PHL
AmbulanceDispatchSystem,optimizeDatabaseQueries,2022-03-09,2,Cayman Islands,SXM
MedicalBillingAndCoding,optimizeDatabaseQueries,2022-09-18,2,United States,GEO
DiabetesCareManager,archiveOldLogFiles,2024-03-07,2,Svalbard and Jan Mayen,IRN
FertilityAndIVFHelper,updateFirmwareVersions,2024-08-27,1,Tokelau,AUS
PediatricCareAssistant,simulateLoadBalancing,2023-02-07,2,San Marino,IMN
EndocrineHealthMonitor,scheduleSystemBackups,2023-04-20,1,Costa Rica,BMU
MedicalBillingAndCoding,monitorNetworkLatency,2024-07-05,2,Azerbaijan,MYT
DermatologyTreatmentPlanner,verifyDataIntegrity,2022-05-27,1,Antigua and Barbuda,SMR
EmergencyResponseCoordinator,scheduleSystemBackups,2022-09-18,1,Zambia,NFK
FertilityAndIVFHelper,initializeSystemDiagnostics,2024-12-06,1,Cameroon,RUS
SubstanceAbuseCounselor,initializeSystemDiagnostics,2024-02-19,2,Svalbard and Jan Mayen,SXM
NeuralNetworkDiagnostics,trackApplicationDependencies,2023-05-26,1,Swaziland,LUX
NeurosurgeryNavigationSystem,optimizeDatabaseQueries,2022-09-12,1,Paraguay,CHE
VaccineAdministrationLog,restoreArchivedData,2022-06-12,1,Uruguay,MOZ
PediatricCareAssistant,generateEncryptionKeys,2024-08-02,1,Botswana,BTN
OncologyTreatmentOptimizer,makeBooleanOperationsToFibulaSurgicalGuideBase,2022-12-10,1,Uzbekistan,MKD
VaccineAdministrationLog,deploySoftwareUpdates,2023-05-31,1,Gambia,REU
GeriatricCarePlanner,reportSystemHealthStatus,2022-11-03,2,Somalia,MTQ
MentalHealthTherapyAssistant,trackApplicationDependencies,2024-03-05,2,Belgium,BGR
EndocrineHealthMonitor,simulateLoadBalancing,2024-05-30,1,Saint Martin (French part),KIR
SleepDisorderAnalyzer,updateFirmwareVersions,2024-10-22,2,Albania,COD
PulmonaryFunctionTester,scheduleSystemBackups,2023-07-19,1,Swaziland,MNG
FertilityAndIVFHelper,initializeSystemDiagnostics,2022-08-23,2,Bulgaria,SAU
RadiologyImagingCenter,auditSecurityCompliance,2022-07-31,2,Russian Federation,PRK
PediatricCareAssistant,optimizeDatabaseQueries,2024-04-23,1,Maldives,MWI
NutritionAndDietPlanner,configureVirtualMachines,2022-05-02,1,Saint Lucia,LIE
HematologyAnalyzer,configureVirtualMachines,2023-10-19,1,Norfolk Island,KAZ
MedicalWasteManagement,cleanTemporaryFiles,2022-11-02,2,Mozambique,REU
PharmacyInventoryManager,auditSecurityCompliance,2022-08-06,1,Zambia,VEN
GeriatricCarePlanner,configureVirtualMachines,2023-10-06,2,Philippines,VGB
PulmonaryFunctionTester,cleanTemporaryFiles,2022-11-24,1,Senegal,LBN
MedicalBillingAndCoding,reportSystemHealthStatus,2022-09-08,2,Italy,ETH
SubstanceAbuseCounselor,sendFunctionCountToServer,2023-11-19,1,Guam,FLK
NutritionAndDietPlanner,verifyDataIntegrity,2024-08-06,1,Nauru,BDI
ClinicalTrialManager,trackApplicationDependencies,2023-03-21,1,Vanuatu,BLM
AllergyReactionTracker,cleanTemporaryFiles,2022-11-07,2,Sao Tome and Principe,MEX
WoundCareToolkit,archiveOldLogFiles,2023-11-17,1,Mali,GHA
ObstetricsLaborTracker,manageResourceAllocation,2024-06-10,1,Viet Nam,COD
SportsInjuryPreventor,analyzeServerPerformance,2022-01-18,2,Azerbaijan,BOL
MedicalResearchDatabase,analyzeServerPerformance,2024-09-03,2,Thailand,HKG
MedicalWasteManagement,cleanTemporaryFiles,2024-10-15,2,Tonga,WSM
MedicalWasteManagement,trackApplicationDependencies,2024-07-19,1,Saint Lucia,TCD
DiabetesCareManager,simulateLoadBalancing,2022-02-23,1,Guatemala,OMN
VaccineAdministrationLog,optimizeDatabaseQueries,2024-09-15,2,Tajikistan,CUW
HealthcareComplianceMonitor,scheduleSystemBackups,2023-10-29,1,Algeria,NAM
EmergencyResponseCoordinator,validateUserPermissions,2022-05-29,1,Seychelles,LUX
OphthalmologyVisionAnalyzer,verifyDataIntegrity,2023-01-25,2,Niue,FJI
HealthcarePolicyLibrary,monitorNetworkLatency,2022-11-20,1,Burundi,GRL
GastrointestinalTracker,updateFirmwareVersions,2023-11-11,2,Anguilla,TLS
PulmonaryFunctionTester,trackApplicationDependencies,2023-05-20,2,Tanzania,AIA
EmergencyResponseCoordinator,trackApplicationDependencies,2023-12-09,2,Australia,GRD
NutritionAndDietPlanner,auditSecurityCompliance,2023-02-27,2,Brazil,DZA
DentalHealthProfiler,manageResourceAllocation,2024-05-08,2,Nicaragua,SJM
GeneticDisorderExplorer,updateFirmwareVersions,2024-04-11,1,Aruba,IDN
OncologyTreatmentOptimizer,simulateLoadBalancing,2022-09-29,1,Nigeria,PER
HealthcarePolicyLibrary,analyzeServerPerformance,2024-12-16,1,Greece,GUM
DiabetesCareManager,restoreArchivedData,2023-07-19,2,Bhutan,ATF
SleepDisorderAnalyzer,simulateLoadBalancing,2022-04-05,1,Senegal,PSE
ENTProcedureGuide,simulateLoadBalancing,2023-11-17,2,Tuvalu,PHL
ObstetricsLaborTracker,archiveOldLogFiles,2024-06-17,2,Algeria,ATG
SurgicalInstrumentTracker,onGenerateFibulaPlanesTimerTimeout,2022-07-31,1,Moldova,CYP
MedicalBillingAndCoding,updateFirmwareVersions,2022-04-27,2,Comoros,NPL
HematologyAnalyzer,makeBooleanOperationsToFibulaSurgicalGuideBase,2023-05-24,2,Poland,ATF
GeriatricCarePlanner,makeBooleanOperationsToFibulaSurgicalGuideBase,2023-10-11,2,Malawi,PRT
GeneticDisorderExplorer,cleanTemporaryFiles,2024-03-24,2,Seychelles,BHR
OrthopedicProcedureSimulator,updateFirmwareVersions,2022-08-28,1,Lesotho,GAB
ObstetricsLaborTracker,reportSystemHealthStatus,2023-08-16,1,Guinea,COG
VaccineAdministrationLog,simulateLoadBalancing,2023-12-17,1,Latvia,QAT
OncologyTreatmentOptimizer,trackApplicationDependencies,2024-03-14,1,Turkey,NPL
FertilityAndIVFHelper,sendFunctionCountToServer,2022-09-02,2,Ukraine,ERI
OphthalmologyVisionAnalyzer,verifyDataIntegrity,2024-07-28,1,Denmark,ARM
PediatricCareAssistant,makeBooleanOperationsToFibulaSurgicalGuideBase,2023-08-27,2,Vanuatu,CHL
DentalHealthProfiler,onGenerateFibulaPlanesTimerTimeout,2023-12-31,2,Uruguay,BEL
GastrointestinalTracker,simulateLoadBalancing,2022-07-12,1,Viet Nam,BGD
UrologyManagementSystem,auditSecurityCompliance,2023-11-24,2,Tajikistan,THA
SportsInjuryPreventor,simulateLoadBalancing,2022-11-09,2,Ukraine,STP
PatientFeedbackAnalyzer,makeBooleanOperationsToFibulaSurgicalGuideBase,2022-08-27,1,Heard Island and McDonald Islands,BVT
EndocrineHealthMonitor,validateUserPermissions,2022-04-02,1,Åland Islands,JEY
ENTProcedureGuide,generateEncryptionKeys,2023-05-09,1,Belgium,NLD
EndocrineHealthMonitor,calculateOptimalPathways,2024-05-13,2,Albania,BDI
GastrointestinalTracker,calculateOptimalPathways,2023-05-09,1,Antigua and Barbuda,TUN
GeneticDisorderExplorer,onGenerateFibulaPlanesTimerTimeout,2022-04-12,2,Saint Pierre and Miquelon,HTI
EndocrineHealthMonitor,reportSystemHealthStatus,2023-01-18,1,Aruba,CYP
HealthcareComplianceMonitor,simulateLoadBalancing,2022-04-01,2,Nigeria,CYM
HealthcareComplianceMonitor,analyzeServerPerformance,2023-03-17,2,Brazil,BRN
HospitalRoomAllocationSystem,auditSecurityCompliance,2024-06-04,2,Bahamas,BLM
PulmonaryFunctionTester,calculateOptimalPathways,2023-01-25,2,South Georgia and the South Sandwich Islands,HKG
EmergencyResponseCoordinator,validateUserPermissions,2024-12-25,1,Guinea-Bissau,ASM
NeuralNetworkDiagnostics,calculateOptimalPathways,2023-03-29,1,Ukraine,QAT
EmergencyResponseCoordinator,manageResourceAllocation,2024-02-24,1,Saint Lucia,SAU
DermatologyTreatmentPlanner,optimizeDatabaseQueries,2024-10-15,1,Paraguay,GRD
ClinicalTrialManager,monitorNetworkLatency,2023-01-07,2,Åland Islands,BMU
TelemedicineConsultationPortal,analyzeServerPerformance,2023-10-14,2,Trinidad and Tobago,MDV
PainManagementAdvisor,scheduleSystemBackups,2022-01-21,1,El Salvador,ECU
SurgicalInstrumentTracker,auditSecurityCompliance,2023-03-18,1,United Kingdom,CHN
MedicalWasteManagement,archiveOldLogFiles,2024-01-19,2,Uganda,SWE
BloodPressureRegulator,verifyDataIntegrity,2023-09-14,2,United States Minor Outlying Islands,KIR
SurgicalInstrumentTracker,generateEncryptionKeys,2023-08-16,1,"Bonaire, Sint Eustatius and Saba",PRK
RehabilitationExercisePlanner,verifyDataIntegrity,2023-10-03,1,Egypt,COL
SportsInjuryPreventor,simulateLoadBalancing,2023-01-25,1,Turkmenistan,LAO
PatientFeedbackAnalyzer,deploySoftwareUpdates,2022-02-22,2,Costa Rica,CHE
AllergyReactionTracker,auditSecurityCompliance,2023-04-27,1,Benin,ESH
SportsInjuryPreventor,simulateLoadBalancing,2024-11-02,2,Mongolia,IMN
ObstetricsLaborTracker,simulateLoadBalancing,2023-11-26,2,Virgin Islands (U.S.),ASM
HealthcareComplianceMonitor,monitorNetworkLatency,2024-12-02,1,Guam,SLV
OncologyTreatmentOptimizer,auditSecurityCompliance,2023-02-16,1,Sint Maarten (Dutch part),GUY
WoundCareToolkit,reportSystemHealthStatus,2024-11-15,1,South Korea,OMN
PediatricCareAssistant,analyzeServerPerformance,2024-02-10,1,Oman,PHL
MedicalBillingAndCoding,onGenerateFibulaPlanesTimerTimeout,2023-01-10,1,Costa Rica,ESH
PatientEngagementHub,manageResourceAllocation,2023-09-03,2,Bhutan,CYP
HealthcarePolicyLibrary,deploySoftwareUpdates,2022-07-07,1,Egypt,BHS
PainManagementAdvisor,restoreArchivedData,2022-04-06,1,Timor-Leste,ATA
FertilityAndIVFHelper,makeBooleanOperationsToFibulaSurgicalGuideBase,2024-04-15,1,North Korea,NOR
DiabetesCareManager,monitorNetworkLatency,2022-07-06,2,Mongolia,BWA
GeneticDisorderExplorer,monitorNetworkLatency,2023-05-12,1,Czech Republic,DOM
PainManagementAdvisor,deploySoftwareUpdates,2024-06-08,2,"Palestine, State of",FLK
HematologyAnalyzer,reportSystemHealthStatus,2023-04-01,2,Hong Kong,CMR
GeneticDisorderExplorer,validateUserPermissions,2023-06-23,1,Dominica,TKM
AllergyReactionTracker,cleanTemporaryFiles,2024-01-10,1,Cuba,MDA
UrologyManagementSystem,monitorNetworkLatency,2022-06-08,1,Timor-Leste,DNK
RehabilitationExercisePlanner,archiveOldLogFiles,2024-12-20,2,"Taiwan, Province of China",PYF
GastrointestinalTracker,cleanTemporaryFiles,2023-03-03,2,Sudan,KAZ
AllergyReactionTracker,calculateOptimalPathways,2022-04-11,2,Monaco,DMA
DiabetesCareManager,onGenerateFibulaPlanesTimerTimeout,2024-10-24,1,Equatorial Guinea,GRL
RadiologyImagingCenter,restoreArchivedData,2024-05-17,1,Réunion,THA
MedicalBillingAndCoding,analyzeServerPerformance,2023-11-12,2,Eritrea,TZA
FitnessAndWellnessGuide,reportSystemHealthStatus,2023-12-11,1,Hungary,BWA
GastrointestinalTracker,simulateLoadBalancing,2023-11-11,2,Hungary,CYP
MedicalBillingAndCoding,cleanTemporaryFiles,2023-06-23,2,Lao People's Democratic Republic,DMA
OrthopedicProcedureSimulator,initializeSystemDiagnostics,2023-05-28,2,Macao,IDN
MentalHealthTherapyAssistant,monitorNetworkLatency,2023-09-22,1,Cyprus,SHN
NeurosurgeryNavigationSystem,monitorNetworkLatency,2023-07-07,1,Nauru,WSM
SubstanceAbuseCounselor,trackApplicationDependencies,2024-05-13,2,Spain,KNA
VaccineAdministrationLog,analyzeServerPerformance,2024-10-27,2,Switzerland,SRB
PharmacyInventoryManager,manageResourceAllocation,2024-04-14,1,Anguilla,NAM
ENTProcedureGuide,onGenerateFibulaPlanesTimerTimeout,2022-07-26,1,Malaysia,IDN
HematologyAnalyzer,archiveOldLogFiles,2024-08-11,1,Isle of Man,SMR
BloodPressureRegulator,auditSecurityCompliance,2023-07-07,1,Uganda,MOZ
OncologyTreatmentOptimizer,calculateOptimalPathways,2023-10-15,1,Pakistan,SYR
PainManagementAdvisor,manageResourceAllocation,2023-11-07,2,Seychelles,PLW
OrthopedicProcedureSimulator,trackApplicationDependencies,2024-05-28,2,Montserrat,FIN
SleepDisorderAnalyzer,generateEncryptionKeys,2023-11-23,1,Western Sahara,BLZ
CardiovascularAssessmentTool,analyzeServerPerformance,2022-11-11,1,Jordan,YEM
InfectiousDiseaseMapper,trackApplicationDependencies,2024-04-02,1,Tuvalu,LIE
ImmunologyResponseEvaluator,trackApplicationDependencies,2024-05-15,1,Saint Lucia,PLW
PediatricCareAssistant,sendFunctionCountToServer,2024-05-30,2,Guyana,GGY
RehabilitationExercisePlanner,analyzeServerPerformance,2022-07-21,2,Denmark,EGY
PatientFeedbackAnalyzer,trackApplicationDependencies,2023-06-09,1,Mexico,MUS
VaccineAdministrationLog,trackApplicationDependencies,2023-09-01,2,Pitcairn,BLZ
DiabetesCareManager,scheduleSystemBackups,2023-01-26,1,Mauritius,MHL
ImmunologyResponseEvaluator,archiveOldLogFiles,2022-11-16,2,Malta,TUV
InfectiousDiseaseMapper,calculateOptimalPathways,2024-09-01,1,Cocos (Keeling) Islands,MDG
HealthcareComplianceMonitor,reportSystemHealthStatus,2023-03-11,2,Equatorial Guinea,DOM
SurgicalInstrumentTracker,analyzeServerPerformance,2022-03-01,1,Saint Barthélemy,LVA
MedicalResearchDatabase,scheduleSystemBackups,2023-04-04,2,Mayotte,HMD
GastrointestinalTracker,archiveOldLogFiles,2022-04-24,2,Egypt,MNP
MedicalWasteManagement,verifyDataIntegrity,2023-03-03,1,Palau,AZE
MedicalBillingAndCoding,verifyDataIntegrity,2024-10-10,2,Tanzania,PSE
DermatologyTreatmentPlanner,trackApplicationDependencies,2024-02-07,2,United Kingdom,GRL
PatientEngagementHub,scheduleSystemBackups,2023-08-04,1,Russian Federation,GUM
SleepDisorderAnalyzer,restoreArchivedData,2022-06-12,1,Albania,SYC
FitnessAndWellnessGuide,analyzeServerPerformance,2022-06-13,1,Faroe Islands,NRU
ImmunologyResponseEvaluator,initializeSystemDiagnostics,2024-09-18,1,South Africa,BLZ
FitnessAndWellnessGuide,updateFirmwareVersions,2023-04-27,1,Bhutan,MNE
DermatologyTreatmentPlanner,sendFunctionCountToServer,2024-03-06,2,Bouvet Island,SMR
UrologyManagementSystem,restoreArchivedData,2022-06-23,1,Kenya,QAT
UrologyManagementSystem,monitorNetworkLatency,2022-11-05,1,Åland Islands,DJI
RehabilitationExercisePlanner,initializeSystemDiagnostics,2022-11-20,1,Kuwait,DZA
VaccineAdministrationLog,optimizeDatabaseQueries,2024-12-17,1,Faroe Islands,MRT
PulmonaryFunctionTester,restoreArchivedData,2022-03-05,1,Syrian Arab Republic,TJK
PulmonaryFunctionTester,sendFunctionCountToServer,2024-11-22,1,Bulgaria,SYC
BloodPressureRegulator,simulateLoadBalancing,2022-11-22,1,Cook Islands,PAK
SubstanceAbuseCounselor,generateEncryptionKeys,2022-05-02,1,Nepal,MAC
PainManagementAdvisor,monitorNetworkLatency,2022-07-18,2,Faroe Islands,ESP
OphthalmologyVisionAnalyzer,archiveOldLogFiles,2023-01-04,2,Macedonia,ESH
PainManagementAdvisor,monitorNetworkLatency,2023-10-03,1,Wallis and Futuna,NRU
EndocrineHealthMonitor,simulateLoadBalancing,2024-07-12,2,Bahrain,MMR
GeriatricCarePlanner,analyzeServerPerformance,2022-09-04,1,Maldives,IDN
PediatricCareAssistant,configureVirtualMachines,2023-04-05,1,Malta,MAR
MedicalWasteManagement,sendFunctionCountToServer,2023-05-28,2,Liberia,HTI
OphthalmologyVisionAnalyzer,optimizeDatabaseQueries,2023-01-08,2,Anguilla,CPV
EndocrineHealthMonitor,trackApplicationDependencies,2024-06-12,2,Singapore,CIV
TelemedicineConsultationPortal,auditSecurityCompliance,2022-11-20,2,France,ABW
DiabetesCareManager,archiveOldLogFiles,2022-06-10,1,El Salvador,NCL
ClinicalTrialManager,sendFunctionCountToServer,2024-05-01,2,Sri Lanka,POL
GeriatricCarePlanner,configureVirtualMachines,2024-03-07,1,Jordan,UKR
PatientFeedbackAnalyzer,generateEncryptionKeys,2022-06-12,1,Bulgaria,AND
ObstetricsLaborTracker,verifyDataIntegrity,2023-07-20,1,Gambia,VCT
GeriatricCarePlanner,calculateOptimalPathways,2023-08-19,1,Dominica,IOT
CardiovascularAssessmentTool,auditSecurityCompliance,2023-02-27,1,Guernsey,BTN
NeurosurgeryNavigationSystem,manageResourceAllocation,2022-12-06,1,North Korea,KGZ
OrthopedicProcedureSimulator,deploySoftwareUpdates,2022-11-12,1,Luxembourg,WSM
OrthopedicProcedureSimulator,reportSystemHealthStatus,2024-12-12,1,Malta,SGS
DermatologyTreatmentPlanner,restoreArchivedData,2024-08-09,2,United Kingdom,SYC
OncologyTreatmentOptimizer,makeBooleanOperationsToFibulaSurgicalGuideBase,2023-10-19,2,Bulgaria,KNA
PatientEngagementHub,makeBooleanOperationsToFibulaSurgicalGuideBase,2024-03-15,2,Madagascar,SJM
EmergencyResponseCoordinator,monitorNetworkLatency,2023-06-16,2,Nigeria,LVA
MentalHealthTherapyAssistant,calculateOptimalPathways,2022-06-23,2,Vanuatu,KAZ
HospitalRoomAllocationSystem,trackApplicationDependencies,2022-07-27,2,Morocco,BGD
GeneticDisorderExplorer,validateUserPermissions,2022-05-02,1,Belarus,SWZ
PatientEngagementHub,calculateOptimalPathways,2022-06-27,1,San Marino,SEN
DiabetesCareManager,verifyDataIntegrity,2023-09-11,1,Timor-Leste,BHR
SurgicalInstrumentTracker,manageResourceAllocation,2022-04-08,1,Dominica,CXR
SurgicalInstrumentTracker,generateEncryptionKeys,2022-02-28,2,Ethiopia,BLR
PainManagementAdvisor,configureVirtualMachines,2022-06-15,2,Thailand,COG
ClinicalTrialManager,sendFunctionCountToServer,2023-09-22,2,Saint Helena,SEN
RehabilitationExercisePlanner,configureVirtualMachines,2024-06-25,2,South Sudan,SJM
SleepDisorderAnalyzer,scheduleSystemBackups,2023-11-17,2,Saint Barthélemy,GBR
DermatologyTreatmentPlanner,sendFunctionCountToServer,2022-08-20,2,Colombia,PYF
GastrointestinalTracker,initializeSystemDiagnostics,2023-06-12,1,Jordan,SHN
HematologyAnalyzer,cleanTemporaryFiles,2022-04-14,1,Croatia,CCK
OncologyTreatmentOptimizer,initializeSystemDiagnostics,2022-05-18,1,El Salvador,PER
NeuralNetworkDiagnostics,reportSystemHealthStatus,2023-12-29,1,Mauritius,ATA
MedicalWasteManagement,scheduleSystemBackups,2022-01-26,1,Belarus,COK
PatientFeedbackAnalyzer,auditSecurityCompliance,2023-09-02,2,Montenegro,VUT
ClinicalTrialManager,optimizeDatabaseQueries,2022-12-30,2,South Georgia and the South Sandwich Islands,RWA
RadiologyImagingCenter,generateEncryptionKeys,2022-11-04,2,Réunion,GBR
DentalHealthProfiler,initializeSystemDiagnostics,2023-04-23,1,Anguilla,PYF
EmergencyResponseCoordinator,makeBooleanOperationsToFibulaSurgicalGuideBase,2022-03-04,1,Brunei Darussalam,NZL
NeuralNetworkDiagnostics,archiveOldLogFiles,2024-05-21,2,Ireland,FRA
OrthopedicProcedureSimulator,cleanTemporaryFiles,2022-04-06,2,"Bonaire, Sint Eustatius and Saba",WLF
OphthalmologyVisionAnalyzer,optimizeDatabaseQueries,2022-01-15,1,Afghanistan,GNB
RehabilitationExercisePlanner,onGenerateFibulaPlanesTimerTimeout,2024-02-13,1,Austria,ZMB
OphthalmologyVisionAnalyzer,auditSecurityCompliance,2024-10-24,1,New Caledonia,GTM
HealthcareComplianceMonitor,verifyDataIntegrity,2022-06-05,1,Anguilla,MAC
DentalHealthProfiler,sendFunctionCountToServer,2023-11-26,1,Tuvalu,ZWE
SportsInjuryPreventor,cleanTemporaryFiles,2024-04-03,1,Antigua and Barbuda,GMB
BloodPressureRegulator,manageResourceAllocation,2023-06-25,2,Botswana,KGZ
HealthcarePolicyLibrary,restoreArchivedData,2023-05-19,2,Thailand,LIE
MedicalWasteManagement,manageResourceAllocation,2022-12-19,2,Belarus,DMA
ENTProcedureGuide,scheduleSystemBackups,2023-06-09,1,Luxembourg,KEN
AmbulanceDispatchSystem,verifyDataIntegrity,2022-04-21,2,South Sudan,EGY
MedicalEducationSimulator,configureVirtualMachines,2022-03-05,2,Macao,SXM
SleepDisorderAnalyzer,cleanTemporaryFiles,2022-08-14,2,Botswana,AND
PharmacyInventoryManager,simulateLoadBalancing,2024-06-15,2,Belarus,ZAF
DentalHealthProfiler,reportSystemHealthStatus,2023-03-24,1,Chile,IRL
PediatricCareAssistant,calculateOptimalPathways,2022-03-27,1,Canada,VAT
HematologyAnalyzer,reportSystemHealthStatus,2024-06-11,1,Botswana,EST
PediatricCareAssistant,trackApplicationDependencies,2023-07-06,2,Cuba,BFA
PainManagementAdvisor,analyzeServerPerformance,2022-06-26,2,Dominica,CZE
PatientEngagementHub,makeBooleanOperationsToFibulaSurgicalGuideBase,2023-04-02,2,Bahamas,SAU
NeuralNetworkDiagnostics,optimizeDatabaseQueries,2024-04-04,1,Antarctica,BRN
NutritionAndDietPlanner,manageResourceAllocation,2023-07-19,1,Bouvet Island,ZAF
BloodPressureRegulator,makeBooleanOperationsToFibulaSurgicalGuideBase,2022-05-02,1,Saint Martin (French part),VGB
DermatologyTreatmentPlanner,trackApplicationDependencies,2022-01-10,2,Pakistan,PRK
UrologyManagementSystem,analyzeServerPerformance,2024-06-24,2,Nicaragua,CHL
PediatricCareAssistant,onGenerateFibulaPlanesTimerTimeout,2024-02-23,1,Sweden,NIC
SubstanceAbuseCounselor,sendFunctionCountToServer,2022-02-15,2,Morocco,GRL
AmbulanceDispatchSystem,trackApplicationDependencies,2024-04-19,2,Sri Lanka,MKD
PulmonaryFunctionTester,analyzeServerPerformance,2024-11-17,1,Canada,BDI
FertilityAndIVFHelper,generateEncryptionKeys,2022-08-18,1,Afghanistan,KWT
PatientFeedbackAnalyzer,onGenerateFibulaPlanesTimerTimeout,2022-01-26,1,Benin,TCD
AmbulanceDispatchSystem,validateUserPermissions,2022-09-06,2,Isle of Man,NIC
EndocrineHealthMonitor,configureVirtualMachines,2023-11-29,2,Belarus,UMI
PatientFeedbackAnalyzer,analyzeServerPerformance,2023-10-28,1,Sierra Leone,SGP
CardiovascularAssessmentTool,monitorNetworkLatency,2022-05-07,2,Ghana,CIV
InfectiousDiseaseMapper,scheduleSystemBackups,2023-09-01,2,South Sudan,GNQ
OrthopedicProcedureSimulator,updateFirmwareVersions,2022-05-10,2,Serbia,FRA
VaccineAdministrationLog,scheduleSystemBackups,2023-05-07,1,Northern Mariana Islands,LIE
SleepDisorderAnalyzer,generateEncryptionKeys,2024-06-06,1,Bouvet Island,BVT
CardiovascularAssessmentTool,auditSecurityCompliance,2023-03-15,1,Saint Lucia,SSD
FitnessAndWellnessGuide,configureVirtualMachines,2024-10-15,2,South Africa,PHL
NeurosurgeryNavigationSystem,trackApplicationDependencies,2022-05-19,2,Tonga,YEM
OphthalmologyVisionAnalyzer,updateFirmwareVersions,2022-01-09,1,Angola,NFK
ImmunologyResponseEvaluator,auditSecurityCompliance,2023-01-15,1,Fiji,MTQ
HealthcarePolicyLibrary,updateFirmwareVersions,2023-01-04,1,Central African Republic,PAK
HospitalRoomAllocationSystem,cleanTemporaryFiles,2022-10-22,2,Virgin Islands (U.S.),KAZ
PainManagementAdvisor,updateFirmwareVersions,2023-07-04,2,Timor-Leste,COL
MedicalWasteManagement,verifyDataIntegrity,2023-09-17,1,Ireland,SWZ
BloodPressureRegulator,analyzeServerPerformance,2022-04-25,2,Kyrgyzstan,VIR
EndocrineHealthMonitor,auditSecurityCompliance,2023-07-01,1,Georgia,FIN
GeriatricCarePlanner,verifyDataIntegrity,2023-10-25,2,Belarus,BEN
DermatologyTreatmentPlanner,verifyDataIntegrity,2022-02-02,2,Mauritius,CRI
DentalHealthProfiler,initializeSystemDiagnostics,2023-10-08,1,Sweden,BHR
EndocrineHealthMonitor,trackApplicationDependencies,2023-02-05,1,United Arab Emirates,REU
ObstetricsLaborTracker,validateUserPermissions,2023-01-19,1,Lithuania,JAM
ImmunologyResponseEvaluator,validateUserPermissions,2023-03-22,1,Palau,ETH
PulmonaryFunctionTester,scheduleSystemBackups,2024-03-02,1,"Bonaire, Sint Eustatius and Saba",NCL
ObstetricsLaborTracker,archiveOldLogFiles,2022-07-26,2,Bosnia and Herzegovina,TGO
PatientEngagementHub,validateUserPermissions,2024-05-10,1,Luxembourg,ATF
GastrointestinalTracker,generateEncryptionKeys,2022-10-09,2,American Samoa,LIE
OphthalmologyVisionAnalyzer,optimizeDatabaseQueries,2023-02-16,1,Papua New Guinea,BOL
NeurosurgeryNavigationSystem,makeBooleanOperationsToFibulaSurgicalGuideBase,2022-04-07,2,Djibouti,DZA
MentalHealthTherapyAssistant,generateEncryptionKeys,2022-08-04,2,Lebanon,NZL
MentalHealthTherapyAssistant,initializeSystemDiagnostics,2024-10-20,1,Micronesia,LBN
PharmacyInventoryManager,auditSecurityCompliance,2024-11-19,2,Antarctica,BFA
FertilityAndIVFHelper,verifyDataIntegrity,2024-09-21,1,Indonesia,POL
AllergyReactionTracker,scheduleSystemBackups,2024-09-05,2,Kazakhstan,PLW
GeneticDisorderExplorer,generateEncryptionKeys,2023-05-06,2,Kiribati,BDI
InfectiousDiseaseMapper,archiveOldLogFiles,2022-07-25,1,Congo,TON
RadiologyImagingCenter,optimizeDatabaseQueries,2024-04-15,2,Marshall Islands,SYC
GeriatricCarePlanner,simulateLoadBalancing,2023-02-17,1,Montserrat,CHL
RehabilitationExercisePlanner,simulateLoadBalancing,2024-10-25,2,"Palestine, State of",SWE
BloodPressureRegulator,analyzeServerPerformance,2024-09-20,1,Chile,ISL
WoundCareToolkit,calculateOptimalPathways,2022-02-20,1,Grenada,ETH
MedicalBillingAndCoding,optimizeDatabaseQueries,2022-03-21,2,Saint Barthélemy,GBR
GeriatricCarePlanner,validateUserPermissions,2022-05-07,1,Mali,ESH
ENTProcedureGuide,deploySoftwareUpdates,2024-06-02,2,Bhutan,GTM
WoundCareToolkit,scheduleSystemBackups,2023-12-12,1,Spain,LIE
EmergencyResponseCoordinator,calculateOptimalPathways,2022-11-02,2,Lao People's Democratic Republic,PCN
MedicalWasteManagement,monitorNetworkLatency,2022-09-13,2,Hong Kong,LIE
EmergencyResponseCoordinator,makeBooleanOperationsToFibulaSurgicalGuideBase,2024-02-29,2,Myanmar,CHN
GeneticDisorderExplorer,calculateOptimalPathways,2024-02-17,1,Hong Kong,FLK
AllergyReactionTracker,sendFunctionCountToServer,2023-05-21,1,Albania,HTI
TelemedicineConsultationPortal,calculateOptimalPathways,2024-07-12,1,Bahrain,TKL
EmergencyResponseCoordinator,verifyDataIntegrity,2023-02-09,2,Christmas Island,MAC
GeriatricCarePlanner,sendFunctionCountToServer,2024-12-11,2,Mayotte,IRL
RehabilitationExercisePlanner,restoreArchivedData,2022-01-07,2,Macao,KEN
PatientFeedbackAnalyzer,optimizeDatabaseQueries,2024-05-30,2,Sri Lanka,FJI
SleepDisorderAnalyzer,sendFunctionCountToServer,2022-09-10,2,Holy See,REU
NeuralNetworkDiagnostics,deploySoftwareUpdates,2024-01-13,1,Kiribati,BGR
AllergyReactionTracker,archiveOldLogFiles,2022-06-06,1,Cameroon,FRA
EndocrineHealthMonitor,calculateOptimalPathways,2022-05-22,2,Niue,COL
DiabetesCareManager,analyzeServerPerformance,2022-01-26,1,Azerbaijan,KGZ
ClinicalTrialManager,auditSecurityCompliance,2022-12-24,2,Zimbabwe,YEM
RehabilitationExercisePlanner,generateEncryptionKeys,2022-12-13,1,Pakistan,PRK
OncologyTreatmentOptimizer,auditSecurityCompliance,2022-12-14,2,Lithuania,MDG
DentalHealthProfiler,validateUserPermissions,2023-01-20,1,Venezuela,HRV
BloodPressureRegulator,onGenerateFibulaPlanesTimerTimeout,2022-03-11,1,French Polynesia,GEO
WoundCareToolkit,configureVirtualMachines,2022-03-08,2,Poland,SOM
PulmonaryFunctionTester,optimizeDatabaseQueries,2023-06-11,1,Mozambique,SSD
MedicalResearchDatabase,monitorNetworkLatency,2023-04-14,2,French Southern Territories,FSM
GastrointestinalTracker,cleanTemporaryFiles,2022-12-07,2,Bangladesh,CRI
GeriatricCarePlanner,simulateLoadBalancing,2023-12-25,1,Macao,MLI
OrthopedicProcedureSimulator,makeBooleanOperationsToFibulaSurgicalGuideBase,2023-07-09,1,Slovenia,KHM
UrologyManagementSystem,onGenerateFibulaPlanesTimerTimeout,2023-10-03,1,Kiribati,SVK
DermatologyTreatmentPlanner,optimizeDatabaseQueries,2023-09-17,2,El Salvador,JOR
EmergencyResponseCoordinator,makeBooleanOperationsToFibulaSurgicalGuideBase,2024-09-08,1,Viet Nam,LAO
HematologyAnalyzer,makeBooleanOperationsToFibulaSurgicalGuideBase,2022-07-03,2,Seychelles,ROU
SubstanceAbuseCounselor,configureVirtualMachines,2022-05-24,1,Zambia,BHS
MedicalBillingAndCoding,monitorNetworkLatency,2024-11-22,1,Iraq,FIN
CardiovascularAssessmentTool,monitorNetworkLatency,2024-10-22,1,Côte d'Ivoire,DMA
SurgicalInstrumentTracker,optimizeDatabaseQueries,2022-05-10,1,Ukraine,BGD
PediatricCareAssistant,scheduleSystemBackups,2022-12-09,1,Canada,GRL
ObstetricsLaborTracker,restoreArchivedData,2022-08-30,1,Latvia,COM
PharmacyInventoryManager,optimizeDatabaseQueries,2024-04-28,1,Saudi Arabia,CZE
HospitalRoomAllocationSystem,deploySoftwareUpdates,2024-09-07,1,Isle of Man,MHL
InfectiousDiseaseMapper,trackApplicationDependencies,2024-10-31,2,Macao,ETH
ENTProcedureGuide,sendFunctionCountToServer,2022-09-29,2,Mayotte,GRC
ENTProcedureGuide,makeBooleanOperationsToFibulaSurgicalGuideBase,2023-10-30,1,Haiti,IRQ
EndocrineHealthMonitor,sendFunctionCountToServer,2024-05-31,2,South Africa,CAN
GeneticDisorderExplorer,onGenerateFibulaPlanesTimerTimeout,2022-05-04,2,Turkmenistan,VCT
AllergyReactionTracker,cleanTemporaryFiles,2022-02-04,1,Guam,MSR
HealthcareComplianceMonitor,auditSecurityCompliance,2022-03-20,2,Wallis and Futuna,UZB
EndocrineHealthMonitor,archiveOldLogFiles,2023-03-31,2,Dominica,MHL
SleepDisorderAnalyzer,calculateOptimalPathways,2024-09-28,2,Ukraine,TCA
OphthalmologyVisionAnalyzer,restoreArchivedData,2024-02-24,2,Djibouti,SLV
CardiovascularAssessmentTool,onGenerateFibulaPlanesTimerTimeout,2022-11-11,2,Liberia,SGP
WoundCareToolkit,monitorNetworkLatency,2023-07-21,1,Bermuda,NGA
NeurosurgeryNavigationSystem,makeBooleanOperationsToFibulaSurgicalGuideBase,2022-10-25,1,Marshall Islands,MCO
GeriatricCarePlanner,deploySoftwareUpdates,2023-10-18,2,Virgin Islands (British),RWA
HematologyAnalyzer,reportSystemHealthStatus,2023-09-27,2,Bhutan,TCA
DiabetesCareManager,cleanTemporaryFiles,2022-03-05,1,Viet Nam,ROU
CardiovascularAssessmentTool,validateUserPermissions,2024-05-20,1,Lithuania,DEU
NutritionAndDietPlanner,configureVirtualMachines,2022-08-17,1,Bouvet Island,CXR
BloodPressureRegulator,generateEncryptionKeys,2022-09-01,1,India,BDI
PainManagementAdvisor,manageResourceAllocation,2022-03-05,2,Tonga,BEN
OrthopedicProcedureSimulator,initializeSystemDiagnostics,2022-09-25,2,Estonia,CYP
MedicalResearchDatabase,deploySoftwareUpdates,2022-01-24,2,Åland Islands,MWI
VaccineAdministrationLog,deploySoftwareUpdates,2023-10-21,2,Jordan,MDA
PatientEngagementHub,generateEncryptionKeys,2023-06-26,1,Eritrea,MAC
VaccineAdministrationLog,makeBooleanOperationsToFibulaSurgicalGuideBase,2022-06-01,2,Martinique,UKR
NutritionAndDietPlanner,scheduleSystemBackups,2022-07-18,2,Malaysia,NPL
NutritionAndDietPlanner,simulateLoadBalancing,2022-05-13,2,Equatorial Guinea,JAM
MedicalBillingAndCoding,reportSystemHealthStatus,2024-06-11,2,Turks and Caicos Islands,DJI
UrologyManagementSystem,initializeSystemDiagnostics,2024-01-14,2,Benin,SLB
BloodPressureRegulator,reportSystemHealthStatus,2024-05-26,1,"Palestine, State of",NPL
TelemedicineConsultationPortal,archiveOldLogFiles,2022-05-20,2,Solomon Islands,JPN
GeriatricCarePlanner,monitorNetworkLatency,2024-07-07,1,Madagascar,ITA
SubstanceAbuseCounselor,reportSystemHealthStatus,2024-11-13,1,Malawi,BWA
OphthalmologyVisionAnalyzer,analyzeServerPerformance,2023-03-14,2,Åland Islands,YEM
FitnessAndWellnessGuide,initializeSystemDiagnostics,2023-11-20,1,Georgia,LUX
NeuralNetworkDiagnostics,scheduleSystemBackups,2022-12-18,1,Åland Islands,HTI
AllergyReactionTracker,sendFunctionCountToServer,2022-05-13,1,Somalia,NFK
GeneticDisorderExplorer,cleanTemporaryFiles,2022-09-11,1,Bhutan,BRA
ImmunologyResponseEvaluator,deploySoftwareUpdates,2023-11-19,1,Belgium,AZE
MedicalResearchDatabase,updateFirmwareVersions,2023-08-10,1,Qatar,GUY
MedicalEducationSimulator,simulateLoadBalancing,2024-06-05,1,Guadeloupe,BHS
OrthopedicProcedureSimulator,configureVirtualMachines,2024-12-06,2,Togo,CUB
HematologyAnalyzer,updateFirmwareVersions,2023-05-13,2,Turks and Caicos Islands,COK
HealthcarePolicyLibrary,simulateLoadBalancing,2023-02-01,1,Liechtenstein,TWN
PainManagementAdvisor,trackApplicationDependencies,2022-05-16,1,Kyrgyzstan,GNB
PulmonaryFunctionTester,trackApplicationDependencies,2022-05-29,2,Sint Maarten (Dutch part),BRA
ImmunologyResponseEvaluator,makeBooleanOperationsToFibulaSurgicalGuideBase,2023-02-17,2,Qatar,MHL
NeurosurgeryNavigationSystem,initializeSystemDiagnostics,2022-10-22,1,Saint Kitts and Nevis,VUT
FertilityAndIVFHelper,validateUserPermissions,2023-11-24,2,Burkina Faso,PRT
MedicalBillingAndCoding,initializeSystemDiagnostics,2024-11-06,2,Vanuatu,UMI
RadiologyImagingCenter,simulateLoadBalancing,2024-07-26,2,Lebanon,BMU
ENTProcedureGuide,cleanTemporaryFiles,2024-04-12,2,Egypt,TWN
UrologyManagementSystem,restoreArchivedData,2022-06-02,2,Gibraltar,ETH
SurgicalInstrumentTracker,deploySoftwareUpdates,2022-12-08,1,Iraq,BTN
EmergencyResponseCoordinator,sendFunctionCountToServer,2024-07-22,2,Sierra Leone,TJK
PatientEngagementHub,analyzeServerPerformance,2024-04-17,1,Cuba,ETH
PediatricCareAssistant,validateUserPermissions,2023-01-08,2,Kuwait,ZAF
AmbulanceDispatchSystem,generateEncryptionKeys,2023-07-16,2,Togo,MMR
NeuralNetworkDiagnostics,reportSystemHealthStatus,2023-06-27,1,Sierra Leone,ALB
HealthcareComplianceMonitor,generateEncryptionKeys,2022-11-14,1,Mongolia,MYS
TelemedicineConsultationPortal,verifyDataIntegrity,2024-06-24,2,Netherlands,BIH
PharmacyInventoryManager,reportSystemHealthStatus,2023-06-07,1,Eritrea,COM
EndocrineHealthMonitor,onGenerateFibulaPlanesTimerTimeout,2022-02-15,2,Romania,ARE
ObstetricsLaborTracker,restoreArchivedData,2022-11-17,1,Venezuela,TWN
EmergencyResponseCoordinator,verifyDataIntegrity,2022-10-29,2,Tonga,SXM
GeneticDisorderExplorer,deploySoftwareUpdates,2023-04-07,2,Lao People's Democratic Republic,TJK
GeriatricCarePlanner,onGenerateFibulaPlanesTimerTimeout,2023-11-17,1,Equatorial Guinea,UZB
GeneticDisorderExplorer,makeBooleanOperationsToFibulaSurgicalGuideBase,2024-11-05,2,El Salvador,ROU
PulmonaryFunctionTester,makeBooleanOperationsToFibulaSurgicalGuideBase,2023-12-27,1,Norway,CRI
VaccineAdministrationLog,simulateLoadBalancing,2022-04-19,1,Kiribati,PYF
MedicalEducationSimulator,archiveOldLogFiles,2022-11-01,2,Tunisia,EGY
ImmunologyResponseEvaluator,updateFirmwareVersions,2023-02-02,2,Tajikistan,SWE
ENTProcedureGuide,sendFunctionCountToServer,2022-09-11,1,Norfolk Island,MLT
OphthalmologyVisionAnalyzer,verifyDataIntegrity,2024-08-12,1,Botswana,ZMB
RadiologyImagingCenter,verifyDataIntegrity,2022-06-03,1,Heard Island and McDonald Islands,DOM
NeuralNetworkDiagnostics,sendFunctionCountToServer,2023-04-11,2,Central African Republic,DNK
WoundCareToolkit,configureVirtualMachines,2023-09-16,1,Bhutan,SSD
SurgicalInstrumentTracker,validateUserPermissions,2022-02-25,2,Niue,TUV
DentalHealthProfiler,restoreArchivedData,2023-11-18,1,Tunisia,CPV
ClinicalTrialManager,verifyDataIntegrity,2024-06-27,1,Wallis and Futuna,CZE
EndocrineHealthMonitor,auditSecurityCompliance,2022-12-13,2,Palau,SDN
DiabetesCareManager,updateFirmwareVersions,2023-01-24,1,Hong Kong,LCA
HealthcarePolicyLibrary,trackApplicationDependencies,2022-01-13,1,Canada,SLB
GeriatricCarePlanner,validateUserPermissions,2024-11-12,2,Maldives,BWA
DiabetesCareManager,configureVirtualMachines,2024-03-21,1,Liechtenstein,PRY
ENTProcedureGuide,verifyDataIntegrity,2024-07-05,1,Cuba,SUR
DermatologyTreatmentPlanner,validateUserPermissions,2023-02-12,1,Mali,ETH
OphthalmologyVisionAnalyzer,archiveOldLogFiles,2022-10-23,2,Slovenia,ARG
HealthcareComplianceMonitor,archiveOldLogFiles,2024-04-26,2,Latvia,MRT
FitnessAndWellnessGuide,calculateOptimalPathways,2023-02-19,1,Germany,NZL
HospitalRoomAllocationSystem,deploySoftwareUpdates,2023-09-15,1,Ireland,TLS
DiabetesCareManager,initializeSystemDiagnostics,2024-09-28,1,Barbados,ETH
PatientFeedbackAnalyzer,reportSystemHealthStatus,2023-02-26,1,Spain,COD
OphthalmologyVisionAnalyzer,cleanTemporaryFiles,2024-02-04,2,Canada,SLE
HealthcareComplianceMonitor,simulateLoadBalancing,2023-02-25,2,Fiji,UMI
ObstetricsLaborTracker,trackApplicationDependencies,2023-07-29,2,French Southern Territories,GAB
MedicalWasteManagement,makeBooleanOperationsToFibulaSurgicalGuideBase,2024-07-11,2,Malaysia,GGY
SportsInjuryPreventor,manageResourceAllocation,2022-12-14,1,Antarctica,TGO
GeriatricCarePlanner,simulateLoadBalancing,2023-01-19,2,Mozambique,BLR
SleepDisorderAnalyzer,verifyDataIntegrity,2023-08-15,2,Romania,CHL
WoundCareToolkit,updateFirmwareVersions,2024-02-08,2,Cook Islands,LVA
GeriatricCarePlanner,trackApplicationDependencies,2022-03-29,1,Samoa,SVK
SportsInjuryPreventor,makeBooleanOperationsToFibulaSurgicalGuideBase,2024-06-21,1,Cocos (Keeling) Islands,CUB
SubstanceAbuseCounselor,makeBooleanOperationsToFibulaSurgicalGuideBase,2022-11-15,2,Angola,HND
NeurosurgeryNavigationSystem,deploySoftwareUpdates,2022-01-30,2,Saint Pierre and Miquelon,SDN
WoundCareToolkit,makeBooleanOperationsToFibulaSurgicalGuideBase,2024-05-30,1,Guatemala,IDN
RadiologyImagingCenter,restoreArchivedData,2022-11-08,1,Sweden,ETH
HealthcarePolicyLibrary,trackApplicationDependencies,2024-07-30,2,Madagascar,PNG
CardiovascularAssessmentTool,initializeSystemDiagnostics,2023-05-10,1,Saint Kitts and Nevis,DJI
HealthcareComplianceMonitor,monitorNetworkLatency,2024-08-15,1,Seychelles,GTM
GastrointestinalTracker,calculateOptimalPathways,2024-06-28,2,Uzbekistan,TLS
EndocrineHealthMonitor,reportSystemHealthStatus,2024-01-13,1,Germany,IRN
OrthopedicProcedureSimulator,manageResourceAllocation,2022-07-19,2,France,ESP
CardiovascularAssessmentTool,manageResourceAllocation,2022-10-20,2,Italy,GLP
AllergyReactionTracker,sendFunctionCountToServer,2024-04-13,1,Netherlands,AGO
TelemedicineConsultationPortal,generateEncryptionKeys,2024-04-27,1,Peru,AUT
FitnessAndWellnessGuide,trackApplicationDependencies,2023-08-18,1,Falkland Islands (Malvinas),GBR
MedicalBillingAndCoding,restoreArchivedData,2022-06-29,1,Sao Tome and Principe,AZE
FitnessAndWellnessGuide,restoreArchivedData,2022-11-30,1,Lebanon,ALB
RehabilitationExercisePlanner,optimizeDatabaseQueries,2022-02-08,2,Ukraine,ESP
AmbulanceDispatchSystem,generateEncryptionKeys,2023-11-06,2,United Arab Emirates,HND
FertilityAndIVFHelper,verifyDataIntegrity,2022-10-20,1,Venezuela,CYP
NeurosurgeryNavigationSystem,calculateOptimalPathways,2024-05-12,2,United States Minor Outlying Islands,MYS
SubstanceAbuseCounselor,initializeSystemDiagnostics,2023-05-16,2,Poland,GUF
VaccineAdministrationLog,reportSystemHealthStatus,2022-10-28,2,Qatar,MAR
SurgicalInstrumentTracker,generateEncryptionKeys,2023-01-19,1,Malaysia,MSR
MedicalResearchDatabase,scheduleSystemBackups,2023-11-04,2,Israel,PER
EndocrineHealthMonitor,onGenerateFibulaPlanesTimerTimeout,2024-08-23,1,Fiji,AGO
SleepDisorderAnalyzer,auditSecurityCompliance,2022-12-20,2,Guinea,GIN
NeurosurgeryNavigationSystem,calculateOptimalPathways,2022-02-12,2,Antigua and Barbuda,CAN
EndocrineHealthMonitor,configureVirtualMachines,2023-07-25,2,Fiji,ECU
AllergyReactionTracker,optimizeDatabaseQueries,2023-04-13,1,Niger,ABW
ENTProcedureGuide,sendFunctionCountToServer,2024-07-27,2,Sierra Leone,ATG
BloodPressureRegulator,scheduleSystemBackups,2024-05-15,2,Saint Kitts and Nevis,IRN
NeurosurgeryNavigationSystem,reportSystemHealthStatus,2024-02-17,2,Poland,SLV
SleepDisorderAnalyzer,makeBooleanOperationsToFibulaSurgicalGuideBase,2022-01-27,2,Saint Lucia,DNK
ImmunologyResponseEvaluator,archiveOldLogFiles,2024-04-06,2,Mauritania,SLV
SubstanceAbuseCounselor,monitorNetworkLatency,2022-11-27,1,Cambodia,BRA
MedicalResearchDatabase,updateFirmwareVersions,2024-03-30,2,Monaco,KGZ
NeurosurgeryNavigationSystem,analyzeServerPerformance,2024-07-09,1,Guyana,VEN
BloodPressureRegulator,manageResourceAllocation,2023-12-27,1,Lithuania,NER
RadiologyImagingCenter,onGenerateFibulaPlanesTimerTimeout,2022-10-03,2,Sweden,SOM
WoundCareToolkit,calculateOptimalPathways,2023-03-15,1,Micronesia,SDN
MedicalEducationSimulator,auditSecurityCompliance,2024-02-03,1,United States,GHA
ClinicalTrialManager,makeBooleanOperationsToFibulaSurgicalGuideBase,2022-07-20,2,Andorra,AZE
DiabetesCareManager,optimizeDatabaseQueries,2023-03-04,2,Russian Federation,GNB
DermatologyTreatmentPlanner,makeBooleanOperationsToFibulaSurgicalGuideBase,2024-08-28,2,Micronesia,SOM
MedicalBillingAndCoding,monitorNetworkLatency,2022-07-12,2,Australia,BGD
MedicalEducationSimulator,deploySoftwareUpdates,2022-07-10,1,Colombia,TKM
CardiovascularAssessmentTool,generateEncryptionKeys,2022-12-05,1,French Polynesia,CXR
WoundCareToolkit,monitorNetworkLatency,2022-12-01,1,Mayotte,TKL
FitnessAndWellnessGuide,verifyDataIntegrity,2024-03-31,1,Nauru,PNG
PainManagementAdvisor,deploySoftwareUpdates,2024-02-02,1,Croatia,SJM
InfectiousDiseaseMapper,optimizeDatabaseQueries,2024-05-16,2,Ethiopia,GGY
HealthcarePolicyLibrary,initializeSystemDiagnostics,2022-07-12,2,Cocos (Keeling) Islands,GNQ
WoundCareToolkit,auditSecurityCompliance,2023-10-15,2,Tajikistan,NPL
PharmacyInventoryManager,generateEncryptionKeys,2022-10-21,1,Kazakhstan,SWE
PediatricCareAssistant,reportSystemHealthStatus,2024-02-24,2,Guinea-Bissau,LAO
MedicalResearchDatabase,simulateLoadBalancing,2024-07-18,2,Saint Barthélemy,SGP
HospitalRoomAllocationSystem,restoreArchivedData,2023-02-26,1,Samoa,PHL
MentalHealthTherapyAssistant,calculateOptimalPathways,2023-07-24,1,Lithuania,GNB
SleepDisorderAnalyzer,cleanTemporaryFiles,2022-06-07,1,Bosnia and Herzegovina,UZB
PatientFeedbackAnalyzer,optimizeDatabaseQueries,2022-11-08,1,Morocco,BRB
OphthalmologyVisionAnalyzer,validateUserPermissions,2022-09-26,1,Timor-Leste,TCA
NutritionAndDietPlanner,validateUserPermissions,2022-07-09,1,Saudi Arabia,MRT
VaccineAdministrationLog,reportSystemHealthStatus,2023-05-19,2,Czech Republic,BLZ
SurgicalInstrumentTracker,initializeSystemDiagnostics,2024-05-09,1,Russian Federation,ARE
HealthcareComplianceMonitor,onGenerateFibulaPlanesTimerTimeout,2022-09-29,2,Heard Island and McDonald Islands,MDV
VaccineAdministrationLog,onGenerateFibulaPlanesTimerTimeout,2024-04-11,1,Egypt,BTN
WoundCareToolkit,generateEncryptionKeys,2024-04-24,2,Faroe Islands,KWT
BloodPressureRegulator,deploySoftwareUpdates,2022-03-14,2,Guatemala,DJI
InfectiousDiseaseMapper,configureVirtualMachines,2022-05-02,1,Iran,SWE
SurgicalInstrumentTracker,configureVirtualMachines,2023-09-03,1,Bhutan,TGO
HealthcareComplianceMonitor,cleanTemporaryFiles,2024-05-14,1,Vanuatu,SAU
VaccineAdministrationLog,validateUserPermissions,2024-01-03,2,Japan,TLS
OrthopedicProcedureSimulator,makeBooleanOperationsToFibulaSurgicalGuideBase,2024-06-03,2,Slovakia,ECU
MentalHealthTherapyAssistant,deploySoftwareUpdates,2022-09-23,1,India,DNK
DiabetesCareManager,generateEncryptionKeys,2024-11-19,2,Zambia,MOZ
EndocrineHealthMonitor,deploySoftwareUpdates,2022-05-08,1,Nauru,BWA
MedicalEducationSimulator,validateUserPermissions,2024-02-16,1,Cambodia,LVA
OphthalmologyVisionAnalyzer,updateFirmwareVersions,2024-05-19,2,Afghanistan,CAF
PatientFeedbackAnalyzer,trackApplicationDependencies,2023-07-20,2,Qatar,KOR
HealthcareComplianceMonitor,makeBooleanOperationsToFibulaSurgicalGuideBase,2024-10-23,1,Turks and Caicos Islands,BLZ
EndocrineHealthMonitor,makeBooleanOperationsToFibulaSurgicalGuideBase,2024-08-13,1,Brunei Darussalam,MNE
OphthalmologyVisionAnalyzer,cleanTemporaryFiles,2024-08-02,2,Curaçao,SJM
HealthcareComplianceMonitor,generateEncryptionKeys,2022-03-08,1,Montserrat,GAB
BloodPressureRegulator,updateFirmwareVersions,2024-10-02,2,Tanzania,SOM
EmergencyResponseCoordinator,verifyDataIntegrity,2024-05-21,2,Marshall Islands,ZWE
SubstanceAbuseCounselor,sendFunctionCountToServer,2023-01-24,2,Congo,SXM
WoundCareToolkit,cleanTemporaryFiles,2022-06-29,2,United States Minor Outlying Islands,ETH
AmbulanceDispatchSystem,deploySoftwareUpdates,2024-05-03,1,South Georgia and the South Sandwich Islands,ZMB
RehabilitationExercisePlanner,sendFunctionCountToServer,2023-03-17,1,Bermuda,DOM
ObstetricsLaborTracker,onGenerateFibulaPlanesTimerTimeout,2022-01-25,2,French Polynesia,RUS
RadiologyImagingCenter,updateFirmwareVersions,2024-07-01,1,Estonia,COL
ObstetricsLaborTracker,deploySoftwareUpdates,2023-02-23,1,Guatemala,MAC
OphthalmologyVisionAnalyzer,reportSystemHealthStatus,2024-09-25,1,Finland,MDA
NeuralNetworkDiagnostics,restoreArchivedData,2023-12-22,2,Portugal,LVA
AllergyReactionTracker,auditSecurityCompliance,2022-05-03,1,Senegal,AGO
AllergyReactionTracker,calculateOptimalPathways,2024-06-25,2,Norfolk Island,SJM
ObstetricsLaborTracker,updateFirmwareVersions,2023-11-20,2,Guatemala,COM
HealthcarePolicyLibrary,simulateLoadBalancing,2022-08-27,2,Brazil,COK
PainManagementAdvisor,verifyDataIntegrity,2024-09-15,1,Moldova,MOZ
InfectiousDiseaseMapper,optimizeDatabaseQueries,2022-10-10,2,Guinea-Bissau,NPL
MedicalResearchDatabase,calculateOptimalPathways,2022-06-22,2,Afghanistan,ATF
OncologyTreatmentOptimizer,archiveOldLogFiles,2024-09-21,1,Cyprus,TUN
WoundCareToolkit,simulateLoadBalancing,2024-06-27,2,Singapore,HKG
PharmacyInventoryManager,auditSecurityCompliance,2022-09-24,1,Virgin Islands (U.S.),NGA
OncologyTreatmentOptimizer,manageResourceAllocation,2022-01-18,2,Egypt,VGB
OncologyTreatmentOptimizer,makeBooleanOperationsToFibulaSurgicalGuideBase,2023-01-06,2,Poland,ROU
PediatricCareAssistant,trackApplicationDependencies,2023-07-02,1,Martinique,REU
HealthcarePolicyLibrary,makeBooleanOperationsToFibulaSurgicalGuideBase,2022-10-09,1,Svalbard and Jan Mayen,NZL
DentalHealthProfiler,scheduleSystemBackups,2024-01-31,2,Liechtenstein,GLP
AmbulanceDispatchSystem,simulateLoadBalancing,2022-12-28,1,Sierra Leone,IND
InfectiousDiseaseMapper,cleanTemporaryFiles,2022-02-10,2,Moldova,HKG
GeneticDisorderExplorer,restoreArchivedData,2023-08-24,1,Panama,PAN
NutritionAndDietPlanner,calculateOptimalPathways,2022-11-04,1,Bangladesh,POL
PainManagementAdvisor,auditSecurityCompliance,2022-02-02,2,Montenegro,TON
AmbulanceDispatchSystem,manageResourceAllocation,2022-05-18,2,Guadeloupe,VIR
PulmonaryFunctionTester,deploySoftwareUpdates,2024-09-03,2,Saint Vincent and the Grenadines,HUN
ClinicalTrialManager,verifyDataIntegrity,2023-07-31,2,Kuwait,BFA
SportsInjuryPreventor,calculateOptimalPathways,2024-06-28,1,Cayman Islands,ALA
FertilityAndIVFHelper,archiveOldLogFiles,2023-01-31,2,Réunion,ZAF
DiabetesCareManager,reportSystemHealthStatus,2024-06-10,1,Bangladesh,AIA
OncologyTreatmentOptimizer,analyzeServerPerformance,2023-09-20,2,Bolivia,GRL
MedicalWasteManagement,scheduleSystemBackups,2023-12-10,1,Northern Mariana Islands,IRQ
RehabilitationExercisePlanner,reportSystemHealthStatus,2024-09-11,1,United States,IDN
SleepDisorderAnalyzer,initializeSystemDiagnostics,2022-01-22,1,South Korea,NLD
UrologyManagementSystem,simulateLoadBalancing,2022-12-12,1,Niger,BEN
PatientFeedbackAnalyzer,scheduleSystemBackups,2023-07-30,2,Brazil,TUR
UrologyManagementSystem,makeBooleanOperationsToFibulaSurgicalGuideBase,2024-09-08,1,Saint Vincent and the Grenadines,MSR
ImmunologyResponseEvaluator,simulateLoadBalancing,2022-05-06,1,Tokelau,POL
OncologyTreatmentOptimizer,updateFirmwareVersions,2023-12-05,2,South Sudan,GUY
SportsInjuryPreventor,makeBooleanOperationsToFibulaSurgicalGuideBase,2024-10-01,2,Tajikistan,BRN
WoundCareToolkit,verifyDataIntegrity,2024-09-06,1,Tokelau,KGZ
NutritionAndDietPlanner,archiveOldLogFiles,2022-01-17,1,Togo,FLK
InfectiousDiseaseMapper,auditSecurityCompliance,2022-07-12,1,Bhutan,BGD
ClinicalTrialManager,reportSystemHealthStatus,2023-11-14,1,Namibia,GUF
HealthcareComplianceMonitor,cleanTemporaryFiles,2024-08-04,2,Italy,SXM
InfectiousDiseaseMapper,archiveOldLogFiles,2022-10-22,2,Bouvet Island,MMR
DermatologyTreatmentPlanner,generateEncryptionKeys,2024-09-01,2,Uzbekistan,DMA
NutritionAndDietPlanner,simulateLoadBalancing,2023-02-23,1,Madagascar,MNG
EmergencyResponseCoordinator,optimizeDatabaseQueries,2022-02-15,2,Maldives,IND
SleepDisorderAnalyzer,configureVirtualMachines,2023-07-27,2,Saint Helena,LSO
EmergencyResponseCoordinator,sendFunctionCountToServer,2024-03-21,2,Cambodia,COM
ENTProcedureGuide,restoreArchivedData,2024-07-06,1,Djibouti,ATG
PediatricCareAssistant,restoreArchivedData,2023-12-24,2,Sierra Leone,VNM
MedicalResearchDatabase,makeBooleanOperationsToFibulaSurgicalGuideBase,2022-09-20,2,Indonesia,CZE
RadiologyImagingCenter,verifyDataIntegrity,2024-03-21,1,Sierra Leone,CRI
GastrointestinalTracker,calculateOptimalPathways,2024-08-17,1,Micronesia,MSR
ClinicalTrialManager,onGenerateFibulaPlanesTimerTimeout,2022-06-21,1,Iran,BRB
UrologyManagementSystem,configureVirtualMachines,2022-11-03,2,Togo,PAK
ImmunologyResponseEvaluator,trackApplicationDependencies,2023-09-07,2,Nepal,AIA
PatientEngagementHub,cleanTemporaryFiles,2024-02-20,2,Croatia,HUN
HospitalRoomAllocationSystem,generateEncryptionKeys,2024-04-04,1,Ukraine,IRN
SleepDisorderAnalyzer,reportSystemHealthStatus,2024-08-18,1,Namibia,THA
HealthcarePolicyLibrary,archiveOldLogFiles,2023-03-31,2,United States Minor Outlying Islands,SYR
EndocrineHealthMonitor,manageResourceAllocation,2022-03-01,2,Zambia,NPL
PatientFeedbackAnalyzer,generateEncryptionKeys,2023-04-02,1,Denmark,GIN
PainManagementAdvisor,configureVirtualMachines,2024-06-20,1,Czech Republic,TCA
MedicalWasteManagement,configureVirtualMachines,2022-03-20,1,Colombia,KWT
ImmunologyResponseEvaluator,trackApplicationDependencies,2024-02-21,2,Guatemala,DNK
DermatologyTreatmentPlanner,makeBooleanOperationsToFibulaSurgicalGuideBase,2024-02-22,1,Senegal,FLK
PulmonaryFunctionTester,auditSecurityCompliance,2024-01-16,2,Nicaragua,IRQ
EmergencyResponseCoordinator,simulateLoadBalancing,2023-08-21,2,United States Minor Outlying Islands,COD
AllergyReactionTracker,analyzeServerPerformance,2022-10-27,1,Canada,ATA
PainManagementAdvisor,reportSystemHealthStatus,2022-06-02,1,Palau,MAR
ClinicalTrialManager,trackApplicationDependencies,2022-03-30,2,Canada,UKR
DentalHealthProfiler,cleanTemporaryFiles,2022-12-12,2,Heard Island and McDonald Islands,JOR
ImmunologyResponseEvaluator,trackApplicationDependencies,2023-11-05,1,Solomon Islands,LBN
HealthcareComplianceMonitor,analyzeServerPerformance,2022-12-26,1,Turkmenistan,SVK
ClinicalTrialManager,restoreArchivedData,2022-06-16,2,Lithuania,GEO
DiabetesCareManager,verifyDataIntegrity,2023-08-31,2,Georgia,CHE
SportsInjuryPreventor,initializeSystemDiagnostics,2024-07-10,1,New Caledonia,VIR
SubstanceAbuseCounselor,deploySoftwareUpdates,2023-12-10,2,Mauritania,ISR
DiabetesCareManager,manageResourceAllocation,2023-05-15,1,Estonia,IOT
ENTProcedureGuide,sendFunctionCountToServer,2024-02-24,2,Zambia,OMN
NeuralNetworkDiagnostics,archiveOldLogFiles,2024-07-08,2,Guernsey,BGR
InfectiousDiseaseMapper,makeBooleanOperationsToFibulaSurgicalGuideBase,2023-02-08,1,Saint Barthélemy,TJK
UrologyManagementSystem,cleanTemporaryFiles,2022-01-20,1,Liechtenstein,GLP
NeurosurgeryNavigationSystem,analyzeServerPerformance,2023-12-14,1,Sudan,TZA
MedicalEducationSimulator,manageResourceAllocation,2024-06-24,1,Cyprus,CXR
TelemedicineConsultationPortal,calculateOptimalPathways,2024-03-28,2,Chile,MCO
ObstetricsLaborTracker,monitorNetworkLatency,2024-11-27,1,American Samoa,ARM
DiabetesCareManager,configureVirtualMachines,2022-11-08,1,Botswana,MEX
NeurosurgeryNavigationSystem,optimizeDatabaseQueries,2022-12-16,1,Paraguay,ATF
FitnessAndWellnessGuide,scheduleSystemBackups,2024-05-21,1,Montserrat,BLM
AllergyReactionTracker,sendFunctionCountToServer,2024-07-26,2,Niue,COK
ENTProcedureGuide,generateEncryptionKeys,2024-09-06,2,Niger,LCA
MedicalBillingAndCoding,onGenerateFibulaPlanesTimerTimeout,2022-06-20,2,Serbia,TCD
VaccineAdministrationLog,restoreArchivedData,2022-09-08,2,Nauru,LUX
PulmonaryFunctionTester,restoreArchivedData,2023-03-31,2,Côte d'Ivoire,DEU
SurgicalInstrumentTracker,validateUserPermissions,2022-10-04,2,Nauru,PCN
GeriatricCarePlanner,cleanTemporaryFiles,2022-06-29,1,United States Minor Outlying Islands,CIV
OncologyTreatmentOptimizer,scheduleSystemBackups,2024-12-31,2,United Arab Emirates,UZB
ObstetricsLaborTracker,configureVirtualMachines,2024-02-28,2,Trinidad and Tobago,GUM
EndocrineHealthMonitor,verifyDataIntegrity,2024-06-02,1,Falkland Islands (Malvinas),FLK
ImmunologyResponseEvaluator,cleanTemporaryFiles,2022-02-07,1,Jordan,CZE
AllergyReactionTracker,reportSystemHealthStatus,2023-09-01,1,Curaçao,PRY
CardiovascularAssessmentTool,monitorNetworkLatency,2022-06-26,1,Lesotho,MDA
RehabilitationExercisePlanner,onGenerateFibulaPlanesTimerTimeout,2023-06-08,1,Peru,ATA
ImmunologyResponseEvaluator,generateEncryptionKeys,2022-01-15,2,Antarctica,TKL
HospitalRoomAllocationSystem,sendFunctionCountToServer,2022-05-19,1,Montserrat,BEL
EndocrineHealthMonitor,sendFunctionCountToServer,2024-11-05,1,"Taiwan, Province of China",DZA
UrologyManagementSystem,configureVirtualMachines,2024-03-10,1,Slovakia,TUN
MedicalEducationSimulator,updateFirmwareVersions,2024-01-30,2,Montserrat,KIR
GeneticDisorderExplorer,verifyDataIntegrity,2023-03-16,1,Portugal,MDG
RehabilitationExercisePlanner,generateEncryptionKeys,2022-09-28,1,Romania,KNA
AmbulanceDispatchSystem,manageResourceAllocation,2024-11-15,1,Nauru,BWA
HealthcarePolicyLibrary,makeBooleanOperationsToFibulaSurgicalGuideBase,2024-12-22,1,Congo,ERI
PatientFeedbackAnalyzer,scheduleSystemBackups,2024-09-11,1,Montenegro,MCO
EndocrineHealthMonitor,simulateLoadBalancing,2024-12-26,2,Armenia,ALA
MedicalBillingAndCoding,analyzeServerPerformance,2022-06-25,1,Chad,URY
MedicalEducationSimulator,generateEncryptionKeys,2022-06-08,1,Oman,BWA
NeurosurgeryNavigationSystem,onGenerateFibulaPlanesTimerTimeout,2022-12-02,1,"Palestine, State of",COK
ImmunologyResponseEvaluator,scheduleSystemBackups,2024-12-30,1,Russian Federation,REU
HospitalRoomAllocationSystem,monitorNetworkLatency,2023-04-16,2,Israel,THA
MedicalResearchDatabase,scheduleSystemBackups,2022-08-21,1,American Samoa,ERI
MedicalWasteManagement,validateUserPermissions,2023-06-09,1,Martinique,MLT
InfectiousDiseaseMapper,updateFirmwareVersions,2024-01-30,1,Maldives,PLW
FertilityAndIVFHelper,trackApplicationDependencies,2022-07-31,1,Puerto Rico,REU
FitnessAndWellnessGuide,onGenerateFibulaPlanesTimerTimeout,2024-08-18,2,Lesotho,NLD
AmbulanceDispatchSystem,restoreArchivedData,2024-12-15,2,Martinique,CYP
DiabetesCareManager,deploySoftwareUpdates,2022-06-17,2,Uganda,LIE
UrologyManagementSystem,verifyDataIntegrity,2022-06-02,1,Sao Tome and Principe,COL
MentalHealthTherapyAssistant,deploySoftwareUpdates,2022-07-25,1,Congo,NCL
NeurosurgeryNavigationSystem,monitorNetworkLatency,2023-05-12,2,Cocos (Keeling) Islands,AND
MedicalResearchDatabase,deploySoftwareUpdates,2024-04-15,2,Niue,KOR
HealthcareComplianceMonitor,trackApplicationDependencies,2022-06-21,2,Liberia,VUT
GastrointestinalTracker,validateUserPermissions,2023-09-26,1,Uganda,GIN
UrologyManagementSystem,verifyDataIntegrity,2023-02-21,2,Peru,BGR
MedicalBillingAndCoding,configureVirtualMachines,2022-07-01,1,Indonesia,ETH
PatientFeedbackAnalyzer,auditSecurityCompliance,2024-09-09,2,"Bonaire, Sint Eustatius and Saba",DEU
NeurosurgeryNavigationSystem,cleanTemporaryFiles,2022-08-25,2,Jamaica,ALB
RehabilitationExercisePlanner,onGenerateFibulaPlanesTimerTimeout,2022-08-01,2,Isle of Man,BWA
PatientEngagementHub,restoreArchivedData,2024-09-06,2,Senegal,ALA
CardiovascularAssessmentTool,makeBooleanOperationsToFibulaSurgicalGuideBase,2023-01-11,2,Ghana,GTM
OrthopedicProcedureSimulator,restoreArchivedData,2024-08-02,1,Montserrat,PSE
WoundCareToolkit,calculateOptimalPathways,2023-06-26,1,Saint Barthélemy,HRV
MedicalResearchDatabase,simulateLoadBalancing,2024-01-13,2,Gabon,GRD
OncologyTreatmentOptimizer,scheduleSystemBackups,2023-01-22,2,Zambia,DZA
SubstanceAbuseCounselor,initializeSystemDiagnostics,2022-02-22,1,Eritrea,BLM
HospitalRoomAllocationSystem,verifyDataIntegrity,2023-11-17,2,Saint Martin (French part),UMI
PulmonaryFunctionTester,generateEncryptionKeys,2024-10-09,2,Saint Martin (French part),CHE
MedicalWasteManagement,deploySoftwareUpdates,2024-02-25,1,Wallis and Futuna,QAT
MedicalEducationSimulator,optimizeDatabaseQueries,2024-08-15,1,Côte d'Ivoire,TLS
ENTProcedureGuide,analyzeServerPerformance,2024-01-24,2,Afghanistan,SEN
PharmacyInventoryManager,scheduleSystemBackups,2022-08-05,1,Mayotte,TLS
PediatricCareAssistant,reportSystemHealthStatus,2022-05-28,1,Afghanistan,MYT
GastrointestinalTracker,scheduleSystemBackups,2024-04-22,2,Tanzania,BTN
TelemedicineConsultationPortal,sendFunctionCountToServer,2023-05-27,2,Liberia,CYP
PainManagementAdvisor,auditSecurityCompliance,2022-01-26,2,Morocco,AZE
MedicalWasteManagement,cleanTemporaryFiles,2024-12-08,2,Saint Helena,IND
DermatologyTreatmentPlanner,monitorNetworkLatency,2022-01-23,1,Syrian Arab Republic,CRI
PainManagementAdvisor,verifyDataIntegrity,2024-11-08,2,Kazakhstan,HND
RehabilitationExercisePlanner,simulateLoadBalancing,2024-09-19,2,Lebanon,IMN
HematologyAnalyzer,optimizeDatabaseQueries,2022-03-06,1,Slovenia,PRT
MedicalWasteManagement,analyzeServerPerformance,2022-03-07,1,Turkey,EST
RadiologyImagingCenter,configureVirtualMachines,2023-06-10,2,Uruguay,BGR
FitnessAndWellnessGuide,updateFirmwareVersions,2024-12-13,2,Nepal,GTM
ClinicalTrialManager,onGenerateFibulaPlanesTimerTimeout,2023-06-07,2,Belgium,SMR
HealthcareComplianceMonitor,trackApplicationDependencies,2024-08-03,1,Saint Helena,VGB
RadiologyImagingCenter,restoreArchivedData,2024-04-13,1,Panama,BES
SurgicalInstrumentTracker,archiveOldLogFiles,2023-08-08,1,Tajikistan,MWI
MedicalEducationSimulator,analyzeServerPerformance,2024-01-06,2,Ethiopia,BHS
PatientFeedbackAnalyzer,validateUserPermissions,2022-03-07,2,South Sudan,HRV
SurgicalInstrumentTracker,monitorNetworkLatency,2022-04-20,2,Germany,ARM
EmergencyResponseCoordinator,auditSecurityCompliance,2023-11-16,1,Haiti,FJI
RadiologyImagingCenter,verifyDataIntegrity,2023-10-23,1,China,JOR
EmergencyResponseCoordinator,updateFirmwareVersions,2022-03-27,2,Bahrain,AIA
MedicalBillingAndCoding,restoreArchivedData,2022-01-01,1,Norfolk Island,GNQ
ImmunologyResponseEvaluator,validateUserPermissions,2024-07-28,1,Bosnia and Herzegovina,MUS
NutritionAndDietPlanner,sendFunctionCountToServer,2024-06-09,1,Macedonia,PCN
CardiovascularAssessmentTool,manageResourceAllocation,2024-01-09,1,Brunei Darussalam,AGO
WoundCareToolkit,initializeSystemDiagnostics,2022-08-27,2,Iran,VUT
MentalHealthTherapyAssistant,cleanTemporaryFiles,2023-12-24,2,Cayman Islands,IRN
RadiologyImagingCenter,auditSecurityCompliance,2022-01-01,1,Sao Tome and Principe,SEN
PainManagementAdvisor,validateUserPermissions,2022-01-06,1,Venezuela,SVN
HematologyAnalyzer,manageResourceAllocation,2023-10-28,1,Solomon Islands,COK
WoundCareToolkit,trackApplicationDependencies,2022-01-12,1,Niue,SYC
InfectiousDiseaseMapper,sendFunctionCountToServer,2024-05-07,2,Northern Mariana Islands,BRA
HealthcareComplianceMonitor,calculateOptimalPathways,2024-11-27,2,Tonga,MYS
MentalHealthTherapyAssistant,monitorNetworkLatency,2024-04-14,2,Dominica,TCA
NeuralNetworkDiagnostics,onGenerateFibulaPlanesTimerTimeout,2022-03-31,1,Lebanon,MEX
ImmunologyResponseEvaluator,simulateLoadBalancing,2022-04-06,1,Samoa,TCD
RehabilitationExercisePlanner,configureVirtualMachines,2024-05-06,2,Sint Maarten (Dutch part),SYR
GeneticDisorderExplorer,calculateOptimalPathways,2022-10-03,2,Slovakia,BHS
DermatologyTreatmentPlanner,archiveOldLogFiles,2024-10-14,1,South Sudan,GTM
PatientEngagementHub,onGenerateFibulaPlanesTimerTimeout,2022-11-09,2,Gibraltar,SSD
SleepDisorderAnalyzer,onGenerateFibulaPlanesTimerTimeout,2024-11-15,1,Mali,AUS
HospitalRoomAllocationSystem,trackApplicationDependencies,2024-07-30,1,Senegal,OMN
DiabetesCareManager,onGenerateFibulaPlanesTimerTimeout,2023-05-12,1,Puerto Rico,PCN
DermatologyTreatmentPlanner,analyzeServerPerformance,2023-07-10,1,South Korea,GIN
DermatologyTreatmentPlanner,makeBooleanOperationsToFibulaSurgicalGuideBase,2024-03-28,2,Syrian Arab Republic,COM
ObstetricsLaborTracker,configureVirtualMachines,2022-07-21,2,Fiji,GRD
AllergyReactionTracker,makeBooleanOperationsToFibulaSurgicalGuideBase,2024-09-28,2,Georgia,MOZ
WoundCareToolkit,cleanTemporaryFiles,2024-03-19,2,Azerbaijan,NIU
PharmacyInventoryManager,generateEncryptionKeys,2024-09-19,1,Malta,LIE
AmbulanceDispatchSystem,manageResourceAllocation,2023-08-15,1,Israel,SLE
MedicalWasteManagement,cleanTemporaryFiles,2024-03-23,2,Venezuela,MKD
RadiologyImagingCenter,deploySoftwareUpdates,2023-07-02,2,Bermuda,UGA
SleepDisorderAnalyzer,updateFirmwareVersions,2022-03-05,2,Ecuador,BGD
WoundCareToolkit,initializeSystemDiagnostics,2024-03-16,1,Slovenia,GNB
EndocrineHealthMonitor,cleanTemporaryFiles,2024-08-11,2,Maldives,LBY
FitnessAndWellnessGuide,restoreArchivedData,2024-11-25,1,Somalia,SMR
PharmacyInventoryManager,initializeSystemDiagnostics,2023-08-24,2,Indonesia,GRL
PharmacyInventoryManager,analyzeServerPerformance,2024-10-30,2,Antarctica,CZE
SurgicalInstrumentTracker,initializeSystemDiagnostics,2024-09-24,1,Germany,LCA
NeuralNetworkDiagnostics,scheduleSystemBackups,2022-02-20,1,Qatar,DZA
NeuralNetworkDiagnostics,archiveOldLogFiles,2024-10-25,2,Hungary,BRB
ImmunologyResponseEvaluator,calculateOptimalPathways,2023-10-24,1,Liechtenstein,ZWE
GeneticDisorderExplorer,configureVirtualMachines,2023-01-13,2,Nigeria,KIR
AmbulanceDispatchSystem,analyzeServerPerformance,2024-03-19,1,Turkmenistan,KEN
VaccineAdministrationLog,auditSecurityCompliance,2024-03-07,1,Djibouti,LSO
CardiovascularAssessmentTool,simulateLoadBalancing,2024-01-12,2,Ecuador,MMR
HealthcareComplianceMonitor,deploySoftwareUpdates,2022-11-07,1,Maldives,VIR
SportsInjuryPreventor,restoreArchivedData,2024-04-04,1,Ecuador,MLT
PatientEngagementHub,optimizeDatabaseQueries,2023-11-15,1,Canada,CPV
MedicalEducationSimulator,scheduleSystemBackups,2023-02-15,1,Mauritania,MMR
GeneticDisorderExplorer,initializeSystemDiagnostics,2024-10-05,1,Singapore,GNB
NeurosurgeryNavigationSystem,makeBooleanOperationsToFibulaSurgicalGuideBase,2023-10-16,1,Saint Martin (French part),SDN
CardiovascularAssessmentTool,validateUserPermissions,2024-02-19,1,New Caledonia,LIE
RehabilitationExercisePlanner,sendFunctionCountToServer,2023-04-13,2,Nepal,ABW
EndocrineHealthMonitor,scheduleSystemBackups,2024-04-12,2,Somalia,GUF
MedicalBillingAndCoding,calculateOptimalPathways,2023-08-26,1,Guyana,GBR
TelemedicineConsultationPortal,auditSecurityCompliance,2022-11-16,1,Croatia,TUR
PediatricCareAssistant,auditSecurityCompliance,2023-07-28,1,Indonesia,PRT
CardiovascularAssessmentTool,monitorNetworkLatency,2024-11-14,2,Dominica,BHR
HematologyAnalyzer,manageResourceAllocation,2024-09-13,2,Sudan,ROU
PatientEngagementHub,updateFirmwareVersions,2024-10-10,2,Niue,MDG
FitnessAndWellnessGuide,monitorNetworkLatency,2024-08-09,1,Ghana,BEL
MentalHealthTherapyAssistant,simulateLoadBalancing,2024-05-27,2,Syrian Arab Republic,MYT
FitnessAndWellnessGuide,trackApplicationDependencies,2024-03-26,1,Cocos (Keeling) Islands,MOZ
GastrointestinalTracker,calculateOptimalPathways,2024-02-07,1,Somalia,KNA
TelemedicineConsultationPortal,sendFunctionCountToServer,2023-06-04,2,El Salvador,ALB
SubstanceAbuseCounselor,updateFirmwareVersions,2024-05-31,2,Belarus,DZA
HospitalRoomAllocationSystem,calculateOptimalPathways,2024-01-02,2,Macedonia,SWZ
UrologyManagementSystem,deploySoftwareUpdates,2023-05-30,2,Chile,FRO
BloodPressureRegulator,validateUserPermissions,2023-03-24,1,American Samoa,SDN
CardiovascularAssessmentTool,optimizeDatabaseQueries,2023-11-21,1,Cambodia,BEN
VaccineAdministrationLog,initializeSystemDiagnostics,2023-10-09,2,Bermuda,CPV
ObstetricsLaborTracker,monitorNetworkLatency,2022-08-21,1,Slovenia,BMU
HospitalRoomAllocationSystem,scheduleSystemBackups,2024-02-28,2,Saudi Arabia,GGY
CardiovascularAssessmentTool,initializeSystemDiagnostics,2023-10-14,2,Puerto Rico,TUN
HealthcareComplianceMonitor,trackApplicationDependencies,2022-12-02,2,Sweden,BDI
PediatricCareAssistant,cleanTemporaryFiles,2022-09-05,2,Uruguay,OMN
SubstanceAbuseCounselor,scheduleSystemBackups,2024-08-08,2,Andorra,CXR
PediatricCareAssistant,sendFunctionCountToServer,2022-04-05,2,Cocos (Keeling) Islands,HTI
UrologyManagementSystem,configureVirtualMachines,2022-10-14,1,Poland,CUB
FertilityAndIVFHelper,manageResourceAllocation,2023-08-03,1,Mayotte,VEN
OrthopedicProcedureSimulator,archiveOldLogFiles,2022-02-03,2,Samoa,NZL
GeneticDisorderExplorer,trackApplicationDependencies,2022-11-17,2,Saint Vincent and the Grenadines,GIN
PulmonaryFunctionTester,deploySoftwareUpdates,2022-08-26,1,Dominican Republic,GMB
BloodPressureRegulator,cleanTemporaryFiles,2024-06-04,2,Sierra Leone,SHN
CardiovascularAssessmentTool,monitorNetworkLatency,2023-10-02,2,Greenland,ASM
DiabetesCareManager,verifyDataIntegrity,2022-12-12,2,Guam,MWI
ClinicalTrialManager,makeBooleanOperationsToFibulaSurgicalGuideBase,2022-04-23,2,Zimbabwe,ALB
UrologyManagementSystem,cleanTemporaryFiles,2024-05-24,1,Azerbaijan,BIH
MentalHealthTherapyAssistant,deploySoftwareUpdates,2022-11-22,1,France,SLV
InfectiousDiseaseMapper,monitorNetworkLatency,2022-03-02,2,Réunion,MDA
HospitalRoomAllocationSystem,configureVirtualMachines,2022-08-12,1,Madagascar,COG
RehabilitationExercisePlanner,calculateOptimalPathways,2024-10-10,1,Djibouti,RWA
PharmacyInventoryManager,sendFunctionCountToServer,2022-10-27,2,Kuwait,MMR
HealthcareComplianceMonitor,calculateOptimalPathways,2024-12-18,2,Palau,SYC
OphthalmologyVisionAnalyzer,archiveOldLogFiles,2022-12-09,2,Central African Republic,TWN
NeuralNetworkDiagnostics,configureVirtualMachines,2023-01-02,2,Madagascar,NGA
GeneticDisorderExplorer,initializeSystemDiagnostics,2024-04-03,2,Spain,UGA
HospitalRoomAllocationSystem,analyzeServerPerformance,2023-10-19,2,Kuwait,VIR
RehabilitationExercisePlanner,configureVirtualMachines,2024-05-07,1,French Polynesia,IRN
PediatricCareAssistant,cleanTemporaryFiles,2022-05-21,1,Samoa,NIU
SubstanceAbuseCounselor,simulateLoadBalancing,2023-07-31,2,Botswana,WLF
WoundCareToolkit,verifyDataIntegrity,2022-04-12,2,Serbia,GAB
TelemedicineConsultationPortal,updateFirmwareVersions,2023-09-29,2,Tonga,CIV
PharmacyInventoryManager,auditSecurityCompliance,2024-10-10,2,Hungary,KAZ
SleepDisorderAnalyzer,monitorNetworkLatency,2023-07-20,1,Kenya,OMN
DentalHealthProfiler,scheduleSystemBackups,2024-10-06,2,Thailand,PAN
GastrointestinalTracker,manageResourceAllocation,2024-05-14,2,American Samoa,TUN
RadiologyImagingCenter,optimizeDatabaseQueries,2022-05-12,2,Netherlands,COG
AllergyReactionTracker,analyzeServerPerformance,2024-10-17,2,Samoa,LUX
RehabilitationExercisePlanner,generateEncryptionKeys,2022-05-31,1,French Guiana,SEN
HealthcarePolicyLibrary,initializeSystemDiagnostics,2023-01-31,2,Solomon Islands,COD
ENTProcedureGuide,generateEncryptionKeys,2024-07-04,1,Angola,URY
EmergencyResponseCoordinator,simulateLoadBalancing,2024-10-03,2,Guadeloupe,GRL
GeneticDisorderExplorer,configureVirtualMachines,2024-09-30,2,Solomon Islands,KGZ
ENTProcedureGuide,manageResourceAllocation,2023-03-02,2,Bhutan,NRU
HematologyAnalyzer,onGenerateFibulaPlanesTimerTimeout,2023-11-26,2,Iraq,TJK
FitnessAndWellnessGuide,trackApplicationDependencies,2024-10-05,1,Montserrat,MKD
MentalHealthTherapyAssistant,trackApplicationDependencies,2022-09-17,2,Bouvet Island,PSE
DiabetesCareManager,calculateOptimalPathways,2023-06-14,1,Côte d'Ivoire,PRK
UrologyManagementSystem,monitorNetworkLatency,2024-09-16,2,Tunisia,NLD
SubstanceAbuseCounselor,simulateLoadBalancing,2022-10-26,2,Yemen,LAO
VaccineAdministrationLog,deploySoftwareUpdates,2023-03-13,2,France,PHL
DentalHealthProfiler,simulateLoadBalancing,2022-04-09,2,Senegal,AFG
DiabetesCareManager,reportSystemHealthStatus,2023-05-08,2,Bouvet Island,NFK
MedicalEducationSimulator,deploySoftwareUpdates,2024-04-23,1,Kazakhstan,TUV
FitnessAndWellnessGuide,calculateOptimalPathways,2024-09-20,2,Heard Island and McDonald Islands,SRB
SportsInjuryPreventor,sendFunctionCountToServer,2023-11-14,2,French Southern Territories,LBR
CardiovascularAssessmentTool,initializeSystemDiagnostics,2024-01-24,1,Kyrgyzstan,ALA
PainManagementAdvisor,calculateOptimalPathways,2024-12-24,1,Cuba,SHN
MedicalWasteManagement,validateUserPermissions,2023-09-06,2,El Salvador,SLV
NutritionAndDietPlanner,trackApplicationDependencies,2024-03-06,1,Macao,FJI
SportsInjuryPreventor,configureVirtualMachines,2023-11-03,1,Hungary,LBR
SleepDisorderAnalyzer,configureVirtualMachines,2023-07-16,2,Marshall Islands,SXM
NutritionAndDietPlanner,onGenerateFibulaPlanesTimerTimeout,2024-11-20,1,South Georgia and the South Sandwich Islands,ETH
RehabilitationExercisePlanner,scheduleSystemBackups,2024-02-25,1,American Samoa,CYM
HealthcareComplianceMonitor,calculateOptimalPathways,2024-02-12,2,Bangladesh,ITA
MentalHealthTherapyAssistant,cleanTemporaryFiles,2023-09-07,1,Timor-Leste,MAR
MedicalWasteManagement,calculateOptimalPathways,2022-10-06,1,Belize,MOZ
ENTProcedureGuide,restoreArchivedData,2024-04-21,2,Tajikistan,VEN
PharmacyInventoryManager,analyzeServerPerformance,2022-06-08,2,China,MOZ
DermatologyTreatmentPlanner,sendFunctionCountToServer,2022-02-04,1,Aruba,JPN
PatientFeedbackAnalyzer,deploySoftwareUpdates,2024-03-20,2,Liberia,VUT
SportsInjuryPreventor,configureVirtualMachines,2023-11-09,2,Myanmar,SYR
DentalHealthProfiler,monitorNetworkLatency,2024-06-18,2,Kyrgyzstan,ESH
PediatricCareAssistant,reportSystemHealthStatus,2024-11-03,2,Turkmenistan,KGZ
SurgicalInstrumentTracker,deploySoftwareUpdates,2022-08-12,1,Cook Islands,MNG
HematologyAnalyzer,verifyDataIntegrity,2023-04-01,1,Bahrain,VIR
InfectiousDiseaseMapper,simulateLoadBalancing,2023-11-15,1,Japan,IRL
PediatricCareAssistant,generateEncryptionKeys,2023-04-08,2,Suriname,GTM
SleepDisorderAnalyzer,verifyDataIntegrity,2022-12-01,2,Switzerland,PNG
RadiologyImagingCenter,simulateLoadBalancing,2022-03-26,1,Dominican Republic,GNQ
SportsInjuryPreventor,validateUserPermissions,2022-04-24,2,Zimbabwe,MSR
PatientEngagementHub,simulateLoadBalancing,2024-09-20,1,Latvia,KOR
DermatologyTreatmentPlanner,onGenerateFibulaPlanesTimerTimeout,2023-04-16,2,Grenada,SWE
DermatologyTreatmentPlanner,analyzeServerPerformance,2023-09-02,2,Nigeria,NIC
EmergencyResponseCoordinator,onGenerateFibulaPlanesTimerTimeout,2022-07-03,1,Colombia,CUW
DiabetesCareManager,calculateOptimalPathways,2022-05-05,2,Philippines,GRC
PulmonaryFunctionTester,analyzeServerPerformance,2024-03-08,2,Montserrat,KIR
ObstetricsLaborTracker,makeBooleanOperationsToFibulaSurgicalGuideBase,2024-09-18,1,Zambia,MYS
EmergencyResponseCoordinator,calculateOptimalPathways,2023-10-17,1,Venezuela,TZA
RadiologyImagingCenter,makeBooleanOperationsToFibulaSurgicalGuideBase,2023-10-04,1,Iceland,IRQ
FitnessAndWellnessGuide,onGenerateFibulaPlanesTimerTimeout,2022-02-11,1,Zambia,TGO
TelemedicineConsultationPortal,archiveOldLogFiles,2022-12-18,1,Iran,PCN
CardiovascularAssessmentTool,reportSystemHealthStatus,2024-01-21,1,Somalia,BLM
FertilityAndIVFHelper,deploySoftwareUpdates,2024-01-06,2,Zimbabwe,MCO
GastrointestinalTracker,auditSecurityCompliance,2023-10-04,1,Aruba,ROU
CardiovascularAssessmentTool,simulateLoadBalancing,2023-10-07,1,United Arab Emirates,GUM
FitnessAndWellnessGuide,cleanTemporaryFiles,2023-09-27,1,Romania,ZWE
DermatologyTreatmentPlanner,makeBooleanOperationsToFibulaSurgicalGuideBase,2024-05-31,1,Saint Barthélemy,SGS
MedicalResearchDatabase,analyzeServerPerformance,2023-07-02,2,Gibraltar,DEU
SleepDisorderAnalyzer,sendFunctionCountToServer,2022-09-11,2,El Salvador,MUS
SportsInjuryPreventor,configureVirtualMachines,2024-05-04,1,Iceland,FSM
SleepDisorderAnalyzer,validateUserPermissions,2023-05-12,1,Thailand,LBR
GastrointestinalTracker,simulateLoadBalancing,2023-09-26,2,Saint Vincent and the Grenadines,ALB
SportsInjuryPreventor,analyzeServerPerformance,2022-08-27,1,Andorra,SRB
MedicalWasteManagement,analyzeServerPerformance,2023-06-15,1,Iran,ETH
MedicalResearchDatabase,makeBooleanOperationsToFibulaSurgicalGuideBase,2022-01-27,2,Iraq,AZE
NeurosurgeryNavigationSystem,cleanTemporaryFiles,2023-08-26,2,Iceland,GLP
AmbulanceDispatchSystem,optimizeDatabaseQueries,2022-11-26,1,Burkina Faso,GRL
DentalHealthProfiler,trackApplicationDependencies,2023-09-23,1,Iran,MHL
HospitalRoomAllocationSystem,manageResourceAllocation,2023-03-23,2,Costa Rica,PRT
MentalHealthTherapyAssistant,archiveOldLogFiles,2022-04-12,1,Falkland Islands (Malvinas),WSM
AllergyReactionTracker,simulateLoadBalancing,2023-07-17,1,Saint Kitts and Nevis,LAO
TelemedicineConsultationPortal,validateUserPermissions,2022-06-29,1,Turks and Caicos Islands,CIV
PediatricCareAssistant,auditSecurityCompliance,2023-03-11,1,Ghana,YEM
BloodPressureRegulator,generateEncryptionKeys,2024-03-19,1,Canada,MOZ
OrthopedicProcedureSimulator,verifyDataIntegrity,2024-04-25,1,Romania,LSO
GastrointestinalTracker,simulateLoadBalancing,2024-05-02,2,Kyrgyzstan,BHR
HealthcarePolicyLibrary,deploySoftwareUpdates,2024-03-11,2,Qatar,GBR
DiabetesCareManager,verifyDataIntegrity,2023-07-16,2,Peru,KWT
PharmacyInventoryManager,optimizeDatabaseQueries,2022-12-29,2,Lao People's Democratic Republic,FJI
PatientEngagementHub,calculateOptimalPathways,2024-09-06,1,Bhutan,ECU
OncologyTreatmentOptimizer,auditSecurityCompliance,2023-06-02,2,Saint Martin (French part),NPL
EmergencyResponseCoordinator,monitorNetworkLatency,2023-05-24,1,Croatia,ZAF
ImmunologyResponseEvaluator,deploySoftwareUpdates,2023-03-22,1,Congo,MNE
MedicalBillingAndCoding,makeBooleanOperationsToFibulaSurgicalGuideBase,2022-09-23,2,Cook Islands,TTO
FitnessAndWellnessGuide,sendFunctionCountToServer,2022-12-11,2,Saint Helena,KNA
HealthcareComplianceMonitor,reportSystemHealthStatus,2024-08-12,1,Palau,GUF
PulmonaryFunctionTester,manageResourceAllocation,2022-03-11,1,Mali,UMI
OncologyTreatmentOptimizer,simulateLoadBalancing,2024-08-22,2,Bouvet Island,BRB
NutritionAndDietPlanner,updateFirmwareVersions,2024-03-26,2,Oman,NCL
GastrointestinalTracker,scheduleSystemBackups,2022-09-08,2,Greenland,GRC
NutritionAndDietPlanner,reportSystemHealthStatus,2022-01-26,1,Côte d'Ivoire,COK
PharmacyInventoryManager,auditSecurityCompliance,2023-07-12,2,Kenya,GNQ
PulmonaryFunctionTester,onGenerateFibulaPlanesTimerTimeout,2024-09-09,2,San Marino,ASM
SportsInjuryPreventor,analyzeServerPerformance,2024-02-15,1,Ghana,REU
HospitalRoomAllocationSystem,validateUserPermissions,2024-08-06,2,British Indian Ocean Territory,GMB
InfectiousDiseaseMapper,validateUserPermissions,2022-01-09,2,Christmas Island,JOR
HealthcarePolicyLibrary,optimizeDatabaseQueries,2024-10-07,1,Bhutan,KAZ
WoundCareToolkit,verifyDataIntegrity,2024-03-19,2,Norfolk Island,BHS
OrthopedicProcedureSimulator,onGenerateFibulaPlanesTimerTimeout,2024-08-16,1,Hong Kong,SRB
OrthopedicProcedureSimulator,onGenerateFibulaPlanesTimerTimeout,2022-04-17,1,Sao Tome and Principe,FIN
HospitalRoomAllocationSystem,optimizeDatabaseQueries,2023-01-20,1,North Korea,AIA
PulmonaryFunctionTester,manageResourceAllocation,2022-06-13,2,Namibia,DMA
HematologyAnalyzer,monitorNetworkLatency,2024-03-27,2,France,USA
MentalHealthTherapyAssistant,trackApplicationDependencies,2024-05-31,1,Japan,SVN
SportsInjuryPreventor,validateUserPermissions,2023-08-20,2,Finland,SDN
DermatologyTreatmentPlanner,simulateLoadBalancing,2024-08-09,2,Congo,LBY
PatientFeedbackAnalyzer,analyzeServerPerformance,2022-08-13,2,Estonia,BRN
ObstetricsLaborTracker,onGenerateFibulaPlanesTimerTimeout,2023-01-03,2,Nepal,TLS
DiabetesCareManager,trackApplicationDependencies,2023-03-05,2,France,BHR
PatientEngagementHub,cleanTemporaryFiles,2024-01-28,2,Bahamas,CCK
AllergyReactionTracker,trackApplicationDependencies,2022-06-13,1,Syrian Arab Republic,TTO
UrologyManagementSystem,simulateLoadBalancing,2023-05-13,2,Colombia,KWT
FitnessAndWellnessGuide,verifyDataIntegrity,2022-10-17,2,Palau,SJM
FertilityAndIVFHelper,analyzeServerPerformance,2023-01-18,1,Thailand,BGD
PulmonaryFunctionTester,sendFunctionCountToServer,2022-11-03,2,Ecuador,SYR
MedicalEducationSimulator,configureVirtualMachines,2022-05-07,1,Mongolia,THA
WoundCareToolkit,reportSystemHealthStatus,2023-03-15,2,Holy See,MLT
GeneticDisorderExplorer,initializeSystemDiagnostics,2022-11-22,1,Maldives,MNP
NeurosurgeryNavigationSystem,verifyDataIntegrity,2023-11-21,2,Lesotho,TON
AllergyReactionTracker,configureVirtualMachines,2023-07-09,1,Guinea-Bissau,GRL
RehabilitationExercisePlanner,generateEncryptionKeys,2022-11-06,1,Brunei Darussalam,AUS
DentalHealthProfiler,makeBooleanOperationsToFibulaSurgicalGuideBase,2024-09-29,1,Netherlands,TUR
PediatricCareAssistant,makeBooleanOperationsToFibulaSurgicalGuideBase,2024-07-10,2,Denmark,ETH
OncologyTreatmentOptimizer,reportSystemHealthStatus,2022-08-14,2,Venezuela,GIN
HealthcarePolicyLibrary,updateFirmwareVersions,2023-06-10,1,South Sudan,ISR
MedicalWasteManagement,updateFirmwareVersions,2022-11-24,1,Barbados,MDA
ImmunologyResponseEvaluator,sendFunctionCountToServer,2024-05-07,1,Paraguay,GLP
SurgicalInstrumentTracker,validateUserPermissions,2022-01-19,1,Bangladesh,MDV
MedicalEducationSimulator,reportSystemHealthStatus,2023-01-14,2,Pitcairn,HKG
EndocrineHealthMonitor,deploySoftwareUpdates,2024-02-29,2,Jersey,CRI
MedicalWasteManagement,analyzeServerPerformance,2022-08-01,2,Bosnia and Herzegovina,MDA
CardiovascularAssessmentTool,generateEncryptionKeys,2023-01-06,2,Gibraltar,USA
NeurosurgeryNavigationSystem,generateEncryptionKeys,2023-10-12,1,Switzerland,EGY
HematologyAnalyzer,configureVirtualMachines,2024-08-20,1,Greenland,ARE
PatientFeedbackAnalyzer,reportSystemHealthStatus,2022-11-29,2,Cabo Verde,SPM
PharmacyInventoryManager,archiveOldLogFiles,2022-06-16,1,Niger,URY
HealthcarePolicyLibrary,archiveOldLogFiles,2022-11-09,1,Bolivia,GUF
NutritionAndDietPlanner,generateEncryptionKeys,2024-06-28,1,Uzbekistan,PYF
HospitalRoomAllocationSystem,cleanTemporaryFiles,2024-09-14,1,Iraq,PLW
OrthopedicProcedureSimulator,calculateOptimalPathways,2024-04-30,2,Bosnia and Herzegovina,SRB
MedicalEducationSimulator,onGenerateFibulaPlanesTimerTimeout,2023-04-18,2,Anguilla,SAU
GeneticDisorderExplorer,archiveOldLogFiles,2022-12-01,1,Algeria,NFK
FitnessAndWellnessGuide,deploySoftwareUpdates,2022-08-25,1,Pakistan,CUW
GeneticDisorderExplorer,analyzeServerPerformance,2022-01-10,2,Congo,SMR
NeurosurgeryNavigationSystem,archiveOldLogFiles,2022-05-15,1,Nepal,ARE
MentalHealthTherapyAssistant,generateEncryptionKeys,2023-05-24,1,Puerto Rico,LTU
HealthcareComplianceMonitor,scheduleSystemBackups,2024-02-20,1,Switzerland,LTU
DermatologyTreatmentPlanner,monitorNetworkLatency,2023-01-23,1,Niger,AFG
DentalHealthProfiler,scheduleSystemBackups,2022-08-14,2,Lesotho,NIC
GastrointestinalTracker,simulateLoadBalancing,2022-01-19,2,Bahamas,AIA
ImmunologyResponseEvaluator,scheduleSystemBackups,2024-04-20,2,United States Minor Outlying Islands,GRC
SurgicalInstrumentTracker,generateEncryptionKeys,2024-12-28,1,Pakistan,CHN
CardiovascularAssessmentTool,cleanTemporaryFiles,2024-08-29,1,Netherlands,IMN
PediatricCareAssistant,initializeSystemDiagnostics,2022-03-18,1,Iceland,CRI
HealthcarePolicyLibrary,scheduleSystemBackups,2024-01-27,2,Libya,VCT
GeneticDisorderExplorer,archiveOldLogFiles,2024-06-05,2,Central African Republic,LUX
MedicalEducationSimulator,calculateOptimalPathways,2023-05-12,1,Argentina,BRB
EmergencyResponseCoordinator,onGenerateFibulaPlanesTimerTimeout,2023-05-22,1,Haiti,TUR
NutritionAndDietPlanner,updateFirmwareVersions,2024-12-13,1,Somalia,NPL
PatientEngagementHub,validateUserPermissions,2022-04-06,1,Niue,FRA
EmergencyResponseCoordinator,archiveOldLogFiles,2023-11-15,2,Bulgaria,TKM
OrthopedicProcedureSimulator,updateFirmwareVersions,2022-07-20,1,Malaysia,WLF
HematologyAnalyzer,verifyDataIntegrity,2024-12-07,1,Venezuela,ZWE
SportsInjuryPreventor,simulateLoadBalancing,2024-09-30,2,Saudi Arabia,CCK
ClinicalTrialManager,makeBooleanOperationsToFibulaSurgicalGuideBase,2023-03-11,1,France,ISL
AllergyReactionTracker,initializeSystemDiagnostics,2022-09-12,1,Equatorial Guinea,VIR
SubstanceAbuseCounselor,auditSecurityCompliance,2024-05-15,2,Uganda,JOR
OncologyTreatmentOptimizer,verifyDataIntegrity,2023-11-08,1,Syrian Arab Republic,NRU
ENTProcedureGuide,onGenerateFibulaPlanesTimerTimeout,2022-02-16,2,North Korea,BLZ
UrologyManagementSystem,auditSecurityCompliance,2024-02-15,2,Belarus,ISR
VaccineAdministrationLog,deploySoftwareUpdates,2024-06-22,2,Argentina,KOR
NeuralNetworkDiagnostics,calculateOptimalPathways,2023-03-30,2,United States Minor Outlying Islands,LUX
DermatologyTreatmentPlanner,configureVirtualMachines,2022-01-14,2,United Arab Emirates,PRK
SleepDisorderAnalyzer,manageResourceAllocation,2024-04-06,1,Solomon Islands,ETH
PediatricCareAssistant,updateFirmwareVersions,2023-10-23,1,Guyana,NLD
AmbulanceDispatchSystem,manageResourceAllocation,2024-11-03,2,Honduras,IND
BloodPressureRegulator,updateFirmwareVersions,2022-08-23,1,Israel,PRT
PatientEngagementHub,generateEncryptionKeys,2023-07-30,2,Antigua and Barbuda,NOR
GeneticDisorderExplorer,scheduleSystemBackups,2022-11-16,1,Armenia,SWE
FitnessAndWellnessGuide,configureVirtualMachines,2024-10-19,2,Timor-Leste,MDV
OrthopedicProcedureSimulator,optimizeDatabaseQueries,2024-10-11,2,Poland,DZA
GeriatricCarePlanner,onGenerateFibulaPlanesTimerTimeout,2024-07-22,2,"Taiwan, Province of China",AGO
MedicalResearchDatabase,cleanTemporaryFiles,2023-03-19,2,San Marino,AUT
PatientFeedbackAnalyzer,generateEncryptionKeys,2024-07-13,2,Botswana,IND
VaccineAdministrationLog,sendFunctionCountToServer,2023-01-20,2,Nigeria,EST
PatientFeedbackAnalyzer,onGenerateFibulaPlanesTimerTimeout,2023-06-16,2,South Africa,SWZ
MedicalBillingAndCoding,makeBooleanOperationsToFibulaSurgicalGuideBase,2023-04-12,1,Turks and Caicos Islands,LBY
MedicalWasteManagement,manageResourceAllocation,2022-03-21,2,Panama,COM
DentalHealthProfiler,validateUserPermissions,2023-06-03,1,Gambia,NFK
BloodPressureRegulator,trackApplicationDependencies,2023-06-21,1,Palau,AUT
ImmunologyResponseEvaluator,archiveOldLogFiles,2024-12-13,1,Mauritania,KAZ
OncologyTreatmentOptimizer,scheduleSystemBackups,2024-12-10,1,Belgium,CUW
SportsInjuryPreventor,makeBooleanOperationsToFibulaSurgicalGuideBase,2024-06-14,1,Eritrea,WLF
EmergencyResponseCoordinator,auditSecurityCompliance,2024-05-11,1,Anguilla,JEY
RadiologyImagingCenter,trackApplicationDependencies,2024-06-09,2,Solomon Islands,SUR
ImmunologyResponseEvaluator,onGenerateFibulaPlanesTimerTimeout,2022-09-20,1,Virgin Islands (British),FLK
MedicalWasteManagement,deploySoftwareUpdates,2024-04-10,1,Venezuela,MRT
PediatricCareAssistant,verifyDataIntegrity,2022-11-13,2,Czech Republic,PER
MentalHealthTherapyAssistant,makeBooleanOperationsToFibulaSurgicalGuideBase,2023-03-04,2,Ghana,BTN
PharmacyInventoryManager,configureVirtualMachines,2024-03-19,1,Saint Helena,TKL
HospitalRoomAllocationSystem,makeBooleanOperationsToFibulaSurgicalGuideBase,2022-09-20,1,Fiji,SYR
HealthcareComplianceMonitor,archiveOldLogFiles,2023-12-06,1,Swaziland,MSR
MentalHealthTherapyAssistant,cleanTemporaryFiles,2024-06-15,2,Georgia,LBN
HospitalRoomAllocationSystem,manageResourceAllocation,2022-10-09,2,Mongolia,BHS
ClinicalTrialManager,onGenerateFibulaPlanesTimerTimeout,2022-11-13,1,Gibraltar,IRL
HospitalRoomAllocationSystem,monitorNetworkLatency,2023-11-28,2,Qatar,COD
DentalHealthProfiler,reportSystemHealthStatus,2022-07-03,2,Switzerland,PRT
PatientEngagementHub,validateUserPermissions,2023-11-19,1,Singapore,CHE
VaccineAdministrationLog,optimizeDatabaseQueries,2022-05-21,2,Libya,GEO
VaccineAdministrationLog,initializeSystemDiagnostics,2024-11-10,1,Croatia,GRC
MedicalEducationSimulator,simulateLoadBalancing,2022-07-16,1,Romania,BVT
MedicalResearchDatabase,validateUserPermissions,2023-11-05,2,Honduras,GTM
MedicalResearchDatabase,verifyDataIntegrity,2024-12-23,1,Tonga,SEN
ImmunologyResponseEvaluator,deploySoftwareUpdates,2022-09-08,2,Monaco,GBR
MedicalBillingAndCoding,calculateOptimalPathways,2023-11-11,2,Moldova,CRI
OrthopedicProcedureSimulator,archiveOldLogFiles,2022-09-17,1,Peru,AGO
MedicalResearchDatabase,cleanTemporaryFiles,2022-03-20,1,Pakistan,MAR
MentalHealthTherapyAssistant,configureVirtualMachines,2022-08-20,2,Norfolk Island,KWT
MedicalWasteManagement,restoreArchivedData,2022-12-27,2,Bahrain,LVA
SurgicalInstrumentTracker,generateEncryptionKeys,2024-06-08,1,Congo,MUS
PatientEngagementHub,manageResourceAllocation,2024-10-08,2,Swaziland,ROU
UrologyManagementSystem,generateEncryptionKeys,2022-01-24,2,Dominican Republic,IMN
EndocrineHealthMonitor,cleanTemporaryFiles,2024-11-13,1,Norfolk Island,DZA
MentalHealthTherapyAssistant,deploySoftwareUpdates,2023-01-15,1,Namibia,HUN
PediatricCareAssistant,trackApplicationDependencies,2023-06-29,2,Greenland,MLI
DermatologyTreatmentPlanner,makeBooleanOperationsToFibulaSurgicalGuideBase,2024-12-03,2,Hong Kong,TCA
VaccineAdministrationLog,verifyDataIntegrity,2022-06-06,2,Northern Mariana Islands,STP
TelemedicineConsultationPortal,scheduleSystemBackups,2024-06-08,1,Panama,TON
DermatologyTreatmentPlanner,analyzeServerPerformance,2023-04-30,2,Maldives,SWZ
DiabetesCareManager,updateFirmwareVersions,2022-06-30,2,Spain,URY
OrthopedicProcedureSimulator,sendFunctionCountToServer,2022-03-31,1,Bangladesh,BLR
DermatologyTreatmentPlanner,updateFirmwareVersions,2024-10-11,2,Fiji,RWA
DiabetesCareManager,cleanTemporaryFiles,2023-09-15,2,Seychelles,IND
GastrointestinalTracker,analyzeServerPerformance,2022-12-20,2,Romania,BLM
SleepDisorderAnalyzer,simulateLoadBalancing,2024-07-10,2,Kuwait,GGY
PatientEngagementHub,archiveOldLogFiles,2023-04-11,1,Brunei Darussalam,ERI
HematologyAnalyzer,onGenerateFibulaPlanesTimerTimeout,2024-05-23,1,French Guiana,PAK
RehabilitationExercisePlanner,analyzeServerPerformance,2024-10-06,2,Italy,CHL
GeneticDisorderExplorer,configureVirtualMachines,2022-03-07,2,Cayman Islands,PRY
HematologyAnalyzer,calculateOptimalPathways,2022-03-04,2,Morocco,MUS
ObstetricsLaborTracker,verifyDataIntegrity,2024-02-06,1,Vanuatu,PLW
GastrointestinalTracker,restoreArchivedData,2023-02-02,1,Russian Federation,IND
OphthalmologyVisionAnalyzer,auditSecurityCompliance,2022-01-11,2,Liechtenstein,CAF
HospitalRoomAllocationSystem,restoreArchivedData,2024-07-31,2,Comoros,LTU
NeuralNetworkDiagnostics,simulateLoadBalancing,2023-09-15,2,Afghanistan,SOM
MedicalBillingAndCoding,generateEncryptionKeys,2023-03-30,2,Togo,COM
HematologyAnalyzer,generateEncryptionKeys,2022-04-02,2,Palau,AUT
SubstanceAbuseCounselor,cleanTemporaryFiles,2023-04-17,2,British Indian Ocean Territory,JAM
MedicalEducationSimulator,optimizeDatabaseQueries,2023-08-25,2,Ghana,SPM
DermatologyTreatmentPlanner,analyzeServerPerformance,2024-01-07,1,Macedonia,JPN
RehabilitationExercisePlanner,archiveOldLogFiles,2024-02-22,2,Mozambique,GEO
FertilityAndIVFHelper,trackApplicationDependencies,2023-08-25,1,Tajikistan,IRQ
PainManagementAdvisor,cleanTemporaryFiles,2022-08-09,1,Cameroon,UMI
GastrointestinalTracker,reportSystemHealthStatus,2024-02-07,1,Falkland Islands (Malvinas),BEN
MedicalBillingAndCoding,restoreArchivedData,2024-12-17,1,Sri Lanka,BLR
WoundCareToolkit,scheduleSystemBackups,2024-02-24,2,Marshall Islands,CPV
PulmonaryFunctionTester,restoreArchivedData,2023-06-24,2,Afghanistan,RWA
ClinicalTrialManager,analyzeServerPerformance,2023-05-01,1,Sweden,ATG
MedicalResearchDatabase,updateFirmwareVersions,2024-09-24,1,Tokelau,MNE
MedicalBillingAndCoding,initializeSystemDiagnostics,2023-04-22,1,Oman,TCA
SleepDisorderAnalyzer,sendFunctionCountToServer,2024-11-09,2,Bouvet Island,ZWE
HealthcareComplianceMonitor,verifyDataIntegrity,2023-04-09,2,Bahrain,DNK
NutritionAndDietPlanner,initializeSystemDiagnostics,2022-12-01,1,Myanmar,GRL
HealthcareComplianceMonitor,manageResourceAllocation,2024-02-14,2,Zambia,TON
MedicalEducationSimulator,configureVirtualMachines,2023-02-22,2,Guernsey,VGB
ObstetricsLaborTracker,simulateLoadBalancing,2022-06-11,1,Chile,CPV
NutritionAndDietPlanner,simulateLoadBalancing,2023-04-19,2,Algeria,LSO
RadiologyImagingCenter,trackApplicationDependencies,2024-02-03,2,Honduras,AUT
AmbulanceDispatchSystem,deploySoftwareUpdates,2023-03-02,2,Falkland Islands (Malvinas),PYF
DentalHealthProfiler,onGenerateFibulaPlanesTimerTimeout,2024-08-29,2,Djibouti,AGO
HospitalRoomAllocationSystem,deploySoftwareUpdates,2023-06-12,1,Tunisia,SWZ
HealthcarePolicyLibrary,restoreArchivedData,2022-05-06,2,Spain,KWT
CardiovascularAssessmentTool,makeBooleanOperationsToFibulaSurgicalGuideBase,2023-11-01,1,Peru,PRI
ObstetricsLaborTracker,manageResourceAllocation,2024-12-13,1,Netherlands,CUW
HealthcareComplianceMonitor,verifyDataIntegrity,2024-03-16,2,Nigeria,NOR
AmbulanceDispatchSystem,updateFirmwareVersions,2024-01-17,1,Tanzania,UKR
DiabetesCareManager,archiveOldLogFiles,2023-06-08,2,Montserrat,ESH
RadiologyImagingCenter,simulateLoadBalancing,2022-01-22,2,Zimbabwe,IRN
MedicalResearchDatabase,analyzeServerPerformance,2022-03-18,1,Rwanda,SHN
ImmunologyResponseEvaluator,analyzeServerPerformance,2024-12-26,2,Turkmenistan,ASM
BloodPressureRegulator,simulateLoadBalancing,2022-10-15,1,Thailand,SSD
OrthopedicProcedureSimulator,makeBooleanOperationsToFibulaSurgicalGuideBase,2022-06-12,2,Nauru,CMR
PulmonaryFunctionTester,makeBooleanOperationsToFibulaSurgicalGuideBase,2022-12-25,1,Iceland,CYP
MedicalWasteManagement,updateFirmwareVersions,2023-12-18,2,Bermuda,LVA
EndocrineHealthMonitor,cleanTemporaryFiles,2023-10-12,2,Chad,ERI
PulmonaryFunctionTester,updateFirmwareVersions,2023-09-15,2,Togo,BLR
WoundCareToolkit,monitorNetworkLatency,2023-08-19,1,Congo,BEL
PatientEngagementHub,calculateOptimalPathways,2024-01-04,1,Australia,SGP
PulmonaryFunctionTester,calculateOptimalPathways,2022-03-25,1,Guernsey,ALA
PainManagementAdvisor,onGenerateFibulaPlanesTimerTimeout,2022-07-31,2,Macao,CPV
AllergyReactionTracker,archiveOldLogFiles,2023-01-19,2,Virgin Islands (U.S.),UKR
ImmunologyResponseEvaluator,calculateOptimalPathways,2024-02-21,2,Vanuatu,KOR
RehabilitationExercisePlanner,updateFirmwareVersions,2022-03-06,1,Mali,COM
DermatologyTreatmentPlanner,deploySoftwareUpdates,2024-06-17,2,Serbia,BVT
PharmacyInventoryManager,archiveOldLogFiles,2024-03-27,2,Egypt,MAF
RadiologyImagingCenter,reportSystemHealthStatus,2022-01-12,2,Guernsey,NIC
EndocrineHealthMonitor,simulateLoadBalancing,2024-02-13,1,Ecuador,LVA
FertilityAndIVFHelper,verifyDataIntegrity,2024-02-03,1,Morocco,CAF
PatientEngagementHub,archiveOldLogFiles,2023-06-12,2,"Taiwan, Province of China",ATF
MedicalWasteManagement,initializeSystemDiagnostics,2023-01-08,2,Switzerland,PYF
DermatologyTreatmentPlanner,manageResourceAllocation,2022-12-10,1,Isle of Man,SSD
OncologyTreatmentOptimizer,updateFirmwareVersions,2023-03-31,1,Czech Republic,ALA
PatientFeedbackAnalyzer,trackApplicationDependencies,2022-02-15,1,Dominica,SPM
MedicalEducationSimulator,auditSecurityCompliance,2022-10-25,1,Kuwait,NRU
HealthcarePolicyLibrary,monitorNetworkLatency,2022-09-21,1,Liechtenstein,GTM
SubstanceAbuseCounselor,restoreArchivedData,2024-08-05,2,Belarus,GTM
PulmonaryFunctionTester,archiveOldLogFiles,2022-01-05,1,Albania,SLV
NeuralNetworkDiagnostics,auditSecurityCompliance,2024-06-15,2,Jamaica,MUS
HospitalRoomAllocationSystem,makeBooleanOperationsToFibulaSurgicalGuideBase,2023-08-08,1,Burundi,ARG
DiabetesCareManager,simulateLoadBalancing,2024-07-19,1,Fiji,PNG
HealthcarePolicyLibrary,cleanTemporaryFiles,2024-01-23,1,Cocos (Keeling) Islands,IRN
NeuralNetworkDiagnostics,archiveOldLogFiles,2022-08-06,2,Libya,PRY
PatientFeedbackAnalyzer,auditSecurityCompliance,2022-07-06,2,New Zealand,GRD
ObstetricsLaborTracker,sendFunctionCountToServer,2022-07-22,2,Afghanistan,BGD
AllergyReactionTracker,onGenerateFibulaPlanesTimerTimeout,2022-03-07,1,Iran,SLV
PatientEngagementHub,initializeSystemDiagnostics,2024-12-19,2,Falkland Islands (Malvinas),URY
HealthcarePolicyLibrary,restoreArchivedData,2022-03-24,2,Tanzania,AGO
CardiovascularAssessmentTool,simulateLoadBalancing,2023-03-23,2,Sri Lanka,IMN
BloodPressureRegulator,monitorNetworkLatency,2024-04-29,1,Mayotte,SJM
SportsInjuryPreventor,manageResourceAllocation,2023-10-26,1,Suriname,GLP
WoundCareToolkit,generateEncryptionKeys,2023-04-09,1,Virgin Islands (U.S.),CMR
NeurosurgeryNavigationSystem,monitorNetworkLatency,2022-07-22,1,United Arab Emirates,MAR
WoundCareToolkit,monitorNetworkLatency,2023-06-17,2,Angola,VGB
HealthcareComplianceMonitor,reportSystemHealthStatus,2022-02-01,2,Ethiopia,USA
HematologyAnalyzer,cleanTemporaryFiles,2022-04-23,1,Uruguay,NIC
HealthcarePolicyLibrary,optimizeDatabaseQueries,2022-12-09,2,North Korea,AIA
OncologyTreatmentOptimizer,updateFirmwareVersions,2022-08-10,2,Australia,NIU
RehabilitationExercisePlanner,validateUserPermissions,2023-01-07,2,Cocos (Keeling) Islands,HMD
ImmunologyResponseEvaluator,optimizeDatabaseQueries,2023-02-03,1,Syrian Arab Republic,NIU
PediatricCareAssistant,onGenerateFibulaPlanesTimerTimeout,2023-01-30,1,Uganda,VEN
EndocrineHealthMonitor,archiveOldLogFiles,2023-07-16,2,Saint Martin (French part),ZAF
UrologyManagementSystem,scheduleSystemBackups,2024-11-14,1,Haiti,PAN
UrologyManagementSystem,trackApplicationDependencies,2024-09-01,2,Antarctica,REU
MedicalEducationSimulator,validateUserPermissions,2024-07-31,1,Guinea-Bissau,MAC
NutritionAndDietPlanner,calculateOptimalPathways,2024-10-15,1,South Sudan,PRY
OphthalmologyVisionAnalyzer,analyzeServerPerformance,2024-11-17,2,Puerto Rico,CYP
FitnessAndWellnessGuide,analyzeServerPerformance,2022-05-02,1,Anguilla,TTO
MedicalBillingAndCoding,configureVirtualMachines,2024-04-28,1,Mexico,FIN
NeuralNetworkDiagnostics,trackApplicationDependencies,2024-05-03,1,French Polynesia,MKD
DentalHealthProfiler,makeBooleanOperationsToFibulaSurgicalGuideBase,2023-02-15,1,New Caledonia,LKA
DentalHealthProfiler,manageResourceAllocation,2022-11-01,2,Pakistan,REU
PulmonaryFunctionTester,scheduleSystemBackups,2022-12-03,2,Slovakia,MLT
EndocrineHealthMonitor,makeBooleanOperationsToFibulaSurgicalGuideBase,2022-11-09,2,North Korea,ATG
GeriatricCarePlanner,onGenerateFibulaPlanesTimerTimeout,2024-01-12,2,Saint Martin (French part),WLF
EmergencyResponseCoordinator,restoreArchivedData,2022-07-21,1,Slovenia,ASM
RadiologyImagingCenter,deploySoftwareUpdates,2024-10-09,2,Slovenia,ARE
OphthalmologyVisionAnalyzer,verifyDataIntegrity,2023-02-28,1,Angola,IND
NeurosurgeryNavigationSystem,configureVirtualMachines,2022-04-02,2,French Southern Territories,BRB
AllergyReactionTracker,validateUserPermissions,2022-12-16,2,Pitcairn,CPV
SurgicalInstrumentTracker,configureVirtualMachines,2024-03-05,2,Netherlands,IRQ
ImmunologyResponseEvaluator,restoreArchivedData,2022-05-01,1,Slovenia,BLZ
OncologyTreatmentOptimizer,monitorNetworkLatency,2024-03-31,1,"Taiwan, Province of China",SEN
CardiovascularAssessmentTool,scheduleSystemBackups,2024-12-14,1,Zambia,WSM
PainManagementAdvisor,makeBooleanOperationsToFibulaSurgicalGuideBase,2023-07-14,1,Russian Federation,MRT
ENTProcedureGuide,reportSystemHealthStatus,2023-06-14,2,Lesotho,SOM
GastrointestinalTracker,simulateLoadBalancing,2022-11-23,1,Qatar,ECU
AllergyReactionTracker,verifyDataIntegrity,2022-03-20,2,Solomon Islands,BRA
DiabetesCareManager,initializeSystemDiagnostics,2022-10-24,1,Bermuda,MDV
SurgicalInstrumentTracker,initializeSystemDiagnostics,2022-06-12,1,Sao Tome and Principe,GUF
HealthcarePolicyLibrary,makeBooleanOperationsToFibulaSurgicalGuideBase,2023-03-11,1,Panama,RWA
SurgicalInstrumentTracker,initializeSystemDiagnostics,2022-01-21,1,Turkmenistan,TZA
BloodPressureRegulator,reportSystemHealthStatus,2024-05-19,2,Seychelles,FJI
TelemedicineConsultationPortal,onGenerateFibulaPlanesTimerTimeout,2022-01-05,2,Åland Islands,MNG
DermatologyTreatmentPlanner,trackApplicationDependencies,2023-05-27,1,Gambia,GMB
TelemedicineConsultationPortal,verifyDataIntegrity,2023-11-14,2,Denmark,BRN
AllergyReactionTracker,generateEncryptionKeys,2024-09-12,2,Faroe Islands,WSM
RehabilitationExercisePlanner,makeBooleanOperationsToFibulaSurgicalGuideBase,2024-05-08,2,Christmas Island,BGR
MedicalBillingAndCoding,manageResourceAllocation,2023-03-31,1,American Samoa,PAN
GeriatricCarePlanner,auditSecurityCompliance,2022-08-13,1,Pakistan,PAK
WoundCareToolkit,onGenerateFibulaPlanesTimerTimeout,2022-06-15,2,New Zealand,UKR
AllergyReactionTracker,deploySoftwareUpdates,2024-02-07,1,Central African Republic,IRN
SubstanceAbuseCounselor,updateFirmwareVersions,2024-12-30,1,Romania,TUR
FertilityAndIVFHelper,restoreArchivedData,2022-04-23,2,Gambia,TUV
OncologyTreatmentOptimizer,configureVirtualMachines,2022-12-02,2,Japan,AIA
GastrointestinalTracker,trackApplicationDependencies,2024-06-10,2,Belize,IRN
TelemedicineConsultationPortal,restoreArchivedData,2024-04-06,2,Saint Kitts and Nevis,ASM
MedicalEducationSimulator,initializeSystemDiagnostics,2024-08-25,1,Montserrat,TJK
GeneticDisorderExplorer,configureVirtualMachines,2024-03-29,1,Palau,SGS
GeriatricCarePlanner,restoreArchivedData,2024-08-15,2,Panama,MAC
MedicalBillingAndCoding,restoreArchivedData,2022-04-23,1,Mali,SRB
OncologyTreatmentOptimizer,archiveOldLogFiles,2024-01-01,1,Tunisia,COG
EndocrineHealthMonitor,scheduleSystemBackups,2023-12-23,2,Nicaragua,CAF
CardiovascularAssessmentTool,validateUserPermissions,2022-05-05,1,Oman,SDN
AmbulanceDispatchSystem,reportSystemHealthStatus,2023-07-19,1,Belgium,RUS
OrthopedicProcedureSimulator,verifyDataIntegrity,2024-03-09,2,Montenegro,RWA
SportsInjuryPreventor,restoreArchivedData,2024-06-09,1,Congo,MYT
PediatricCareAssistant,calculateOptimalPathways,2024-01-02,1,Greece,GHA
DiabetesCareManager,auditSecurityCompliance,2024-09-09,2,Norway,CAN
SurgicalInstrumentTracker,trackApplicationDependencies,2023-11-25,1,Portugal,TCA
NutritionAndDietPlanner,simulateLoadBalancing,2022-04-05,1,Angola,UZB
HospitalRoomAllocationSystem,generateEncryptionKeys,2022-01-07,2,Lao People's Democratic Republic,YEM
GeneticDisorderExplorer,monitorNetworkLatency,2024-04-30,1,Guinea-Bissau,TCD
SleepDisorderAnalyzer,auditSecurityCompliance,2022-06-20,2,French Polynesia,VCT
RadiologyImagingCenter,archiveOldLogFiles,2024-03-16,1,North Korea,AGO
MedicalWasteManagement,trackApplicationDependencies,2022-07-07,2,Turkey,MNE
PulmonaryFunctionTester,manageResourceAllocation,2024-11-08,1,Zimbabwe,THA
PulmonaryFunctionTester,simulateLoadBalancing,2024-03-08,1,Vanuatu,SYR
MedicalEducationSimulator,initializeSystemDiagnostics,2023-02-19,1,Moldova,GUF
SurgicalInstrumentTracker,reportSystemHealthStatus,2024-05-25,2,Iceland,VNM
RehabilitationExercisePlanner,analyzeServerPerformance,2022-11-19,1,Antarctica,MEX
NeuralNetworkDiagnostics,makeBooleanOperationsToFibulaSurgicalGuideBase,2023-11-30,2,Lithuania,CXR
HealthcarePolicyLibrary,monitorNetworkLatency,2024-08-11,2,Nicaragua,GUY
PediatricCareAssistant,validateUserPermissions,2023-06-18,2,Bolivia,CMR
PediatricCareAssistant,analyzeServerPerformance,2024-09-13,1,Slovenia,BOL
InfectiousDiseaseMapper,generateEncryptionKeys,2023-04-30,1,Cambodia,BGR
NutritionAndDietPlanner,makeBooleanOperationsToFibulaSurgicalGuideBase,2022-09-03,2,Virgin Islands (U.S.),CAN
PediatricCareAssistant,calculateOptimalPathways,2022-01-12,2,Fiji,BLM
HospitalRoomAllocationSystem,simulateLoadBalancing,2022-08-02,1,Tonga,GBR
MedicalBillingAndCoding,makeBooleanOperationsToFibulaSurgicalGuideBase,2022-05-03,1,Congo,CMR
DentalHealthProfiler,sendFunctionCountToServer,2024-02-14,2,Thailand,MMR
OrthopedicProcedureSimulator,reportSystemHealthStatus,2022-04-05,2,Jersey,ISL
OrthopedicProcedureSimulator,updateFirmwareVersions,2023-03-31,1,Austria,GMB
PatientFeedbackAnalyzer,generateEncryptionKeys,2022-02-21,2,Svalbard and Jan Mayen,CHL
CardiovascularAssessmentTool,optimizeDatabaseQueries,2023-02-24,1,Maldives,VCT
PatientEngagementHub,optimizeDatabaseQueries,2023-09-17,1,Belarus,PER
HematologyAnalyzer,validateUserPermissions,2022-10-14,2,Netherlands,VNM
RehabilitationExercisePlanner,restoreArchivedData,2023-03-22,1,Croatia,CPV
ENTProcedureGuide,updateFirmwareVersions,2023-08-08,1,Tokelau,GLP
MedicalBillingAndCoding,generateEncryptionKeys,2023-05-19,1,Ethiopia,SLE
SubstanceAbuseCounselor,manageResourceAllocation,2023-12-22,2,Sierra Leone,GRD
SurgicalInstrumentTracker,generateEncryptionKeys,2024-06-21,2,Turkmenistan,NPL
PainManagementAdvisor,onGenerateFibulaPlanesTimerTimeout,2023-03-13,1,Cambodia,MAF
SportsInjuryPreventor,optimizeDatabaseQueries,2022-07-03,2,Åland Islands,GRL
GeriatricCarePlanner,generateEncryptionKeys,2022-04-09,2,Guatemala,PCN
PatientFeedbackAnalyzer,restoreArchivedData,2024-05-08,1,Central African Republic,CPV
VaccineAdministrationLog,scheduleSystemBackups,2022-09-12,1,Sri Lanka,FRO
ObstetricsLaborTracker,sendFunctionCountToServer,2023-11-06,1,Niger,TCD
PainManagementAdvisor,optimizeDatabaseQueries,2022-04-21,2,Fiji,DZA
ObstetricsLaborTracker,makeBooleanOperationsToFibulaSurgicalGuideBase,2023-12-10,1,Niger,GNB
FertilityAndIVFHelper,calculateOptimalPathways,2023-06-18,1,United Arab Emirates,DOM
HospitalRoomAllocationSystem,monitorNetworkLatency,2023-01-19,1,Angola,KOR
GastrointestinalTracker,configureVirtualMachines,2024-12-16,1,Moldova,VCT
HematologyAnalyzer,validateUserPermissions,2024-03-16,2,Ecuador,LKA
MedicalEducationSimulator,updateFirmwareVersions,2022-11-03,1,Guernsey,BVT
OncologyTreatmentOptimizer,auditSecurityCompliance,2024-12-07,2,Belarus,CHL
OrthopedicProcedureSimulator,onGenerateFibulaPlanesTimerTimeout,2024-03-05,2,American Samoa,HND
OphthalmologyVisionAnalyzer,validateUserPermissions,2023-07-27,1,Antarctica,NIC
PainManagementAdvisor,reportSystemHealthStatus,2023-12-03,2,French Guiana,HUN
ENTProcedureGuide,monitorNetworkLatency,2023-09-12,2,Bolivia,SMR
ImmunologyResponseEvaluator,makeBooleanOperationsToFibulaSurgicalGuideBase,2022-08-12,2,Sint Maarten (Dutch part),PER
OrthopedicProcedureSimulator,trackApplicationDependencies,2024-02-13,2,Tajikistan,TTO
GeriatricCarePlanner,archiveOldLogFiles,2023-06-21,1,Luxembourg,TCA
TelemedicineConsultationPortal,updateFirmwareVersions,2023-06-29,1,Norway,NGA
TelemedicineConsultationPortal,makeBooleanOperationsToFibulaSurgicalGuideBase,2023-02-04,2,India,TCD
DiabetesCareManager,cleanTemporaryFiles,2024-02-04,2,Sierra Leone,MNG
DiabetesCareManager,scheduleSystemBackups,2024-12-26,1,Marshall Islands,GEO
UrologyManagementSystem,makeBooleanOperationsToFibulaSurgicalGuideBase,2023-12-23,2,Congo,EGY
GastrointestinalTracker,cleanTemporaryFiles,2023-12-15,2,Rwanda,CHL
NeurosurgeryNavigationSystem,verifyDataIntegrity,2022-08-04,1,Portugal,GHA
PainManagementAdvisor,analyzeServerPerformance,2024-11-20,2,France,NOR
WoundCareToolkit,scheduleSystemBackups,2022-07-13,2,Venezuela,MWI
AmbulanceDispatchSystem,archiveOldLogFiles,2023-07-31,1,Indonesia,ESH
EndocrineHealthMonitor,optimizeDatabaseQueries,2022-04-27,1,Libya,GRC
PediatricCareAssistant,makeBooleanOperationsToFibulaSurgicalGuideBase,2024-09-13,2,Holy See,BOL
WoundCareToolkit,reportSystemHealthStatus,2022-08-16,2,Mayotte,MMR
HospitalRoomAllocationSystem,onGenerateFibulaPlanesTimerTimeout,2022-05-06,1,Libya,NLD
DentalHealthProfiler,simulateLoadBalancing,2023-06-24,1,Peru,COK
GastrointestinalTracker,reportSystemHealthStatus,2022-12-01,2,Vanuatu,PAN
ImmunologyResponseEvaluator,manageResourceAllocation,2024-01-18,2,South Georgia and the South Sandwich Islands,HUN
PatientEngagementHub,updateFirmwareVersions,2022-06-10,2,Nepal,NLD
MedicalWasteManagement,makeBooleanOperationsToFibulaSurgicalGuideBase,2023-06-03,1,Chile,COL
DentalHealthProfiler,optimizeDatabaseQueries,2024-01-18,1,Latvia,BES
ENTProcedureGuide,archiveOldLogFiles,2023-07-12,2,Armenia,KEN
TelemedicineConsultationPortal,manageResourceAllocation,2024-05-13,2,Barbados,MCO
GeriatricCarePlanner,configureVirtualMachines,2024-12-16,2,Ukraine,GHA
NeurosurgeryNavigationSystem,configureVirtualMachines,2022-07-11,2,Zimbabwe,RUS
HospitalRoomAllocationSystem,updateFirmwareVersions,2024-01-09,1,Martinique,CXR
MedicalResearchDatabase,verifyDataIntegrity,2024-12-04,2,Malawi,LKA
DentalHealthProfiler,reportSystemHealthStatus,2022-05-26,1,Guernsey,ZAF
HealthcareComplianceMonitor,cleanTemporaryFiles,2024-02-16,1,Uruguay,VEN
DermatologyTreatmentPlanner,verifyDataIntegrity,2024-01-01,2,Guyana,SUR
ClinicalTrialManager,deploySoftwareUpdates,2023-06-05,1,Eritrea,COG
MedicalResearchDatabase,makeBooleanOperationsToFibulaSurgicalGuideBase,2023-12-23,2,Eritrea,USA
VaccineAdministrationLog,analyzeServerPerformance,2024-10-31,1,Central African Republic,STP
ENTProcedureGuide,makeBooleanOperationsToFibulaSurgicalGuideBase,2023-07-22,2,Gibraltar,NAM
MedicalWasteManagement,restoreArchivedData,2022-08-14,2,Gabon,CRI
FitnessAndWellnessGuide,verifyDataIntegrity,2023-06-25,1,Benin,PHL
VaccineAdministrationLog,makeBooleanOperationsToFibulaSurgicalGuideBase,2023-09-23,1,Serbia,GTM
GeriatricCarePlanner,configureVirtualMachines,2024-05-29,1,Djibouti,CHE
AllergyReactionTracker,scheduleSystemBackups,2023-05-17,2,Gibraltar,MMR
SportsInjuryPreventor,restoreArchivedData,2022-11-05,1,Egypt,GIN
GastrointestinalTracker,calculateOptimalPathways,2023-02-16,1,Indonesia,ATA
HealthcarePolicyLibrary,calculateOptimalPathways,2023-10-31,1,Argentina,MAF
HematologyAnalyzer,deploySoftwareUpdates,2022-05-21,2,Argentina,EGY
CardiovascularAssessmentTool,manageResourceAllocation,2023-08-28,1,Saint Barthélemy,MLI
ClinicalTrialManager,sendFunctionCountToServer,2022-07-01,2,Guadeloupe,FJI
PatientFeedbackAnalyzer,configureVirtualMachines,2022-02-24,2,Botswana,SDN
PharmacyInventoryManager,reportSystemHealthStatus,2024-03-23,1,Oman,KNA
GeriatricCarePlanner,onGenerateFibulaPlanesTimerTimeout,2022-05-05,2,Algeria,GRL
EmergencyResponseCoordinator,verifyDataIntegrity,2024-05-27,2,Mexico,IRQ
DentalHealthProfiler,validateUserPermissions,2024-12-04,1,Fiji,GUF
EndocrineHealthMonitor,validateUserPermissions,2024-02-24,1,Bahrain,DNK
PulmonaryFunctionTester,verifyDataIntegrity,2024-09-12,1,Uganda,MKD
NeurosurgeryNavigationSystem,updateFirmwareVersions,2022-04-12,1,Belize,PER
FitnessAndWellnessGuide,validateUserPermissions,2022-12-15,2,Eritrea,MOZ
PharmacyInventoryManager,analyzeServerPerformance,2023-06-17,2,Micronesia,MAR
PatientEngagementHub,monitorNetworkLatency,2024-02-07,2,Kiribati,UGA
SubstanceAbuseCounselor,initializeSystemDiagnostics,2022-10-28,1,Swaziland,DJI
InfectiousDiseaseMapper,reportSystemHealthStatus,2022-03-16,1,Vanuatu,COL
HealthcareComplianceMonitor,updateFirmwareVersions,2022-11-15,1,Mauritania,HUN
GeneticDisorderExplorer,verifyDataIntegrity,2022-08-13,1,United Arab Emirates,COL
SubstanceAbuseCounselor,deploySoftwareUpdates,2023-12-04,1,Belgium,BIH
PatientEngagementHub,initializeSystemDiagnostics,2024-05-21,1,Cyprus,CHE
NeuralNetworkDiagnostics,onGenerateFibulaPlanesTimerTimeout,2023-12-23,2,Comoros,BES
NutritionAndDietPlanner,auditSecurityCompliance,2024-06-19,1,Palau,MTQ
CardiovascularAssessmentTool,generateEncryptionKeys,2023-02-12,1,Mauritius,MAR
OrthopedicProcedureSimulator,updateFirmwareVersions,2023-12-11,1,"Palestine, State of",TJK
CardiovascularAssessmentTool,updateFirmwareVersions,2022-12-01,2,Ecuador,PHL
AmbulanceDispatchSystem,simulateLoadBalancing,2023-08-14,2,Zambia,MWI
MedicalResearchDatabase,manageResourceAllocation,2022-10-30,1,Côte d'Ivoire,NZL
PatientFeedbackAnalyzer,deploySoftwareUpdates,2022-07-31,1,Zambia,VAT
PulmonaryFunctionTester,initializeSystemDiagnostics,2022-01-18,2,Hong Kong,USA
NutritionAndDietPlanner,generateEncryptionKeys,2022-06-29,2,Malta,JPN
WoundCareToolkit,analyzeServerPerformance,2023-12-10,1,Burundi,BRN
OncologyTreatmentOptimizer,verifyDataIntegrity,2024-08-05,1,Aruba,SXM
HospitalRoomAllocationSystem,sendFunctionCountToServer,2022-05-08,2,Trinidad and Tobago,CXR
UrologyManagementSystem,optimizeDatabaseQueries,2023-02-14,2,Iran,HKG
SurgicalInstrumentTracker,calculateOptimalPathways,2022-06-09,2,Cambodia,BTN
PharmacyInventoryManager,simulateLoadBalancing,2022-12-17,1,Denmark,BHS
MentalHealthTherapyAssistant,analyzeServerPerformance,2024-11-09,2,Romania,MCO
GastrointestinalTracker,verifyDataIntegrity,2023-05-19,2,Jersey,NPL
MedicalBillingAndCoding,deploySoftwareUpdates,2022-10-31,1,Saint Martin (French part),LVA
PatientFeedbackAnalyzer,validateUserPermissions,2024-12-24,2,Saint Kitts and Nevis,CHE
HealthcareComplianceMonitor,updateFirmwareVersions,2023-10-07,1,Martinique,CCK
GastrointestinalTracker,auditSecurityCompliance,2024-12-11,1,Saudi Arabia,LBN
SleepDisorderAnalyzer,verifyDataIntegrity,2023-05-05,1,Brunei Darussalam,PLW
AmbulanceDispatchSystem,verifyDataIntegrity,2024-01-16,1,India,LBN
WoundCareToolkit,cleanTemporaryFiles,2023-04-05,1,Faroe Islands,BVT
SleepDisorderAnalyzer,makeBooleanOperationsToFibulaSurgicalGuideBase,2023-02-21,2,Mozambique,CHL
PulmonaryFunctionTester,calculateOptimalPathways,2023-08-31,2,Israel,TZA
CardiovascularAssessmentTool,cleanTemporaryFiles,2023-04-29,2,United States,FJI
NeurosurgeryNavigationSystem,configureVirtualMachines,2022-02-07,2,Pakistan,BLM
PatientFeedbackAnalyzer,verifyDataIntegrity,2022-04-17,2,Guernsey,DEU
NutritionAndDietPlanner,makeBooleanOperationsToFibulaSurgicalGuideBase,2024-02-07,2,Heard Island and McDonald Islands,ARG
MedicalBillingAndCoding,simulateLoadBalancing,2023-10-07,2,Kiribati,CIV
SurgicalInstrumentTracker,deploySoftwareUpdates,2023-05-12,2,Romania,ASM
CardiovascularAssessmentTool,verifyDataIntegrity,2023-10-31,2,Denmark,ISR
NeuralNetworkDiagnostics,monitorNetworkLatency,2024-06-20,2,Moldova,JEY
GeriatricCarePlanner,trackApplicationDependencies,2023-09-06,1,Macao,CRI
WoundCareToolkit,validateUserPermissions,2022-09-02,1,Turkmenistan,SWZ
GastrointestinalTracker,deploySoftwareUpdates,2022-12-03,2,Kenya,SVK
HealthcareComplianceMonitor,sendFunctionCountToServer,2022-01-26,1,Northern Mariana Islands,LSO
ImmunologyResponseEvaluator,optimizeDatabaseQueries,2022-11-22,2,Zimbabwe,DJI
PediatricCareAssistant,onGenerateFibulaPlanesTimerTimeout,2022-07-21,1,Bermuda,LSO
CardiovascularAssessmentTool,sendFunctionCountToServer,2024-12-30,2,Hungary,MLT
SubstanceAbuseCounselor,optimizeDatabaseQueries,2024-03-05,1,Iceland,URY
RadiologyImagingCenter,validateUserPermissions,2024-05-22,1,Kyrgyzstan,KAZ
MentalHealthTherapyAssistant,analyzeServerPerformance,2023-03-15,1,Poland,NFK
PatientFeedbackAnalyzer,auditSecurityCompliance,2022-11-29,2,Cayman Islands,MMR
MedicalEducationSimulator,configureVirtualMachines,2024-09-21,2,Eritrea,SVK
PatientFeedbackAnalyzer,cleanTemporaryFiles,2024-04-21,2,Christmas Island,MYT
MedicalEducationSimulator,simulateLoadBalancing,2023-03-23,2,Equatorial Guinea,ARG
MedicalResearchDatabase,analyzeServerPerformance,2022-03-22,2,Czech Republic,ASM
HealthcareComplianceMonitor,trackApplicationDependencies,2024-04-23,2,Greece,BTN
AmbulanceDispatchSystem,deploySoftwareUpdates,2023-12-04,1,Bahrain,MEX
HematologyAnalyzer,updateFirmwareVersions,2022-02-21,1,Thailand,GUY
OncologyTreatmentOptimizer,reportSystemHealthStatus,2024-04-24,1,Slovenia,ESH
ObstetricsLaborTracker,initializeSystemDiagnostics,2024-01-15,1,Armenia,KGZ
AmbulanceDispatchSystem,analyzeServerPerformance,2024-06-11,2,Somalia,ATF
PulmonaryFunctionTester,onGenerateFibulaPlanesTimerTimeout,2022-03-07,1,Saint Helena,GRL
PainManagementAdvisor,monitorNetworkLatency,2024-05-20,1,Panama,HRV
UrologyManagementSystem,calculateOptimalPathways,2024-04-18,2,Sierra Leone,ATF
DiabetesCareManager,reportSystemHealthStatus,2023-07-22,2,Micronesia,CZE
RadiologyImagingCenter,initializeSystemDiagnostics,2022-10-17,2,Philippines,GHA
GastrointestinalTracker,sendFunctionCountToServer,2022-05-28,2,Dominican Republic,SHN
SportsInjuryPreventor,archiveOldLogFiles,2022-06-17,1,Jamaica,SYC
FitnessAndWellnessGuide,generateEncryptionKeys,2022-07-24,2,Saudi Arabia,SVN
NeuralNetworkDiagnostics,manageResourceAllocation,2024-07-30,1,Lao People's Democratic Republic,NIU
GeneticDisorderExplorer,reportSystemHealthStatus,2023-03-27,2,Réunion,ALB
AmbulanceDispatchSystem,calculateOptimalPathways,2024-04-09,2,Dominican Republic,PER
HematologyAnalyzer,simulateLoadBalancing,2024-12-06,2,Tuvalu,AZE
CardiovascularAssessmentTool,updateFirmwareVersions,2024-09-25,2,Israel,DMA
SportsInjuryPreventor,generateEncryptionKeys,2023-09-20,1,Guinea-Bissau,BHR
UrologyManagementSystem,sendFunctionCountToServer,2022-01-12,2,Mayotte,BHR
HealthcareComplianceMonitor,scheduleSystemBackups,2024-01-09,2,Congo,JEY
WoundCareToolkit,scheduleSystemBackups,2023-04-18,1,Bolivia,KEN
HematologyAnalyzer,optimizeDatabaseQueries,2022-07-10,1,Sri Lanka,UKR
MedicalBillingAndCoding,generateEncryptionKeys,2022-07-01,1,Qatar,LCA
PainManagementAdvisor,manageResourceAllocation,2023-04-05,2,Tokelau,BRN
SleepDisorderAnalyzer,trackApplicationDependencies,2022-06-03,1,Côte d'Ivoire,SSD
GastrointestinalTracker,validateUserPermissions,2024-01-04,2,Tajikistan,NLD
PatientEngagementHub,archiveOldLogFiles,2023-12-21,2,Svalbard and Jan Mayen,MCO
RehabilitationExercisePlanner,analyzeServerPerformance,2023-06-09,1,Iraq,FRO
DentalHealthProfiler,trackApplicationDependencies,2022-10-08,1,Tanzania,SJM
AllergyReactionTracker,auditSecurityCompliance,2024-12-05,2,Benin,GNQ
ClinicalTrialManager,deploySoftwareUpdates,2023-03-04,2,Saint Lucia,PER
FertilityAndIVFHelper,monitorNetworkLatency,2023-02-16,1,Samoa,JPN
DermatologyTreatmentPlanner,calculateOptimalPathways,2024-10-28,1,Mayotte,CRI
CardiovascularAssessmentTool,configureVirtualMachines,2024-06-12,1,Palau,NGA
PatientEngagementHub,makeBooleanOperationsToFibulaSurgicalGuideBase,2024-12-21,1,Belarus,BRA
PulmonaryFunctionTester,verifyDataIntegrity,2023-10-31,1,Estonia,BEN
TelemedicineConsultationPortal,verifyDataIntegrity,2022-10-12,1,Latvia,IMN
PediatricCareAssistant,cleanTemporaryFiles,2024-03-19,1,Ukraine,SEN
VaccineAdministrationLog,configureVirtualMachines,2023-05-20,2,Albania,LAO
PatientEngagementHub,initializeSystemDiagnostics,2023-01-14,1,Turkey,BLM
WoundCareToolkit,analyzeServerPerformance,2023-08-24,1,Sri Lanka,SUR
MedicalEducationSimulator,deploySoftwareUpdates,2024-12-31,1,"Taiwan, Province of China",GUY
DermatologyTreatmentPlanner,manageResourceAllocation,2024-01-20,1,Togo,TKL
GastrointestinalTracker,monitorNetworkLatency,2024-02-29,2,Burundi,VEN
MedicalEducationSimulator,manageResourceAllocation,2023-10-11,1,Trinidad and Tobago,TJK
HealthcarePolicyLibrary,updateFirmwareVersions,2022-07-24,2,Maldives,STP
SurgicalInstrumentTracker,configureVirtualMachines,2023-03-12,2,Qatar,SXM
BloodPressureRegulator,initializeSystemDiagnostics,2022-10-28,2,Singapore,QAT
DermatologyTreatmentPlanner,onGenerateFibulaPlanesTimerTimeout,2022-03-01,1,Palau,BLR
NeurosurgeryNavigationSystem,verifyDataIntegrity,2022-03-11,2,Wallis and Futuna,BEN
FitnessAndWellnessGuide,reportSystemHealthStatus,2022-06-15,2,Guyana,GAB
PharmacyInventoryManager,onGenerateFibulaPlanesTimerTimeout,2023-04-23,1,Germany,AND
DiabetesCareManager,monitorNetworkLatency,2023-10-26,2,Slovakia,KOR
FertilityAndIVFHelper,simulateLoadBalancing,2024-10-14,2,Turkey,ATA
OrthopedicProcedureSimulator,verifyDataIntegrity,2022-08-23,1,Estonia,AFG
NutritionAndDietPlanner,reportSystemHealthStatus,2023-02-24,2,Iran,TLS
CardiovascularAssessmentTool,calculateOptimalPathways,2022-08-02,1,Micronesia,SDN
OncologyTreatmentOptimizer,generateEncryptionKeys,2024-03-16,1,Canada,NOR
DermatologyTreatmentPlanner,simulateLoadBalancing,2024-03-08,1,Romania,MTQ
HealthcareComplianceMonitor,restoreArchivedData,2024-05-21,1,Turkmenistan,BLM
NeurosurgeryNavigationSystem,restoreArchivedData,2023-02-08,1,Honduras,IOT
HealthcareComplianceMonitor,simulateLoadBalancing,2024-02-07,2,Antigua and Barbuda,MAC
OncologyTreatmentOptimizer,deploySoftwareUpdates,2024-10-15,1,Switzerland,HKG
ObstetricsLaborTracker,verifyDataIntegrity,2023-06-16,1,Poland,MDA
HealthcareComplianceMonitor,sendFunctionCountToServer,2023-05-03,2,Curaçao,BWA
PharmacyInventoryManager,configureVirtualMachines,2023-04-19,2,Tunisia,ATA
GastrointestinalTracker,sendFunctionCountToServer,2024-12-28,2,Tuvalu,MMR
SleepDisorderAnalyzer,restoreArchivedData,2023-04-30,2,Armenia,HUN
MedicalEducationSimulator,analyzeServerPerformance,2024-08-22,2,Iraq,COM
PatientFeedbackAnalyzer,validateUserPermissions,2022-10-13,1,Virgin Islands (British),CMR
FertilityAndIVFHelper,restoreArchivedData,2022-09-01,1,Slovenia,SVK
TelemedicineConsultationPortal,configureVirtualMachines,2023-04-28,2,Namibia,SLE
RehabilitationExercisePlanner,sendFunctionCountToServer,2023-03-18,1,Antigua and Barbuda,LBY
EndocrineHealthMonitor,reportSystemHealthStatus,2022-07-18,2,Saint Kitts and Nevis,ESH
CardiovascularAssessmentTool,sendFunctionCountToServer,2024-11-18,1,China,TTO
VaccineAdministrationLog,verifyDataIntegrity,2023-01-18,2,Belize,ARG
HematologyAnalyzer,deploySoftwareUpdates,2024-02-09,2,Greenland,PAN
NutritionAndDietPlanner,trackApplicationDependencies,2022-07-18,2,Fiji,MYT
HealthcareComplianceMonitor,makeBooleanOperationsToFibulaSurgicalGuideBase,2023-06-14,1,Benin,ATA
RehabilitationExercisePlanner,calculateOptimalPathways,2023-06-14,2,Samoa,GRC
MedicalResearchDatabase,sendFunctionCountToServer,2024-04-29,2,Algeria,CZE
TelemedicineConsultationPortal,deploySoftwareUpdates,2024-04-03,1,Central African Republic,MEX
EndocrineHealthMonitor,optimizeDatabaseQueries,2024-04-29,1,Croatia,YEM
PulmonaryFunctionTester,archiveOldLogFiles,2024-04-24,1,Cyprus,SHN
DermatologyTreatmentPlanner,initializeSystemDiagnostics,2022-12-30,1,New Caledonia,GBR
PainManagementAdvisor,analyzeServerPerformance,2022-04-08,2,Virgin Islands (U.S.),NIC
TelemedicineConsultationPortal,monitorNetworkLatency,2024-06-13,2,Sudan,JEY
CardiovascularAssessmentTool,initializeSystemDiagnostics,2022-03-29,2,Mauritania,LCA
SurgicalInstrumentTracker,archiveOldLogFiles,2023-07-07,2,Madagascar,SHN
RehabilitationExercisePlanner,verifyDataIntegrity,2023-09-09,2,Heard Island and McDonald Islands,MSR
SurgicalInstrumentTracker,updateFirmwareVersions,2022-05-30,1,Saint Barthélemy,PLW
EndocrineHealthMonitor,reportSystemHealthStatus,2022-10-20,2,El Salvador,MYT
GeriatricCarePlanner,monitorNetworkLatency,2022-11-08,1,Bolivia,TUV
DermatologyTreatmentPlanner,calculateOptimalPathways,2023-01-05,1,United Arab Emirates,IND
PediatricCareAssistant,reportSystemHealthStatus,2024-02-04,1,Guadeloupe,NFK
CardiovascularAssessmentTool,auditSecurityCompliance,2024-01-14,1,Brunei Darussalam,KNA
UrologyManagementSystem,verifyDataIntegrity,2024-04-05,2,Israel,MDV
PatientFeedbackAnalyzer,generateEncryptionKeys,2023-08-21,1,Micronesia,BDI
PatientFeedbackAnalyzer,sendFunctionCountToServer,2024-03-29,1,Bolivia,WLF
NutritionAndDietPlanner,restoreArchivedData,2023-04-09,1,Holy See,SHN
PainManagementAdvisor,optimizeDatabaseQueries,2022-09-18,1,Saint Barthélemy,LCA
ImmunologyResponseEvaluator,configureVirtualMachines,2022-02-15,1,Mongolia,BGD
GeriatricCarePlanner,sendFunctionCountToServer,2024-02-19,1,Seychelles,GEO
MedicalEducationSimulator,calculateOptimalPathways,2022-06-18,2,Argentina,ARM
DiabetesCareManager,generateEncryptionKeys,2024-10-23,1,Brazil,KGZ
PediatricCareAssistant,calculateOptimalPathways,2022-07-10,1,Solomon Islands,NLD
ObstetricsLaborTracker,restoreArchivedData,2024-07-14,2,Heard Island and McDonald Islands,MYT
AllergyReactionTracker,reportSystemHealthStatus,2022-12-04,1,Denmark,COL
MedicalResearchDatabase,restoreArchivedData,2023-03-20,1,Nigeria,JAM
HealthcareComplianceMonitor,analyzeServerPerformance,2022-06-09,2,Holy See,CYP
SportsInjuryPreventor,deploySoftwareUpdates,2023-10-16,2,Réunion,CHE
OrthopedicProcedureSimulator,generateEncryptionKeys,2024-03-16,1,Luxembourg,GHA
PainManagementAdvisor,simulateLoadBalancing,2024-03-06,2,South Africa,PLW
MentalHealthTherapyAssistant,reportSystemHealthStatus,2024-10-16,1,Turks and Caicos Islands,SVN
RehabilitationExercisePlanner,restoreArchivedData,2022-01-11,2,Isle of Man,NAM
OncologyTreatmentOptimizer,generateEncryptionKeys,2023-09-18,2,Tanzania,CMR
GeneticDisorderExplorer,configureVirtualMachines,2024-10-21,1,Niger,IRQ
RehabilitationExercisePlanner,generateEncryptionKeys,2022-11-23,1,South Korea,NER
OncologyTreatmentOptimizer,validateUserPermissions,2022-12-10,1,Aruba,BOL
NutritionAndDietPlanner,restoreArchivedData,2022-02-22,2,Latvia,ZMB
DermatologyTreatmentPlanner,initializeSystemDiagnostics,2023-09-07,1,Algeria,LVA
MentalHealthTherapyAssistant,deploySoftwareUpdates,2024-10-23,2,Austria,KHM
OphthalmologyVisionAnalyzer,optimizeDatabaseQueries,2022-05-08,1,Romania,ETH
RehabilitationExercisePlanner,monitorNetworkLatency,2023-01-01,1,Tunisia,AUS
ObstetricsLaborTracker,auditSecurityCompliance,2023-09-01,2,Myanmar,MDG
CardiovascularAssessmentTool,initializeSystemDiagnostics,2022-11-25,2,Albania,VAT
SportsInjuryPreventor,initializeSystemDiagnostics,2023-10-25,2,Cyprus,JOR
VaccineAdministrationLog,cleanTemporaryFiles,2022-10-03,2,Australia,GRC
CardiovascularAssessmentTool,configureVirtualMachines,2023-12-20,2,Cuba,RUS
PulmonaryFunctionTester,initializeSystemDiagnostics,2022-11-01,1,Saint Pierre and Miquelon,MAC
GastrointestinalTracker,validateUserPermissions,2022-08-27,2,Sao Tome and Principe,LBR
MedicalWasteManagement,reportSystemHealthStatus,2023-08-18,2,France,UZB
AllergyReactionTracker,onGenerateFibulaPlanesTimerTimeout,2022-11-02,2,Montserrat,PRT
MedicalEducationSimulator,deploySoftwareUpdates,2023-06-15,2,Guernsey,TLS
WoundCareToolkit,restoreArchivedData,2023-01-12,2,Côte d'Ivoire,LCA
SportsInjuryPreventor,initializeSystemDiagnostics,2023-06-01,1,Montenegro,IRL
OncologyTreatmentOptimizer,restoreArchivedData,2022-09-21,1,Aruba,ISL
GastrointestinalTracker,archiveOldLogFiles,2024-08-22,1,Aruba,MDG
SubstanceAbuseCounselor,monitorNetworkLatency,2024-12-26,2,New Caledonia,GUF
MedicalEducationSimulator,calculateOptimalPathways,2022-11-21,2,Tunisia,NIU
EndocrineHealthMonitor,makeBooleanOperationsToFibulaSurgicalGuideBase,2023-12-12,1,Antigua and Barbuda,KHM
OphthalmologyVisionAnalyzer,optimizeDatabaseQueries,2023-08-02,2,Christmas Island,MAR
OrthopedicProcedureSimulator,reportSystemHealthStatus,2024-06-22,1,Netherlands,ATA
CardiovascularAssessmentTool,deploySoftwareUpdates,2023-07-05,2,Burundi,PLW
FertilityAndIVFHelper,cleanTemporaryFiles,2022-06-07,2,Iceland,LBN
MedicalEducationSimulator,onGenerateFibulaPlanesTimerTimeout,2022-07-03,2,Turkey,ESH
MedicalWasteManagement,sendFunctionCountToServer,2022-10-31,1,Martinique,NIU
MedicalBillingAndCoding,analyzeServerPerformance,2022-01-17,2,Cambodia,MEX
MedicalBillingAndCoding,analyzeServerPerformance,2022-03-21,1,British Indian Ocean Territory,CCK
NutritionAndDietPlanner,deploySoftwareUpdates,2024-06-01,2,Brunei Darussalam,RWA
SubstanceAbuseCounselor,calculateOptimalPathways,2023-06-09,2,Anguilla,PAK
PulmonaryFunctionTester,deploySoftwareUpdates,2024-12-13,1,Costa Rica,MRT
OrthopedicProcedureSimulator,makeBooleanOperationsToFibulaSurgicalGuideBase,2022-11-02,2,Cyprus,RWA
RadiologyImagingCenter,calculateOptimalPathways,2022-08-27,1,Uruguay,GMB
SurgicalInstrumentTracker,sendFunctionCountToServer,2022-04-10,2,Venezuela,VGB
UrologyManagementSystem,restoreArchivedData,2024-12-07,1,Timor-Leste,BEL
MedicalResearchDatabase,configureVirtualMachines,2024-11-01,1,Sweden,MNE
NutritionAndDietPlanner,reportSystemHealthStatus,2022-11-28,1,Tonga,TLS
PulmonaryFunctionTester,analyzeServerPerformance,2023-01-16,1,Saint Lucia,REU
AmbulanceDispatchSystem,configureVirtualMachines,2023-10-29,1,Saudi Arabia,BRB
PainManagementAdvisor,monitorNetworkLatency,2023-03-14,2,United States,ATA
PainManagementAdvisor,generateEncryptionKeys,2023-02-04,2,Guernsey,URY
NutritionAndDietPlanner,analyzeServerPerformance,2022-04-06,1,Gabon,MLI
PatientEngagementHub,deploySoftwareUpdates,2024-12-03,2,Armenia,UKR
PainManagementAdvisor,cleanTemporaryFiles,2023-03-27,1,Malawi,HND
PulmonaryFunctionTester,calculateOptimalPathways,2022-03-07,2,Czech Republic,BRA
GeriatricCarePlanner,scheduleSystemBackups,2023-05-05,2,Bahrain,TJK
DiabetesCareManager,generateEncryptionKeys,2022-09-26,2,Antarctica,SHN
HospitalRoomAllocationSystem,generateEncryptionKeys,2022-10-08,2,Heard Island and McDonald Islands,DOM
ENTProcedureGuide,makeBooleanOperationsToFibulaSurgicalGuideBase,2024-08-04,1,Dominica,ETH
HealthcareComplianceMonitor,calculateOptimalPathways,2022-11-15,1,Samoa,ETH
GeriatricCarePlanner,monitorNetworkLatency,2024-07-01,1,Turkmenistan,CHN
OrthopedicProcedureSimulator,sendFunctionCountToServer,2024-09-09,2,Philippines,ASM
OrthopedicProcedureSimulator,sendFunctionCountToServer,2024-08-31,2,Turks and Caicos Islands,COG
EmergencyResponseCoordinator,trackApplicationDependencies,2023-01-26,2,Greece,LVA
CardiovascularAssessmentTool,reportSystemHealthStatus,2023-08-03,1,Sri Lanka,CRI
WoundCareToolkit,configureVirtualMachines,2024-10-16,1,Georgia,ATA
CardiovascularAssessmentTool,manageResourceAllocation,2022-04-20,2,Barbados,DMA
NutritionAndDietPlanner,configureVirtualMachines,2023-04-17,1,Micronesia,NLD
PainManagementAdvisor,generateEncryptionKeys,2024-06-12,2,New Caledonia,MDG
ENTProcedureGuide,cleanTemporaryFiles,2023-06-11,2,Bolivia,AUS
PatientFeedbackAnalyzer,auditSecurityCompliance,2024-04-01,1,Ethiopia,YEM
ClinicalTrialManager,restoreArchivedData,2022-08-11,1,Lao People's Democratic Republic,LVA
PediatricCareAssistant,cleanTemporaryFiles,2023-06-07,2,Mali,GUY
InfectiousDiseaseMapper,restoreArchivedData,2022-08-05,1,Turks and Caicos Islands,MLI
DermatologyTreatmentPlanner,monitorNetworkLatency,2023-03-20,2,Marshall Islands,DEU
OphthalmologyVisionAnalyzer,makeBooleanOperationsToFibulaSurgicalGuideBase,2023-06-26,1,Oman,MOZ
GastrointestinalTracker,makeBooleanOperationsToFibulaSurgicalGuideBase,2022-12-17,1,Sudan,UMI
GeneticDisorderExplorer,trackApplicationDependencies,2022-03-05,2,Belarus,NER
MedicalWasteManagement,auditSecurityCompliance,2023-11-15,1,Holy See,LBN
HospitalRoomAllocationSystem,cleanTemporaryFiles,2024-05-03,1,Croatia,MOZ
SurgicalInstrumentTracker,initializeSystemDiagnostics,2024-04-04,1,Andorra,BEL
HospitalRoomAllocationSystem,calculateOptimalPathways,2024-04-25,2,Congo,ALB
ClinicalTrialManager,scheduleSystemBackups,2022-10-19,2,Dominican Republic,BMU
WoundCareToolkit,archiveOldLogFiles,2023-09-20,1,Mauritania,ARG
NutritionAndDietPlanner,calculateOptimalPathways,2023-06-04,1,Hungary,JAM
SurgicalInstrumentTracker,simulateLoadBalancing,2022-06-13,1,Saint Martin (French part),PRY
GastrointestinalTracker,restoreArchivedData,2024-11-18,1,Philippines,TCD
NutritionAndDietPlanner,sendFunctionCountToServer,2024-11-01,2,Curaçao,AND
FitnessAndWellnessGuide,simulateLoadBalancing,2022-12-16,1,Cook Islands,HND
MedicalWasteManagement,cleanTemporaryFiles,2023-05-16,1,Åland Islands,MSR
OrthopedicProcedureSimulator,optimizeDatabaseQueries,2023-05-01,2,American Samoa,SYC
FertilityAndIVFHelper,monitorNetworkLatency,2022-02-26,1,Cameroon,SGP
HealthcareComplianceMonitor,generateEncryptionKeys,2022-01-26,2,Yemen,CMR
InfectiousDiseaseMapper,generateEncryptionKeys,2023-05-25,1,Vanuatu,GNQ
NeurosurgeryNavigationSystem,simulateLoadBalancing,2024-07-02,1,Iceland,RWA
ImmunologyResponseEvaluator,configureVirtualMachines,2022-12-06,2,Zimbabwe,SDN
MedicalResearchDatabase,restoreArchivedData,2023-06-10,1,Svalbard and Jan Mayen,BLZ
PatientEngagementHub,validateUserPermissions,2024-04-14,2,Denmark,NFK
InfectiousDiseaseMapper,optimizeDatabaseQueries,2024-08-14,1,Bahrain,HND
CardiovascularAssessmentTool,optimizeDatabaseQueries,2024-11-21,2,Norway,ALB
DiabetesCareManager,calculateOptimalPathways,2024-09-13,1,Saint Vincent and the Grenadines,LIE
RehabilitationExercisePlanner,optimizeDatabaseQueries,2024-08-05,1,British Indian Ocean Territory,GRD
ObstetricsLaborTracker,initializeSystemDiagnostics,2022-10-23,1,Brunei Darussalam,ABW
MedicalBillingAndCoding,verifyDataIntegrity,2023-05-17,1,Uzbekistan,BWA
HealthcarePolicyLibrary,optimizeDatabaseQueries,2023-02-02,1,Lithuania,AZE
HematologyAnalyzer,reportSystemHealthStatus,2023-09-21,1,Saint Martin (French part),CUB
OncologyTreatmentOptimizer,restoreArchivedData,2023-10-18,1,Nicaragua,NIC
DermatologyTreatmentPlanner,calculateOptimalPathways,2024-10-15,1,Suriname,TKL
WoundCareToolkit,generateEncryptionKeys,2023-03-18,1,Nicaragua,GNB
PediatricCareAssistant,monitorNetworkLatency,2024-06-29,2,Turkey,FRA
BloodPressureRegulator,simulateLoadBalancing,2024-08-23,1,Marshall Islands,BEL
PatientEngagementHub,trackApplicationDependencies,2022-06-25,2,Belize,ARM
EmergencyResponseCoordinator,archiveOldLogFiles,2022-02-16,1,Switzerland,MAF
HematologyAnalyzer,analyzeServerPerformance,2022-01-11,1,France,SXM
RadiologyImagingCenter,simulateLoadBalancing,2024-08-06,1,Qatar,NAM
GeriatricCarePlanner,onGenerateFibulaPlanesTimerTimeout,2023-05-27,2,Viet Nam,SEN
PatientEngagementHub,archiveOldLogFiles,2023-09-16,1,Comoros,URY
OphthalmologyVisionAnalyzer,monitorNetworkLatency,2023-11-29,2,Iran,BMU
PediatricCareAssistant,configureVirtualMachines,2024-01-10,2,Croatia,SWE
NeuralNetworkDiagnostics,auditSecurityCompliance,2023-11-07,2,Bouvet Island,NIU
GastrointestinalTracker,auditSecurityCompliance,2023-02-25,1,Bolivia,BES
EmergencyResponseCoordinator,analyzeServerPerformance,2022-12-07,2,Wallis and Futuna,UMI
ObstetricsLaborTracker,trackApplicationDependencies,2023-01-05,2,Ireland,VGB
PharmacyInventoryManager,calculateOptimalPathways,2022-05-14,2,Paraguay,CMR
InfectiousDiseaseMapper,scheduleSystemBackups,2022-08-10,2,Bahrain,ZWE
HealthcareComplianceMonitor,trackApplicationDependencies,2024-09-25,1,Curaçao,MSR
PatientEngagementHub,configureVirtualMachines,2022-10-14,1,Hong Kong,GEO
MentalHealthTherapyAssistant,generateEncryptionKeys,2024-12-13,1,Kuwait,GTM
PatientFeedbackAnalyzer,generateEncryptionKeys,2024-06-11,1,Guam,TGO
HospitalRoomAllocationSystem,archiveOldLogFiles,2023-04-18,1,Antarctica,DEU
RadiologyImagingCenter,sendFunctionCountToServer,2022-09-15,2,Slovakia,DMA
OrthopedicProcedureSimulator,trackApplicationDependencies,2024-01-19,1,Kenya,HND
OncologyTreatmentOptimizer,generateEncryptionKeys,2024-09-24,2,Luxembourg,KNA
InfectiousDiseaseMapper,generateEncryptionKeys,2024-03-19,1,Papua New Guinea,GRD
ENTProcedureGuide,verifyDataIntegrity,2022-04-06,1,Åland Islands,PYF
DermatologyTreatmentPlanner,configureVirtualMachines,2024-12-01,1,Bulgaria,CXR
AllergyReactionTracker,sendFunctionCountToServer,2024-09-13,1,San Marino,TON
NeurosurgeryNavigationSystem,manageResourceAllocation,2023-01-10,1,South Georgia and the South Sandwich Islands,SWZ
PediatricCareAssistant,monitorNetworkLatency,2024-04-05,1,Syrian Arab Republic,BRN
PatientFeedbackAnalyzer,simulateLoadBalancing,2023-06-14,2,Bahamas,CYP
UrologyManagementSystem,onGenerateFibulaPlanesTimerTimeout,2022-03-12,2,Comoros,NZL
InfectiousDiseaseMapper,generateEncryptionKeys,2024-10-20,1,Cocos (Keeling) Islands,LTU
VaccineAdministrationLog,makeBooleanOperationsToFibulaSurgicalGuideBase,2024-06-12,1,Saint Helena,SSD
NutritionAndDietPlanner,makeBooleanOperationsToFibulaSurgicalGuideBase,2024-07-06,2,Austria,PRY
MedicalBillingAndCoding,manageResourceAllocation,2022-12-31,2,Australia,SDN
PainManagementAdvisor,deploySoftwareUpdates,2024-12-25,1,Guernsey,GRD
FitnessAndWellnessGuide,analyzeServerPerformance,2022-08-23,1,Mongolia,PAK
FitnessAndWellnessGuide,analyzeServerPerformance,2023-09-18,1,Netherlands,BHR
PediatricCareAssistant,trackApplicationDependencies,2022-01-20,1,Turkey,SRB
GastrointestinalTracker,initializeSystemDiagnostics,2024-04-18,2,Cocos (Keeling) Islands,SVK
GeneticDisorderExplorer,generateEncryptionKeys,2023-02-28,1,Hungary,MHL
HealthcareComplianceMonitor,configureVirtualMachines,2022-01-04,1,Congo,BLZ
OrthopedicProcedureSimulator,auditSecurityCompliance,2024-03-12,1,Slovakia,LIE
DiabetesCareManager,validateUserPermissions,2022-12-20,1,Mauritius,TGO
TelemedicineConsultationPortal,makeBooleanOperationsToFibulaSurgicalGuideBase,2023-08-13,1,Togo,IRQ
GastrointestinalTracker,simulateLoadBalancing,2022-05-21,2,Japan,MDV
MedicalBillingAndCoding,archiveOldLogFiles,2022-12-18,2,Holy See,TON
SurgicalInstrumentTracker,simulateLoadBalancing,2023-11-11,2,Slovenia,IMN
GastrointestinalTracker,scheduleSystemBackups,2024-07-04,2,Hungary,LCA
PatientFeedbackAnalyzer,analyzeServerPerformance,2024-04-01,1,Nepal,TLS
AllergyReactionTracker,analyzeServerPerformance,2024-11-16,1,Serbia,NGA
DiabetesCareManager,analyzeServerPerformance,2022-06-23,1,Saint Pierre and Miquelon,FRO
AllergyReactionTracker,scheduleSystemBackups,2022-02-08,1,Gabon,MHL
AllergyReactionTracker,manageResourceAllocation,2024-08-30,1,Bermuda,CPV
OphthalmologyVisionAnalyzer,cleanTemporaryFiles,2023-06-27,2,Equatorial Guinea,KOR
VaccineAdministrationLog,trackApplicationDependencies,2024-02-23,2,Norway,RUS
OncologyTreatmentOptimizer,validateUserPermissions,2023-06-29,2,Lao People's Democratic Republic,PLW
FertilityAndIVFHelper,monitorNetworkLatency,2023-06-15,2,New Zealand,SYR
PatientEngagementHub,initializeSystemDiagnostics,2024-05-24,1,Cuba,ISR
PatientFeedbackAnalyzer,deploySoftwareUpdates,2022-09-14,1,Faroe Islands,JAM
ENTProcedureGuide,sendFunctionCountToServer,2022-10-04,2,Isle of Man,LBN
FertilityAndIVFHelper,validateUserPermissions,2022-10-22,2,Guyana,ALA
PharmacyInventoryManager,trackApplicationDependencies,2024-07-09,2,Mauritius,IDN
EndocrineHealthMonitor,analyzeServerPerformance,2022-06-05,1,Pakistan,HRV
PatientEngagementHub,reportSystemHealthStatus,2023-12-21,2,Bhutan,PRI
WoundCareToolkit,optimizeDatabaseQueries,2023-03-23,2,Côte d'Ivoire,QAT
MedicalBillingAndCoding,makeBooleanOperationsToFibulaSurgicalGuideBase,2024-09-24,1,Sudan,CPV
HospitalRoomAllocationSystem,makeBooleanOperationsToFibulaSurgicalGuideBase,2022-09-26,2,Georgia,LSO
MedicalBillingAndCoding,manageResourceAllocation,2022-04-30,2,Niger,OMN
SurgicalInstrumentTracker,scheduleSystemBackups,2023-12-02,2,Lebanon,IMN
SurgicalInstrumentTracker,updateFirmwareVersions,2023-03-04,2,Vanuatu,TUN
SurgicalInstrumentTracker,optimizeDatabaseQueries,2023-01-12,2,Benin,MEX
SurgicalInstrumentTracker,optimizeDatabaseQueries,2024-10-19,1,Niger,MDA
ENTProcedureGuide,cleanTemporaryFiles,2022-10-30,2,Argentina,WSM
MedicalResearchDatabase,trackApplicationDependencies,2024-03-28,2,Anguilla,CHN
InfectiousDiseaseMapper,onGenerateFibulaPlanesTimerTimeout,2022-04-21,1,Costa Rica,PSE
OncologyTreatmentOptimizer,generateEncryptionKeys,2023-03-28,1,Viet Nam,PLW
InfectiousDiseaseMapper,deploySoftwareUpdates,2023-05-07,2,Oman,GIN
ClinicalTrialManager,archiveOldLogFiles,2024-07-05,2,Guam,BLM
HematologyAnalyzer,scheduleSystemBackups,2023-08-04,2,Cayman Islands,NPL
PharmacyInventoryManager,sendFunctionCountToServer,2024-10-05,1,Maldives,CHL
MedicalWasteManagement,verifyDataIntegrity,2022-11-29,2,Lao People's Democratic Republic,HTI
FertilityAndIVFHelper,optimizeDatabaseQueries,2022-11-30,1,Kazakhstan,AZE
VaccineAdministrationLog,archiveOldLogFiles,2023-04-05,2,Netherlands,SYR
PharmacyInventoryManager,reportSystemHealthStatus,2022-02-03,1,Macao,JPN
NeuralNetworkDiagnostics,calculateOptimalPathways,2023-07-14,2,Oman,CUB
WoundCareToolkit,generateEncryptionKeys,2022-08-30,1,Latvia,ATG
AllergyReactionTracker,verifyDataIntegrity,2024-02-04,2,Sierra Leone,AUS
PharmacyInventoryManager,trackApplicationDependencies,2024-04-20,2,Qatar,NCL
ObstetricsLaborTracker,cleanTemporaryFiles,2022-08-18,1,French Polynesia,BDI
NeuralNetworkDiagnostics,reportSystemHealthStatus,2022-01-03,2,Bhutan,GBR
HealthcarePolicyLibrary,sendFunctionCountToServer,2022-08-21,1,Serbia,HKG
OrthopedicProcedureSimulator,generateEncryptionKeys,2022-03-31,2,Tanzania,JOR
UrologyManagementSystem,manageResourceAllocation,2023-01-23,2,Italy,KGZ
DermatologyTreatmentPlanner,simulateLoadBalancing,2024-01-24,2,Germany,BEL
GeneticDisorderExplorer,verifyDataIntegrity,2023-06-11,1,Saint Martin (French part),SGS
PatientEngagementHub,analyzeServerPerformance,2023-07-08,2,Czech Republic,SPM
PulmonaryFunctionTester,auditSecurityCompliance,2022-06-01,1,New Caledonia,AUS
GeriatricCarePlanner,auditSecurityCompliance,2022-05-01,1,Mauritania,ARG
MedicalResearchDatabase,calculateOptimalPathways,2023-02-02,1,Benin,POL
ENTProcedureGuide,reportSystemHealthStatus,2023-10-05,2,Azerbaijan,SYC
NeuralNetworkDiagnostics,restoreArchivedData,2022-07-09,2,Romania,LBN
MedicalEducationSimulator,trackApplicationDependencies,2024-05-21,2,Spain,GRC
DiabetesCareManager,validateUserPermissions,2024-06-19,1,Peru,LVA
CardiovascularAssessmentTool,initializeSystemDiagnostics,2023-10-17,2,Central African Republic,POL
PatientFeedbackAnalyzer,cleanTemporaryFiles,2024-05-30,2,Western Sahara,VEN
MedicalWasteManagement,sendFunctionCountToServer,2022-12-26,2,Canada,COG
ENTProcedureGuide,monitorNetworkLatency,2022-12-12,1,Saint Barthélemy,BMU
OncologyTreatmentOptimizer,simulateLoadBalancing,2024-10-23,1,Tanzania,MWI
CardiovascularAssessmentTool,optimizeDatabaseQueries,2022-12-05,2,Senegal,CRI
PulmonaryFunctionTester,onGenerateFibulaPlanesTimerTimeout,2024-07-04,2,Australia,COL
ClinicalTrialManager,trackApplicationDependencies,2024-03-19,2,Congo,SMR
WoundCareToolkit,trackApplicationDependencies,2023-06-23,2,Nepal,TUR
SurgicalInstrumentTracker,cleanTemporaryFiles,2022-10-16,2,Ethiopia,DOM
HealthcareComplianceMonitor,reportSystemHealthStatus,2022-09-22,1,Congo,TCA
PharmacyInventoryManager,reportSystemHealthStatus,2024-06-09,1,South Korea,MRT
PediatricCareAssistant,deploySoftwareUpdates,2023-10-01,1,South Korea,COG
RadiologyImagingCenter,generateEncryptionKeys,2024-09-22,1,Saudi Arabia,CPV
PediatricCareAssistant,scheduleSystemBackups,2023-01-28,2,Moldova,CIV
HospitalRoomAllocationSystem,deploySoftwareUpdates,2023-10-09,2,Barbados,GRL
FitnessAndWellnessGuide,reportSystemHealthStatus,2024-10-19,1,Saint Pierre and Miquelon,UGA
NeuralNetworkDiagnostics,simulateLoadBalancing,2022-04-12,2,Mauritania,MHL
GeriatricCarePlanner,initializeSystemDiagnostics,2023-04-24,1,Cyprus,PLW
MentalHealthTherapyAssistant,configureVirtualMachines,2024-11-10,2,Macao,CMR
NeurosurgeryNavigationSystem,sendFunctionCountToServer,2023-10-23,2,Saint Helena,PCN
MedicalBillingAndCoding,auditSecurityCompliance,2023-10-20,2,Isle of Man,BES
OrthopedicProcedureSimulator,onGenerateFibulaPlanesTimerTimeout,2024-09-07,2,Switzerland,KNA
DentalHealthProfiler,verifyDataIntegrity,2024-12-10,1,Turkmenistan,UGA
FitnessAndWellnessGuide,updateFirmwareVersions,2023-03-08,2,Aruba,KAZ
MedicalResearchDatabase,validateUserPermissions,2023-06-04,1,Maldives,TUV
VaccineAdministrationLog,monitorNetworkLatency,2024-11-26,2,Azerbaijan,BDI
SurgicalInstrumentTracker,initializeSystemDiagnostics,2023-07-29,1,Niger,ETH
VaccineAdministrationLog,updateFirmwareVersions,2023-01-21,1,Indonesia,CMR
DermatologyTreatmentPlanner,makeBooleanOperationsToFibulaSurgicalGuideBase,2022-10-15,2,Gambia,DEU
OrthopedicProcedureSimulator,validateUserPermissions,2023-12-26,2,Serbia,SPM
NutritionAndDietPlanner,cleanTemporaryFiles,2022-05-08,2,Zimbabwe,ZAF
AllergyReactionTracker,archiveOldLogFiles,2022-02-17,1,Ecuador,SJM
MentalHealthTherapyAssistant,initializeSystemDiagnostics,2022-04-30,2,Timor-Leste,PNG
HealthcareComplianceMonitor,validateUserPermissions,2024-04-24,2,French Polynesia,GIN
ImmunologyResponseEvaluator,monitorNetworkLatency,2023-10-24,1,Seychelles,GHA
UrologyManagementSystem,deploySoftwareUpdates,2023-11-13,1,Albania,ASM
FertilityAndIVFHelper,verifyDataIntegrity,2023-05-14,1,United Arab Emirates,LBY
CardiovascularAssessmentTool,cleanTemporaryFiles,2022-07-27,2,Saint Barthélemy,AZE
BloodPressureRegulator,configureVirtualMachines,2022-05-21,1,Argentina,PRK
PediatricCareAssistant,auditSecurityCompliance,2024-03-10,1,New Caledonia,GNQ
GeriatricCarePlanner,monitorNetworkLatency,2023-11-11,1,Italy,PRI
PatientFeedbackAnalyzer,deploySoftwareUpdates,2024-09-04,1,Ireland,IDN
AmbulanceDispatchSystem,simulateLoadBalancing,2022-08-05,2,Tuvalu,HMD
PediatricCareAssistant,restoreArchivedData,2024-07-26,1,Somalia,GMB
DiabetesCareManager,makeBooleanOperationsToFibulaSurgicalGuideBase,2022-06-30,2,Svalbard and Jan Mayen,ATA
BloodPressureRegulator,validateUserPermissions,2023-12-13,1,El Salvador,NAM
PharmacyInventoryManager,monitorNetworkLatency,2023-12-29,2,Cameroon,BHS
CardiovascularAssessmentTool,onGenerateFibulaPlanesTimerTimeout,2023-11-22,2,Christmas Island,MDG
OrthopedicProcedureSimulator,validateUserPermissions,2023-02-04,1,Togo,BMU
SleepDisorderAnalyzer,auditSecurityCompliance,2023-12-20,2,Montenegro,BRN
MedicalWasteManagement,validateUserPermissions,2023-10-31,1,Sierra Leone,BHR
SleepDisorderAnalyzer,calculateOptimalPathways,2024-08-28,2,Antarctica,VEN
DiabetesCareManager,optimizeDatabaseQueries,2022-03-19,1,Heard Island and McDonald Islands,ROU
PediatricCareAssistant,analyzeServerPerformance,2022-07-29,2,Sri Lanka,FRO
ObstetricsLaborTracker,updateFirmwareVersions,2024-09-08,2,Swaziland,SWE
HealthcareComplianceMonitor,generateEncryptionKeys,2023-03-18,2,Luxembourg,FRO
ImmunologyResponseEvaluator,archiveOldLogFiles,2024-01-16,2,Bolivia,PRK
FertilityAndIVFHelper,analyzeServerPerformance,2024-11-23,1,Sint Maarten (Dutch part),HUN
DiabetesCareManager,analyzeServerPerformance,2022-09-19,1,Zimbabwe,FRA
NutritionAndDietPlanner,optimizeDatabaseQueries,2023-06-08,1,Turkey,IRN
ClinicalTrialManager,makeBooleanOperationsToFibulaSurgicalGuideBase,2023-05-11,2,Austria,CAN
TelemedicineConsultationPortal,simulateLoadBalancing,2023-10-31,2,Sierra Leone,CYP
AmbulanceDispatchSystem,simulateLoadBalancing,2024-05-03,1,United States,BMU
MedicalEducationSimulator,configureVirtualMachines,2023-06-28,1,United Arab Emirates,NRU
MedicalEducationSimulator,simulateLoadBalancing,2022-05-18,1,Italy,SLB
HealthcarePolicyLibrary,auditSecurityCompliance,2023-08-14,1,El Salvador,ROU
ClinicalTrialManager,configureVirtualMachines,2024-10-09,1,Norway,USA
GeneticDisorderExplorer,sendFunctionCountToServer,2022-04-15,1,Réunion,MNP
MentalHealthTherapyAssistant,auditSecurityCompliance,2024-07-11,2,Eritrea,MEX
BloodPressureRegulator,restoreArchivedData,2024-12-01,2,Montenegro,COK
ENTProcedureGuide,optimizeDatabaseQueries,2024-01-18,2,South Sudan,UGA
HospitalRoomAllocationSystem,validateUserPermissions,2023-04-02,1,Aruba,NZL
CardiovascularAssessmentTool,onGenerateFibulaPlanesTimerTimeout,2023-12-19,2,Madagascar,GBR
EmergencyResponseCoordinator,onGenerateFibulaPlanesTimerTimeout,2024-10-11,2,Sierra Leone,PSE
SportsInjuryPreventor,restoreArchivedData,2022-06-18,1,Uruguay,DZA
ImmunologyResponseEvaluator,initializeSystemDiagnostics,2023-11-21,1,Rwanda,GRD
DermatologyTreatmentPlanner,updateFirmwareVersions,2024-02-20,2,Belize,FIN
DermatologyTreatmentPlanner,trackApplicationDependencies,2022-08-04,2,Guinea-Bissau,UKR
SleepDisorderAnalyzer,optimizeDatabaseQueries,2022-08-14,2,Mongolia,BRA
RadiologyImagingCenter,monitorNetworkLatency,2023-01-31,1,Sierra Leone,LBY
BloodPressureRegulator,reportSystemHealthStatus,2023-11-14,2,Réunion,NCL
NeuralNetworkDiagnostics,cleanTemporaryFiles,2023-07-03,2,Iceland,DNK
GastrointestinalTracker,calculateOptimalPathways,2022-06-12,1,Aruba,SWZ
EndocrineHealthMonitor,updateFirmwareVersions,2022-12-10,1,Cameroon,UKR
HospitalRoomAllocationSystem,updateFirmwareVersions,2022-07-27,1,Israel,TLS
RadiologyImagingCenter,simulateLoadBalancing,2022-09-06,2,Wallis and Futuna,EGY
FertilityAndIVFHelper,calculateOptimalPathways,2023-09-13,1,Cocos (Keeling) Islands,CAF
RadiologyImagingCenter,archiveOldLogFiles,2022-04-19,2,United States,NZL
MentalHealthTherapyAssistant,updateFirmwareVersions,2024-10-30,2,Micronesia,CAF
ImmunologyResponseEvaluator,updateFirmwareVersions,2024-08-26,2,New Zealand,IRN
ClinicalTrialManager,analyzeServerPerformance,2022-04-19,2,Burkina Faso,LIE
HematologyAnalyzer,generateEncryptionKeys,2022-12-21,2,Yemen,SRB
AmbulanceDispatchSystem,monitorNetworkLatency,2024-08-12,1,Tokelau,TLS
PatientFeedbackAnalyzer,restoreArchivedData,2023-10-08,2,South Africa,TJK
SportsInjuryPreventor,restoreArchivedData,2022-01-01,1,Samoa,TLS
MedicalResearchDatabase,restoreArchivedData,2023-11-11,2,Israel,SXM
InfectiousDiseaseMapper,cleanTemporaryFiles,2022-04-01,2,Gambia,IRN
VaccineAdministrationLog,manageResourceAllocation,2024-04-01,2,Ghana,VCT
RadiologyImagingCenter,scheduleSystemBackups,2024-07-21,2,Lesotho,ISR
PediatricCareAssistant,makeBooleanOperationsToFibulaSurgicalGuideBase,2023-05-19,2,Netherlands,SRB
MentalHealthTherapyAssistant,auditSecurityCompliance,2023-02-18,1,Turkmenistan,WSM
NutritionAndDietPlanner,auditSecurityCompliance,2023-02-22,2,Gibraltar,NOR
PediatricCareAssistant,simulateLoadBalancing,2023-01-30,1,Uruguay,ARM
WoundCareToolkit,restoreArchivedData,2023-05-27,2,Sri Lanka,BIH
DiabetesCareManager,archiveOldLogFiles,2022-12-16,2,Cameroon,MAC
RehabilitationExercisePlanner,makeBooleanOperationsToFibulaSurgicalGuideBase,2022-12-31,2,Costa Rica,GIN
RehabilitationExercisePlanner,verifyDataIntegrity,2023-10-29,2,Guadeloupe,BLR
GeneticDisorderExplorer,updateFirmwareVersions,2022-06-21,1,Vanuatu,NOR
PainManagementAdvisor,archiveOldLogFiles,2023-02-09,1,Burundi,LTU
TelemedicineConsultationPortal,scheduleSystemBackups,2023-06-13,1,South Africa,CRI
RadiologyImagingCenter,initializeSystemDiagnostics,2023-05-05,1,Congo,PYF
SportsInjuryPreventor,reportSystemHealthStatus,2022-07-31,1,Niue,MKD
HealthcareComplianceMonitor,analyzeServerPerformance,2022-04-12,1,Niue,SRB
InfectiousDiseaseMapper,simulateLoadBalancing,2023-09-20,2,Lithuania,FJI
ClinicalTrialManager,deploySoftwareUpdates,2022-06-12,1,Estonia,GTM
PediatricCareAssistant,analyzeServerPerformance,2023-10-05,2,Singapore,CXR
PatientEngagementHub,initializeSystemDiagnostics,2023-06-11,2,Sierra Leone,KWT
HealthcarePolicyLibrary,auditSecurityCompliance,2022-11-20,2,Wallis and Futuna,BLR
MedicalEducationSimulator,sendFunctionCountToServer,2024-01-18,2,Nicaragua,CXR
ClinicalTrialManager,optimizeDatabaseQueries,2022-10-11,2,Solomon Islands,CZE
OphthalmologyVisionAnalyzer,archiveOldLogFiles,2022-10-21,2,Rwanda,QAT
HealthcarePolicyLibrary,onGenerateFibulaPlanesTimerTimeout,2023-10-06,1,Greenland,CXR
EndocrineHealthMonitor,onGenerateFibulaPlanesTimerTimeout,2023-12-15,2,Thailand,EGY
EmergencyResponseCoordinator,updateFirmwareVersions,2022-03-22,1,Spain,CAN
DermatologyTreatmentPlanner,sendFunctionCountToServer,2023-06-23,2,South Korea,MNE
GeneticDisorderExplorer,trackApplicationDependencies,2023-01-05,2,Nauru,TTO
DermatologyTreatmentPlanner,optimizeDatabaseQueries,2022-09-08,2,Myanmar,NOR
HospitalRoomAllocationSystem,optimizeDatabaseQueries,2022-08-18,2,Viet Nam,SXM
OrthopedicProcedureSimulator,reportSystemHealthStatus,2024-03-13,1,Swaziland,IND
PatientEngagementHub,makeBooleanOperationsToFibulaSurgicalGuideBase,2023-05-10,1,Curaçao,LSO
PulmonaryFunctionTester,calculateOptimalPathways,2024-12-05,2,American Samoa,COL
BloodPressureRegulator,generateEncryptionKeys,2024-03-11,2,Haiti,MKD
NeurosurgeryNavigationSystem,cleanTemporaryFiles,2023-04-07,1,Finland,GNB
ClinicalTrialManager,analyzeServerPerformance,2023-11-14,1,Maldives,JOR
PulmonaryFunctionTester,reportSystemHealthStatus,2023-06-30,2,Anguilla,ASM
TelemedicineConsultationPortal,restoreArchivedData,2024-05-23,1,Saint Vincent and the Grenadines,YEM
PediatricCareAssistant,monitorNetworkLatency,2022-07-31,2,Lesotho,COL
ENTProcedureGuide,configureVirtualMachines,2023-05-18,1,Denmark,BGR
MentalHealthTherapyAssistant,reportSystemHealthStatus,2023-04-29,2,Northern Mariana Islands,WSM
GeneticDisorderExplorer,initializeSystemDiagnostics,2022-01-08,1,Finland,BIH
SportsInjuryPreventor,cleanTemporaryFiles,2023-07-24,1,Central African Republic,GIN
PainManagementAdvisor,verifyDataIntegrity,2024-01-01,1,Canada,GIN
RadiologyImagingCenter,configureVirtualMachines,2023-07-28,2,Solomon Islands,ASM
VaccineAdministrationLog,generateEncryptionKeys,2022-06-28,1,Gibraltar,MNG
ImmunologyResponseEvaluator,onGenerateFibulaPlanesTimerTimeout,2024-03-26,2,American Samoa,CIV
HealthcareComplianceMonitor,verifyDataIntegrity,2024-06-27,1,Malawi,SJM
MedicalWasteManagement,verifyDataIntegrity,2022-03-29,2,Italy,PRK
ImmunologyResponseEvaluator,configureVirtualMachines,2024-06-06,2,Kyrgyzstan,ALA
TelemedicineConsultationPortal,onGenerateFibulaPlanesTimerTimeout,2023-09-03,2,Bosnia and Herzegovina,PAN
PatientFeedbackAnalyzer,reportSystemHealthStatus,2024-07-30,2,Australia,LUX
DermatologyTreatmentPlanner,reportSystemHealthStatus,2024-11-02,1,Mexico,COD
FitnessAndWellnessGuide,onGenerateFibulaPlanesTimerTimeout,2024-09-10,1,Bolivia,GUF
UrologyManagementSystem,initializeSystemDiagnostics,2023-08-07,2,Saint Pierre and Miquelon,SVK
CardiovascularAssessmentTool,optimizeDatabaseQueries,2022-06-19,1,Gambia,BTN
PediatricCareAssistant,makeBooleanOperationsToFibulaSurgicalGuideBase,2024-09-06,1,Burkina Faso,FLK
DermatologyTreatmentPlanner,configureVirtualMachines,2023-05-15,1,Mayotte,HND
PharmacyInventoryManager,calculateOptimalPathways,2024-09-14,2,France,ALB
AllergyReactionTracker,auditSecurityCompliance,2023-08-06,1,Bosnia and Herzegovina,IDN
MentalHealthTherapyAssistant,calculateOptimalPathways,2023-12-07,2,Cameroon,ALB
SurgicalInstrumentTracker,initializeSystemDiagnostics,2023-12-08,2,Romania,MHL
GastrointestinalTracker,manageResourceAllocation,2023-04-07,1,New Caledonia,TUV
ClinicalTrialManager,restoreArchivedData,2024-04-22,1,Kenya,GAB
MentalHealthTherapyAssistant,restoreArchivedData,2024-05-20,2,South Korea,REU
OncologyTreatmentOptimizer,reportSystemHealthStatus,2022-01-01,2,Norfolk Island,QAT
VaccineAdministrationLog,initializeSystemDiagnostics,2022-09-20,2,Libya,LIE
PatientEngagementHub,trackApplicationDependencies,2023-02-07,1,Micronesia,MNG
RehabilitationExercisePlanner,simulateLoadBalancing,2024-03-30,1,Bulgaria,PAN
FertilityAndIVFHelper,auditSecurityCompliance,2022-11-11,2,Saint Helena,UKR
FitnessAndWellnessGuide,generateEncryptionKeys,2022-08-25,2,Belize,ERI
HematologyAnalyzer,cleanTemporaryFiles,2023-10-24,2,Virgin Islands (British),KGZ
PulmonaryFunctionTester,deploySoftwareUpdates,2022-01-03,2,Netherlands,IRL
GeriatricCarePlanner,makeBooleanOperationsToFibulaSurgicalGuideBase,2022-02-17,2,Belarus,AUT
SurgicalInstrumentTracker,makeBooleanOperationsToFibulaSurgicalGuideBase,2023-02-01,1,Georgia,BHR
DentalHealthProfiler,updateFirmwareVersions,2022-04-30,2,Gabon,UZB
ObstetricsLaborTracker,simulateLoadBalancing,2023-01-02,1,Egypt,HTI
NeurosurgeryNavigationSystem,generateEncryptionKeys,2022-04-24,2,Åland Islands,TWN
SurgicalInstrumentTracker,archiveOldLogFiles,2024-08-09,2,France,ESP
PediatricCareAssistant,trackApplicationDependencies,2023-05-12,2,Belarus,GTM
ImmunologyResponseEvaluator,simulateLoadBalancing,2024-12-27,1,Malaysia,FSM
SleepDisorderAnalyzer,sendFunctionCountToServer,2024-01-24,2,Kyrgyzstan,MOZ
GastrointestinalTracker,trackApplicationDependencies,2023-01-30,1,Brazil,BRN
HospitalRoomAllocationSystem,calculateOptimalPathways,2024-06-08,2,Netherlands,JOR
HealthcarePolicyLibrary,simulateLoadBalancing,2022-11-02,2,South Africa,JPN
OncologyTreatmentOptimizer,scheduleSystemBackups,2023-08-13,2,Madagascar,KIR
UrologyManagementSystem,trackApplicationDependencies,2023-12-27,2,United Kingdom,UGA
SubstanceAbuseCounselor,deploySoftwareUpdates,2023-06-27,1,"Taiwan, Province of China",AZE
DermatologyTreatmentPlanner,restoreArchivedData,2023-05-08,2,American Samoa,THA
ObstetricsLaborTracker,restoreArchivedData,2023-06-13,2,Indonesia,ROU
FertilityAndIVFHelper,updateFirmwareVersions,2022-02-21,1,South Georgia and the South Sandwich Islands,SSD
OncologyTreatmentOptimizer,sendFunctionCountToServer,2022-09-05,1,China,FIN
MentalHealthTherapyAssistant,trackApplicationDependencies,2024-05-13,2,Tunisia,CHE
DermatologyTreatmentPlanner,auditSecurityCompliance,2024-11-09,2,Fiji,STP
EndocrineHealthMonitor,monitorNetworkLatency,2022-12-23,1,Czech Republic,CZE
SportsInjuryPreventor,configureVirtualMachines,2023-11-27,2,United States,SAU
WoundCareToolkit,simulateLoadBalancing,2022-08-29,2,Chile,CYM
BloodPressureRegulator,verifyDataIntegrity,2022-03-17,1,Albania,IDN
NeurosurgeryNavigationSystem,optimizeDatabaseQueries,2022-11-01,2,Nicaragua,LCA
PulmonaryFunctionTester,auditSecurityCompliance,2024-08-02,2,Syrian Arab Republic,OMN
ObstetricsLaborTracker,generateEncryptionKeys,2024-08-30,1,Sint Maarten (Dutch part),NIC
ObstetricsLaborTracker,initializeSystemDiagnostics,2022-05-11,1,Saint Helena,LCA
UrologyManagementSystem,manageResourceAllocation,2023-11-22,1,Botswana,AUS
RehabilitationExercisePlanner,updateFirmwareVersions,2023-04-17,2,Martinique,HRV
GeneticDisorderExplorer,auditSecurityCompliance,2022-06-16,1,Cocos (Keeling) Islands,FLK
MedicalEducationSimulator,initializeSystemDiagnostics,2022-12-05,1,Mongolia,GRL
MentalHealthTherapyAssistant,monitorNetworkLatency,2024-11-04,1,Tokelau,SRB
ClinicalTrialManager,generateEncryptionKeys,2022-03-25,1,Antarctica,HMD
PatientEngagementHub,auditSecurityCompliance,2024-12-19,1,Venezuela,KEN
HealthcareComplianceMonitor,auditSecurityCompliance,2024-06-27,1,Virgin Islands (U.S.),ALB
PatientFeedbackAnalyzer,verifyDataIntegrity,2022-04-20,2,Cayman Islands,KIR
ClinicalTrialManager,onGenerateFibulaPlanesTimerTimeout,2023-09-15,2,Vanuatu,FJI
SurgicalInstrumentTracker,trackApplicationDependencies,2024-04-01,1,Mauritania,BWA
NeuralNetworkDiagnostics,scheduleSystemBackups,2024-08-05,2,Lesotho,ARG
DermatologyTreatmentPlanner,onGenerateFibulaPlanesTimerTimeout,2024-03-05,2,Guadeloupe,TKM
InfectiousDiseaseMapper,scheduleSystemBackups,2024-01-06,2,South Georgia and the South Sandwich Islands,QAT
TelemedicineConsultationPortal,archiveOldLogFiles,2022-05-01,1,Kyrgyzstan,YEM
DiabetesCareManager,updateFirmwareVersions,2022-06-20,2,Germany,MRT
NutritionAndDietPlanner,deploySoftwareUpdates,2023-05-31,2,Mozambique,LAO
MedicalEducationSimulator,trackApplicationDependencies,2023-10-13,2,Oman,CUB
PatientFeedbackAnalyzer,simulateLoadBalancing,2024-10-05,1,Maldives,MOZ
AmbulanceDispatchSystem,sendFunctionCountToServer,2023-10-11,1,Aruba,VGB
ENTProcedureGuide,monitorNetworkLatency,2022-03-14,2,Tonga,CAF
MedicalResearchDatabase,generateEncryptionKeys,2023-03-24,2,Pitcairn,MDV
PatientEngagementHub,manageResourceAllocation,2024-08-17,2,Bahrain,SVN
UrologyManagementSystem,archiveOldLogFiles,2022-12-26,1,Singapore,TUV
ImmunologyResponseEvaluator,simulateLoadBalancing,2022-12-08,1,Hungary,AUS
AmbulanceDispatchSystem,monitorNetworkLatency,2024-08-09,1,Suriname,DJI
EmergencyResponseCoordinator,calculateOptimalPathways,2024-03-22,2,Czech Republic,CUB
PediatricCareAssistant,scheduleSystemBackups,2023-01-14,1,Trinidad and Tobago,FJI
EmergencyResponseCoordinator,generateEncryptionKeys,2022-05-17,1,Tonga,GLP
HospitalRoomAllocationSystem,updateFirmwareVersions,2022-06-30,1,Congo,REU
HealthcareComplianceMonitor,configureVirtualMachines,2023-09-11,1,Dominica,BVT
FitnessAndWellnessGuide,optimizeDatabaseQueries,2023-11-24,1,Senegal,MDA
OncologyTreatmentOptimizer,validateUserPermissions,2024-05-29,2,Cambodia,MHL
ClinicalTrialManager,simulateLoadBalancing,2024-05-11,1,Slovenia,PER
HealthcarePolicyLibrary,simulateLoadBalancing,2024-06-20,1,Thailand,ATA
MedicalBillingAndCoding,configureVirtualMachines,2023-04-01,1,Greenland,CUB
NeurosurgeryNavigationSystem,makeBooleanOperationsToFibulaSurgicalGuideBase,2023-11-06,2,Aruba,SHN
ClinicalTrialManager,restoreArchivedData,2022-01-07,2,Cabo Verde,SWZ
HealthcarePolicyLibrary,sendFunctionCountToServer,2024-02-11,1,British Indian Ocean Territory,URY
OrthopedicProcedureSimulator,configureVirtualMachines,2024-09-29,2,Algeria,BHR
NeuralNetworkDiagnostics,scheduleSystemBackups,2024-04-10,1,Somalia,RUS
OncologyTreatmentOptimizer,trackApplicationDependencies,2022-07-13,2,Iraq,MAR
SubstanceAbuseCounselor,sendFunctionCountToServer,2022-09-26,2,Croatia,UGA
PatientFeedbackAnalyzer,scheduleSystemBackups,2024-08-14,2,Saint Pierre and Miquelon,PAK
SportsInjuryPreventor,archiveOldLogFiles,2024-07-10,2,Monaco,NGA
FertilityAndIVFHelper,reportSystemHealthStatus,2022-11-14,2,Nepal,GNB
DermatologyTreatmentPlanner,initializeSystemDiagnostics,2024-09-22,1,Oman,REU
MentalHealthTherapyAssistant,monitorNetworkLatency,2024-05-03,1,Western Sahara,SVN
DiabetesCareManager,archiveOldLogFiles,2024-02-17,1,Barbados,BHS
HealthcareComplianceMonitor,verifyDataIntegrity,2024-04-14,2,Romania,HKG
FitnessAndWellnessGuide,cleanTemporaryFiles,2024-04-07,2,New Caledonia,BES
TelemedicineConsultationPortal,cleanTemporaryFiles,2022-07-06,2,Tunisia,IRQ
SurgicalInstrumentTracker,monitorNetworkLatency,2022-11-02,1,Tunisia,NFK
SurgicalInstrumentTracker,trackApplicationDependencies,2024-08-30,1,Macedonia,VCT
NeurosurgeryNavigationSystem,trackApplicationDependencies,2024-09-14,2,Jamaica,LIE
RehabilitationExercisePlanner,analyzeServerPerformance,2023-12-03,1,Poland,PRK
HematologyAnalyzer,deploySoftwareUpdates,2022-03-20,2,Andorra,QAT
CardiovascularAssessmentTool,trackApplicationDependencies,2024-02-28,2,Central African Republic,NFK
PatientEngagementHub,verifyDataIntegrity,2023-06-02,2,Turks and Caicos Islands,SMR
TelemedicineConsultationPortal,cleanTemporaryFiles,2024-02-16,2,United Kingdom,IRN
EndocrineHealthMonitor,simulateLoadBalancing,2024-05-18,1,Central African Republic,NOR
RadiologyImagingCenter,trackApplicationDependencies,2022-12-26,1,Romania,ARM
NeurosurgeryNavigationSystem,archiveOldLogFiles,2024-03-26,1,Peru,FJI
MentalHealthTherapyAssistant,reportSystemHealthStatus,2024-07-23,2,Thailand,LBY
OrthopedicProcedureSimulator,initializeSystemDiagnostics,2022-09-01,1,Romania,SLE
InfectiousDiseaseMapper,scheduleSystemBackups,2024-12-04,2,Bahamas,TGO
InfectiousDiseaseMapper,restoreArchivedData,2022-12-03,2,United Arab Emirates,CAF
NeurosurgeryNavigationSystem,calculateOptimalPathways,2023-10-21,2,Falkland Islands (Malvinas),CHE
HospitalRoomAllocationSystem,updateFirmwareVersions,2024-12-29,1,Brazil,SVN
MentalHealthTherapyAssistant,reportSystemHealthStatus,2024-06-17,2,Holy See,GHA
MedicalResearchDatabase,archiveOldLogFiles,2022-10-06,2,Burkina Faso,ATF
PainManagementAdvisor,manageResourceAllocation,2024-01-01,1,Canada,ATF
PainManagementAdvisor,generateEncryptionKeys,2024-09-08,1,Côte d'Ivoire,MAF
DiabetesCareManager,verifyDataIntegrity,2024-04-19,1,Philippines,AGO
PediatricCareAssistant,scheduleSystemBackups,2024-10-18,2,United States Minor Outlying Islands,CHE
FitnessAndWellnessGuide,verifyDataIntegrity,2024-07-27,1,Australia,DOM
PharmacyInventoryManager,verifyDataIntegrity,2023-12-08,1,Cabo Verde,NFK
UrologyManagementSystem,reportSystemHealthStatus,2022-04-16,1,Cuba,MLI
OncologyTreatmentOptimizer,reportSystemHealthStatus,2024-08-24,1,Sri Lanka,HRV
RadiologyImagingCenter,restoreArchivedData,2022-01-25,2,Saudi Arabia,ALB
InfectiousDiseaseMapper,generateEncryptionKeys,2024-01-29,2,Mexico,COD
RehabilitationExercisePlanner,verifyDataIntegrity,2023-04-26,1,Palau,ALA
BloodPressureRegulator,verifyDataIntegrity,2023-09-13,2,Ireland,ARM
PainManagementAdvisor,analyzeServerPerformance,2023-12-23,2,Bangladesh,BEL
OncologyTreatmentOptimizer,makeBooleanOperationsToFibulaSurgicalGuideBase,2023-01-04,2,Guernsey,SGP
SurgicalInstrumentTracker,simulateLoadBalancing,2022-12-19,2,Uruguay,KHM
DentalHealthProfiler,cleanTemporaryFiles,2024-03-11,2,Austria,PRT
PainManagementAdvisor,sendFunctionCountToServer,2023-01-03,1,Malaysia,AUT
EndocrineHealthMonitor,monitorNetworkLatency,2023-07-28,2,Nepal,NFK
BloodPressureRegulator,makeBooleanOperationsToFibulaSurgicalGuideBase,2022-01-16,2,Botswana,GNB
VaccineAdministrationLog,verifyDataIntegrity,2023-09-10,2,Uruguay,GNB
ObstetricsLaborTracker,trackApplicationDependencies,2022-06-25,1,Benin,GIB
UrologyManagementSystem,reportSystemHealthStatus,2024-01-23,2,Svalbard and Jan Mayen,MWI
AllergyReactionTracker,trackApplicationDependencies,2023-08-29,2,Slovakia,MNE
ImmunologyResponseEvaluator,makeBooleanOperationsToFibulaSurgicalGuideBase,2022-12-31,2,Finland,ARE
HealthcarePolicyLibrary,cleanTemporaryFiles,2024-11-25,1,Denmark,TON
SurgicalInstrumentTracker,initializeSystemDiagnostics,2022-03-11,1,Guam,PAN
InfectiousDiseaseMapper,manageResourceAllocation,2022-09-07,2,Swaziland,ROU
GastrointestinalTracker,initializeSystemDiagnostics,2024-02-25,2,Libya,ATF
EndocrineHealthMonitor,configureVirtualMachines,2024-04-24,2,Croatia,ALA
GeneticDisorderExplorer,reportSystemHealthStatus,2024-07-08,1,Tanzania,GHA
TelemedicineConsultationPortal,simulateLoadBalancing,2024-01-16,1,Mayotte,SEN
PulmonaryFunctionTester,monitorNetworkLatency,2023-10-14,2,Viet Nam,TKM
SurgicalInstrumentTracker,monitorNetworkLatency,2024-08-15,1,Cambodia,SMR
DentalHealthProfiler,manageResourceAllocation,2024-07-20,2,Jordan,GLP
GeriatricCarePlanner,deploySoftwareUpdates,2022-04-22,2,Chad,NCL
OrthopedicProcedureSimulator,sendFunctionCountToServer,2024-03-02,2,Azerbaijan,MOZ
FertilityAndIVFHelper,monitorNetworkLatency,2024-10-27,2,Burkina Faso,ATA
MedicalEducationSimulator,optimizeDatabaseQueries,2022-03-15,2,Seychelles,RWA
ObstetricsLaborTracker,verifyDataIntegrity,2024-04-06,2,Guatemala,USA
RehabilitationExercisePlanner,makeBooleanOperationsToFibulaSurgicalGuideBase,2022-07-04,1,Myanmar,BDI
HospitalRoomAllocationSystem,validateUserPermissions,2023-09-04,1,Gabon,MNP
EmergencyResponseCoordinator,scheduleSystemBackups,2024-01-30,2,Uruguay,HMD
MedicalWasteManagement,optimizeDatabaseQueries,2022-01-28,1,Pakistan,SYR
WoundCareToolkit,manageResourceAllocation,2023-08-07,1,Liechtenstein,WSM
MentalHealthTherapyAssistant,makeBooleanOperationsToFibulaSurgicalGuideBase,2022-02-11,2,Uganda,NOR
SportsInjuryPreventor,trackApplicationDependencies,2023-11-22,2,Jersey,COD
HealthcareComplianceMonitor,restoreArchivedData,2022-05-24,2,Kazakhstan,KHM
MedicalBillingAndCoding,configureVirtualMachines,2023-05-31,1,Burundi,USA
AmbulanceDispatchSystem,cleanTemporaryFiles,2022-11-06,1,Solomon Islands,LUX
MedicalEducationSimulator,scheduleSystemBackups,2024-03-01,2,Sweden,JPN
PulmonaryFunctionTester,cleanTemporaryFiles,2023-09-18,1,Georgia,PCN
OrthopedicProcedureSimulator,onGenerateFibulaPlanesTimerTimeout,2024-04-02,1,Chad,ITA
DentalHealthProfiler,validateUserPermissions,2022-05-03,2,Bangladesh,JPN
RadiologyImagingCenter,configureVirtualMachines,2024-02-13,1,Moldova,MNG
WoundCareToolkit,initializeSystemDiagnostics,2023-09-11,2,Iceland,LUX
DermatologyTreatmentPlanner,makeBooleanOperationsToFibulaSurgicalGuideBase,2024-05-30,1,Montenegro,BRB
InfectiousDiseaseMapper,archiveOldLogFiles,2024-07-22,2,Luxembourg,TUV
ENTProcedureGuide,configureVirtualMachines,2024-08-06,1,Philippines,PHL
OncologyTreatmentOptimizer,optimizeDatabaseQueries,2023-01-15,2,Fiji,IRL
SportsInjuryPreventor,onGenerateFibulaPlanesTimerTimeout,2022-08-11,2,Tajikistan,CAN
EndocrineHealthMonitor,makeBooleanOperationsToFibulaSurgicalGuideBase,2022-09-05,1,Mauritius,SLV
EndocrineHealthMonitor,auditSecurityCompliance,2023-01-09,2,Costa Rica,KOR
MedicalResearchDatabase,initializeSystemDiagnostics,2024-09-09,2,Tajikistan,PAN
BloodPressureRegulator,archiveOldLogFiles,2023-03-03,1,Martinique,ZAF
UrologyManagementSystem,analyzeServerPerformance,2022-08-12,1,Tanzania,ASM
SleepDisorderAnalyzer,onGenerateFibulaPlanesTimerTimeout,2022-07-24,2,Panama,FJI
NutritionAndDietPlanner,calculateOptimalPathways,2022-08-15,1,Bosnia and Herzegovina,NFK
SurgicalInstrumentTracker,verifyDataIntegrity,2022-02-17,2,Bhutan,GEO
GeneticDisorderExplorer,onGenerateFibulaPlanesTimerTimeout,2024-01-05,2,Martinique,PLW
HematologyAnalyzer,simulateLoadBalancing,2024-10-09,1,Bahrain,MEX
NeurosurgeryNavigationSystem,analyzeServerPerformance,2023-04-22,1,South Korea,REU
MedicalResearchDatabase,monitorNetworkLatency,2022-07-24,1,Cabo Verde,ZAF
PainManagementAdvisor,manageResourceAllocation,2023-10-03,2,Zimbabwe,VCT
BloodPressureRegulator,manageResourceAllocation,2023-03-02,2,Nigeria,TWN
EndocrineHealthMonitor,validateUserPermissions,2023-10-05,1,Micronesia,BGR
GeriatricCarePlanner,reportSystemHealthStatus,2023-01-01,2,Seychelles,LSO
AllergyReactionTracker,auditSecurityCompliance,2024-05-13,2,Yemen,SDN
ClinicalTrialManager,generateEncryptionKeys,2023-02-14,2,Tanzania,KAZ
ImmunologyResponseEvaluator,scheduleSystemBackups,2022-08-05,1,Mayotte,KAZ
SleepDisorderAnalyzer,archiveOldLogFiles,2022-10-14,1,Holy See,MDG
ENTProcedureGuide,onGenerateFibulaPlanesTimerTimeout,2022-08-11,2,Chile,BES
SurgicalInstrumentTracker,sendFunctionCountToServer,2023-11-20,2,Yemen,TUV
MedicalEducationSimulator,calculateOptimalPathways,2024-06-17,1,Austria,AZE
MedicalResearchDatabase,validateUserPermissions,2022-12-23,2,Sudan,TJK
GeriatricCarePlanner,sendFunctionCountToServer,2023-12-27,1,Ethiopia,NLD
NeurosurgeryNavigationSystem,deploySoftwareUpdates,2024-04-08,1,Bulgaria,USA
PatientEngagementHub,validateUserPermissions,2023-05-14,2,Canada,HRV
MedicalResearchDatabase,analyzeServerPerformance,2024-09-22,1,New Caledonia,FSM
VaccineAdministrationLog,makeBooleanOperationsToFibulaSurgicalGuideBase,2024-01-02,1,Solomon Islands,TLS
AmbulanceDispatchSystem,analyzeServerPerformance,2024-10-29,1,Jersey,SEN
SportsInjuryPreventor,restoreArchivedData,2023-02-06,1,Malawi,RWA
ClinicalTrialManager,simulateLoadBalancing,2022-12-19,2,Costa Rica,MMR
MedicalEducationSimulator,archiveOldLogFiles,2023-04-22,1,Burundi,IMN
EndocrineHealthMonitor,cleanTemporaryFiles,2024-10-22,1,Latvia,CYM
NeuralNetworkDiagnostics,simulateLoadBalancing,2024-08-31,1,Bermuda,GIB
RehabilitationExercisePlanner,onGenerateFibulaPlanesTimerTimeout,2022-02-09,1,Trinidad and Tobago,CIV
GastrointestinalTracker,simulateLoadBalancing,2022-07-01,2,Mauritania,HND
BloodPressureRegulator,generateEncryptionKeys,2024-09-18,1,Greenland,SRB
EndocrineHealthMonitor,generateEncryptionKeys,2023-07-10,1,British Indian Ocean Territory,ESP
NeuralNetworkDiagnostics,onGenerateFibulaPlanesTimerTimeout,2024-07-12,2,Luxembourg,HUN
MedicalBillingAndCoding,optimizeDatabaseQueries,2023-05-23,1,Venezuela,IMN
RadiologyImagingCenter,optimizeDatabaseQueries,2023-03-13,1,Falkland Islands (Malvinas),BMU
NutritionAndDietPlanner,reportSystemHealthStatus,2024-11-03,1,Oman,SGS
PulmonaryFunctionTester,simulateLoadBalancing,2023-01-31,2,Burkina Faso,ROU
DentalHealthProfiler,makeBooleanOperationsToFibulaSurgicalGuideBase,2023-02-19,2,Equatorial Guinea,LVA
HealthcareComplianceMonitor,generateEncryptionKeys,2023-09-22,2,Belgium,FRA
FitnessAndWellnessGuide,generateEncryptionKeys,2022-11-15,2,Brunei Darussalam,MWI
PatientEngagementHub,restoreArchivedData,2023-10-10,2,Viet Nam,ATA
AllergyReactionTracker,sendFunctionCountToServer,2023-06-19,1,Liberia,CAN
OphthalmologyVisionAnalyzer,initializeSystemDiagnostics,2023-05-01,2,Malawi,EGY
RadiologyImagingCenter,trackApplicationDependencies,2024-02-12,1,Colombia,MYT
MedicalWasteManagement,cleanTemporaryFiles,2023-01-23,2,Norfolk Island,TUV
RadiologyImagingCenter,monitorNetworkLatency,2022-03-30,2,Liechtenstein,CYP
SleepDisorderAnalyzer,reportSystemHealthStatus,2022-03-17,1,Oman,DOM
CardiovascularAssessmentTool,trackApplicationDependencies,2023-10-28,1,Lao People's Democratic Republic,CHE
GastrointestinalTracker,manageResourceAllocation,2024-10-17,1,Belarus,NAM
HealthcareComplianceMonitor,updateFirmwareVersions,2022-07-29,2,Malaysia,PAN
RehabilitationExercisePlanner,sendFunctionCountToServer,2022-07-01,2,Estonia,MSR
OncologyTreatmentOptimizer,calculateOptimalPathways,2023-01-12,2,Dominica,SEN
AllergyReactionTracker,auditSecurityCompliance,2022-03-21,1,Spain,GRD
SportsInjuryPreventor,updateFirmwareVersions,2023-07-07,2,Botswana,CIV
CardiovascularAssessmentTool,calculateOptimalPathways,2022-08-16,1,Rwanda,SVK
SportsInjuryPreventor,analyzeServerPerformance,2022-07-17,2,Cayman Islands,NOR
GastrointestinalTracker,restoreArchivedData,2023-06-13,2,Comoros,CYP
MedicalEducationSimulator,validateUserPermissions,2023-08-04,1,Saint Pierre and Miquelon,GIN
DiabetesCareManager,reportSystemHealthStatus,2022-09-22,2,Haiti,MRT
NeuralNetworkDiagnostics,manageResourceAllocation,2023-05-30,1,Paraguay,USA
MedicalWasteManagement,deploySoftwareUpdates,2024-05-17,1,Guyana,TKM
PatientFeedbackAnalyzer,reportSystemHealthStatus,2022-12-15,2,Philippines,TZA
SleepDisorderAnalyzer,generateEncryptionKeys,2022-10-21,1,Paraguay,CHE
PatientEngagementHub,validateUserPermissions,2022-09-26,2,Serbia,BGR
RadiologyImagingCenter,archiveOldLogFiles,2023-02-14,1,Cook Islands,SXM
EmergencyResponseCoordinator,restoreArchivedData,2022-04-23,2,Cuba,ISL
FitnessAndWellnessGuide,configureVirtualMachines,2024-03-31,1,Marshall Islands,ATA
TelemedicineConsultationPortal,analyzeServerPerformance,2024-05-04,2,Guadeloupe,IOT
PatientFeedbackAnalyzer,simulateLoadBalancing,2023-02-20,2,Belize,KHM
PatientEngagementHub,initializeSystemDiagnostics,2024-11-01,2,Svalbard and Jan Mayen,KEN
NutritionAndDietPlanner,sendFunctionCountToServer,2024-04-18,1,Costa Rica,TZA
PulmonaryFunctionTester,archiveOldLogFiles,2022-07-12,2,Malaysia,GTM
NeurosurgeryNavigationSystem,trackApplicationDependencies,2024-02-25,2,Austria,PRI
GastrointestinalTracker,reportSystemHealthStatus,2023-07-20,1,Peru,MLT
RadiologyImagingCenter,configureVirtualMachines,2023-10-22,1,Nigeria,CZE
SurgicalInstrumentTracker,generateEncryptionKeys,2023-07-13,2,Liberia,GNB
DentalHealthProfiler,verifyDataIntegrity,2024-03-02,1,Saint Pierre and Miquelon,GUY
PharmacyInventoryManager,reportSystemHealthStatus,2024-09-14,2,Iraq,AUS
SubstanceAbuseCounselor,reportSystemHealthStatus,2023-02-15,2,Malaysia,MMR
NeurosurgeryNavigationSystem,optimizeDatabaseQueries,2024-10-19,2,India,VIR
DiabetesCareManager,verifyDataIntegrity,2022-10-03,1,Madagascar,VUT
HospitalRoomAllocationSystem,analyzeServerPerformance,2022-03-21,1,United Arab Emirates,NIU
MedicalWasteManagement,trackApplicationDependencies,2022-11-26,1,Estonia,PRI
HealthcareComplianceMonitor,updateFirmwareVersions,2024-03-03,1,Cuba,BOL
EmergencyResponseCoordinator,reportSystemHealthStatus,2022-02-15,2,Niue,VGB
GeriatricCarePlanner,trackApplicationDependencies,2022-05-23,1,Azerbaijan,ARG
PatientEngagementHub,initializeSystemDiagnostics,2024-12-17,1,Kiribati,GNB
PainManagementAdvisor,scheduleSystemBackups,2022-07-02,2,Virgin Islands (U.S.),GRD
GastrointestinalTracker,trackApplicationDependencies,2022-08-19,2,Mozambique,UGA
GeriatricCarePlanner,onGenerateFibulaPlanesTimerTimeout,2023-02-18,1,Heard Island and McDonald Islands,MEX
SurgicalInstrumentTracker,verifyDataIntegrity,2024-02-16,2,Cayman Islands,GEO
SubstanceAbuseCounselor,reportSystemHealthStatus,2022-03-22,2,Nepal,PAN
UrologyManagementSystem,archiveOldLogFiles,2023-06-20,1,Nigeria,PSE
HematologyAnalyzer,calculateOptimalPathways,2023-11-18,2,Cook Islands,ESP
EndocrineHealthMonitor,monitorNetworkLatency,2023-09-28,2,French Southern Territories,SLE
ClinicalTrialManager,generateEncryptionKeys,2024-01-15,2,Saint Helena,TKM
OrthopedicProcedureSimulator,trackApplicationDependencies,2022-07-06,2,Algeria,MYS
PediatricCareAssistant,manageResourceAllocation,2022-04-13,1,Bolivia,GLP
NeurosurgeryNavigationSystem,validateUserPermissions,2024-06-09,2,Burundi,PCN
MedicalBillingAndCoding,configureVirtualMachines,2022-03-28,2,Curaçao,PAN
MedicalEducationSimulator,analyzeServerPerformance,2024-06-29,2,Liberia,TWN
AllergyReactionTracker,scheduleSystemBackups,2022-06-29,2,Puerto Rico,NPL
HematologyAnalyzer,optimizeDatabaseQueries,2023-10-07,1,Montenegro,BVT
OrthopedicProcedureSimulator,auditSecurityCompliance,2023-07-13,1,Angola,TON
HematologyAnalyzer,auditSecurityCompliance,2022-10-10,1,Trinidad and Tobago,NER
ENTProcedureGuide,manageResourceAllocation,2022-03-17,1,Puerto Rico,CHE
PainManagementAdvisor,makeBooleanOperationsToFibulaSurgicalGuideBase,2024-05-17,2,Albania,IRL
NeuralNetworkDiagnostics,onGenerateFibulaPlanesTimerTimeout,2023-04-24,1,Burundi,URY
ClinicalTrialManager,updateFirmwareVersions,2023-01-02,1,Greenland,BHR
OphthalmologyVisionAnalyzer,validateUserPermissions,2024-02-27,1,Mexico,SMR
CardiovascularAssessmentTool,makeBooleanOperationsToFibulaSurgicalGuideBase,2024-08-30,1,Denmark,BRA
HealthcareComplianceMonitor,generateEncryptionKeys,2022-06-13,1,Canada,GAB
NeurosurgeryNavigationSystem,verifyDataIntegrity,2023-06-21,2,Malaysia,BRN
MedicalEducationSimulator,cleanTemporaryFiles,2023-01-03,1,Sierra Leone,KAZ
ObstetricsLaborTracker,initializeSystemDiagnostics,2023-09-17,1,Estonia,MYS
ClinicalTrialManager,restoreArchivedData,2023-11-16,2,South Sudan,LBR
HematologyAnalyzer,verifyDataIntegrity,2023-12-14,1,Australia,EST
ClinicalTrialManager,initializeSystemDiagnostics,2024-01-04,1,Brunei Darussalam,FRA
RehabilitationExercisePlanner,sendFunctionCountToServer,2024-01-18,1,Swaziland,ARE
GastrointestinalTracker,generateEncryptionKeys,2023-09-04,1,Hungary,LUX
HealthcareComplianceMonitor,configureVirtualMachines,2022-05-24,2,Samoa,AZE
ImmunologyResponseEvaluator,analyzeServerPerformance,2024-07-13,1,Ethiopia,IRQ
TelemedicineConsultationPortal,simulateLoadBalancing,2023-01-03,1,Fiji,HKG
MedicalResearchDatabase,initializeSystemDiagnostics,2023-07-12,2,Algeria,MAC
OncologyTreatmentOptimizer,cleanTemporaryFiles,2023-12-09,1,Holy See,TKM
SurgicalInstrumentTracker,onGenerateFibulaPlanesTimerTimeout,2023-08-30,1,Marshall Islands,MLI
SubstanceAbuseCounselor,simulateLoadBalancing,2023-07-15,2,Zimbabwe,NCL
EndocrineHealthMonitor,reportSystemHealthStatus,2023-07-11,2,Holy See,MTQ
GeriatricCarePlanner,auditSecurityCompliance,2022-05-12,2,Martinique,FRA
PainManagementAdvisor,manageResourceAllocation,2022-04-10,2,Yemen,MDA
NeuralNetworkDiagnostics,configureVirtualMachines,2024-12-14,1,United States Minor Outlying Islands,LBN
PharmacyInventoryManager,simulateLoadBalancing,2022-08-07,1,Russian Federation,ZMB
GeneticDisorderExplorer,archiveOldLogFiles,2023-02-20,1,Honduras,TZA
MedicalBillingAndCoding,initializeSystemDiagnostics,2022-10-02,2,Botswana,PER
AllergyReactionTracker,optimizeDatabaseQueries,2022-01-24,1,Kyrgyzstan,MMR
OphthalmologyVisionAnalyzer,verifyDataIntegrity,2024-11-16,1,Djibouti,TUN
MentalHealthTherapyAssistant,reportSystemHealthStatus,2022-05-02,2,Benin,SDN
FitnessAndWellnessGuide,manageResourceAllocation,2023-02-08,1,Lithuania,MRT
NeuralNetworkDiagnostics,verifyDataIntegrity,2024-10-16,1,Colombia,IRL
ImmunologyResponseEvaluator,onGenerateFibulaPlanesTimerTimeout,2022-11-25,2,Micronesia,AND
SurgicalInstrumentTracker,calculateOptimalPathways,2022-12-02,2,Sierra Leone,SLB
PainManagementAdvisor,monitorNetworkLatency,2023-04-30,1,Nigeria,SUR
ObstetricsLaborTracker,generateEncryptionKeys,2023-01-09,1,Dominican Republic,GBR
AmbulanceDispatchSystem,configureVirtualMachines,2022-03-16,2,Bosnia and Herzegovina,FIN
ENTProcedureGuide,makeBooleanOperationsToFibulaSurgicalGuideBase,2022-04-11,1,Grenada,NOR
NeurosurgeryNavigationSystem,trackApplicationDependencies,2023-07-09,1,Curaçao,VEN
NutritionAndDietPlanner,simulateLoadBalancing,2023-09-04,1,Guinea-Bissau,MWI
ObstetricsLaborTracker,scheduleSystemBackups,2023-07-23,2,Lesotho,CCK
MentalHealthTherapyAssistant,onGenerateFibulaPlanesTimerTimeout,2023-03-02,2,Brunei Darussalam,RWA
EndocrineHealthMonitor,updateFirmwareVersions,2023-08-25,2,United States Minor Outlying Islands,BVT
ObstetricsLaborTracker,manageResourceAllocation,2024-12-16,2,Gibraltar,FLK
HospitalRoomAllocationSystem,sendFunctionCountToServer,2022-05-09,1,Turks and Caicos Islands,MWI
PulmonaryFunctionTester,updateFirmwareVersions,2023-06-23,2,Equatorial Guinea,BEN
GastrointestinalTracker,auditSecurityCompliance,2022-11-16,1,Azerbaijan,MMR
SportsInjuryPreventor,analyzeServerPerformance,2023-09-14,2,Kenya,GBR
MedicalResearchDatabase,simulateLoadBalancing,2023-01-11,1,Pakistan,NRU
MedicalBillingAndCoding,verifyDataIntegrity,2022-12-10,2,Iraq,BTN
DiabetesCareManager,scheduleSystemBackups,2024-11-04,2,Philippines,GEO
AllergyReactionTracker,trackApplicationDependencies,2023-04-22,1,Slovenia,GRD
MedicalEducationSimulator,onGenerateFibulaPlanesTimerTimeout,2023-06-21,2,Kiribati,MOZ
UrologyManagementSystem,monitorNetworkLatency,2022-03-05,1,Falkland Islands (Malvinas),RWA
PharmacyInventoryManager,archiveOldLogFiles,2022-04-23,1,Macedonia,ASM
HealthcarePolicyLibrary,deploySoftwareUpdates,2024-09-16,1,Bahrain,IRL
MedicalResearchDatabase,manageResourceAllocation,2022-03-29,2,Netherlands,AUT
InfectiousDiseaseMapper,validateUserPermissions,2024-02-25,2,Liechtenstein,VGB
ObstetricsLaborTracker,simulateLoadBalancing,2023-08-07,1,Ireland,ABW
DentalHealthProfiler,auditSecurityCompliance,2024-10-25,1,Eritrea,HUN
ClinicalTrialManager,analyzeServerPerformance,2023-02-06,2,Saint Barthélemy,DEU
SubstanceAbuseCounselor,updateFirmwareVersions,2023-02-04,1,Bahamas,NGA
RehabilitationExercisePlanner,reportSystemHealthStatus,2024-11-27,1,Réunion,GAB
FitnessAndWellnessGuide,auditSecurityCompliance,2024-04-06,1,"Taiwan, Province of China",AUS
HospitalRoomAllocationSystem,optimizeDatabaseQueries,2024-12-04,2,Iraq,LIE
ObstetricsLaborTracker,generateEncryptionKeys,2024-09-30,2,Côte d'Ivoire,TZA
DentalHealthProfiler,monitorNetworkLatency,2024-08-23,1,Svalbard and Jan Mayen,NFK
PatientFeedbackAnalyzer,manageResourceAllocation,2022-01-18,1,Bulgaria,BEL
BloodPressureRegulator,simulateLoadBalancing,2024-09-18,2,Greece,BGD
PulmonaryFunctionTester,cleanTemporaryFiles,2023-09-02,2,Azerbaijan,BRA
HealthcarePolicyLibrary,calculateOptimalPathways,2024-09-18,2,Sint Maarten (Dutch part),VIR
EndocrineHealthMonitor,auditSecurityCompliance,2022-10-11,2,Canada,VEN
OncologyTreatmentOptimizer,verifyDataIntegrity,2022-11-16,1,Chile,CHL
HematologyAnalyzer,restoreArchivedData,2022-07-02,1,Kiribati,IDN
GeriatricCarePlanner,calculateOptimalPathways,2024-11-23,1,India,MOZ
PediatricCareAssistant,onGenerateFibulaPlanesTimerTimeout,2024-02-15,2,Indonesia,AGO
GeneticDisorderExplorer,deploySoftwareUpdates,2022-07-31,2,South Sudan,MMR
SurgicalInstrumentTracker,configureVirtualMachines,2024-07-10,1,New Zealand,SOM
UrologyManagementSystem,scheduleSystemBackups,2022-01-03,2,Saint Lucia,SSD
WoundCareToolkit,calculateOptimalPathways,2023-11-12,1,Egypt,JOR
WoundCareToolkit,deploySoftwareUpdates,2023-11-26,1,Argentina,CIV
ClinicalTrialManager,optimizeDatabaseQueries,2023-05-09,2,Uzbekistan,ERI
CardiovascularAssessmentTool,reportSystemHealthStatus,2024-08-16,2,Mongolia,GHA
NeuralNetworkDiagnostics,restoreArchivedData,2022-03-21,1,Faroe Islands,BLM
FertilityAndIVFHelper,simulateLoadBalancing,2022-01-16,2,Costa Rica,MKD
MentalHealthTherapyAssistant,deploySoftwareUpdates,2023-12-11,2,Algeria,UMI
PediatricCareAssistant,validateUserPermissions,2023-02-13,2,Guatemala,LCA
RadiologyImagingCenter,deploySoftwareUpdates,2022-09-13,2,Azerbaijan,PHL
OrthopedicProcedureSimulator,archiveOldLogFiles,2022-11-27,2,North Korea,SYC
WoundCareToolkit,optimizeDatabaseQueries,2022-08-27,2,India,BVT
ImmunologyResponseEvaluator,deploySoftwareUpdates,2023-07-28,2,Bermuda,MYT
OncologyTreatmentOptimizer,reportSystemHealthStatus,2024-09-17,1,Jamaica,MSR
UrologyManagementSystem,cleanTemporaryFiles,2022-12-13,1,Equatorial Guinea,CAN
CardiovascularAssessmentTool,analyzeServerPerformance,2024-09-12,1,Togo,ATF
EmergencyResponseCoordinator,trackApplicationDependencies,2023-05-31,1,Angola,TUN
EndocrineHealthMonitor,monitorNetworkLatency,2022-01-12,2,Norway,AND
SleepDisorderAnalyzer,optimizeDatabaseQueries,2023-01-22,1,Panama,SYC
InfectiousDiseaseMapper,updateFirmwareVersions,2023-12-22,2,Cocos (Keeling) Islands,SYR
MedicalEducationSimulator,monitorNetworkLatency,2023-02-18,2,Puerto Rico,TGO
GeneticDisorderExplorer,trackApplicationDependencies,2022-02-01,1,Suriname,VAT
GeriatricCarePlanner,calculateOptimalPathways,2022-12-24,1,Norfolk Island,ATG
NeuralNetworkDiagnostics,trackApplicationDependencies,2022-07-10,1,French Polynesia,ALB
NutritionAndDietPlanner,cleanTemporaryFiles,2024-09-14,2,Cyprus,GNQ
OphthalmologyVisionAnalyzer,verifyDataIntegrity,2024-07-13,2,Tonga,TUV
PharmacyInventoryManager,restoreArchivedData,2024-05-07,2,Syrian Arab Republic,SVK
SportsInjuryPreventor,generateEncryptionKeys,2024-09-13,1,Fiji,CYP
ImmunologyResponseEvaluator,sendFunctionCountToServer,2023-12-18,2,Cayman Islands,FLK
PediatricCareAssistant,trackApplicationDependencies,2022-12-30,1,Montenegro,LBY
PulmonaryFunctionTester,reportSystemHealthStatus,2023-12-20,2,Marshall Islands,STP
SportsInjuryPreventor,makeBooleanOperationsToFibulaSurgicalGuideBase,2024-02-08,2,Portugal,CYP
SubstanceAbuseCounselor,generateEncryptionKeys,2022-11-23,2,Virgin Islands (British),TLS
ClinicalTrialManager,cleanTemporaryFiles,2024-08-10,1,Samoa,NGA
SurgicalInstrumentTracker,updateFirmwareVersions,2024-08-03,2,Suriname,PSE
TelemedicineConsultationPortal,trackApplicationDependencies,2023-04-20,2,Turkmenistan,GAB
ObstetricsLaborTracker,simulateLoadBalancing,2023-01-10,2,Ghana,SLV
CardiovascularAssessmentTool,analyzeServerPerformance,2022-12-11,1,Iraq,SWE
UrologyManagementSystem,trackApplicationDependencies,2024-07-16,1,Bouvet Island,TUV
EndocrineHealthMonitor,scheduleSystemBackups,2022-10-25,2,Guam,ESP
AmbulanceDispatchSystem,archiveOldLogFiles,2023-01-22,1,France,AZE
MedicalEducationSimulator,makeBooleanOperationsToFibulaSurgicalGuideBase,2023-03-06,2,Djibouti,VUT
GastrointestinalTracker,optimizeDatabaseQueries,2022-06-03,2,Niue,SDN
PulmonaryFunctionTester,optimizeDatabaseQueries,2022-09-24,1,Poland,TJK
CardiovascularAssessmentTool,restoreArchivedData,2023-01-01,2,Argentina,CYM
BloodPressureRegulator,restoreArchivedData,2024-12-18,2,Andorra,ECU
GastrointestinalTracker,initializeSystemDiagnostics,2022-07-10,2,Algeria,QAT
GeneticDisorderExplorer,onGenerateFibulaPlanesTimerTimeout,2023-11-09,2,Curaçao,TGO
FertilityAndIVFHelper,optimizeDatabaseQueries,2022-05-08,2,Belgium,KIR
MedicalWasteManagement,restoreArchivedData,2024-07-19,1,Heard Island and McDonald Islands,VAT
BloodPressureRegulator,manageResourceAllocation,2023-09-20,2,United States Minor Outlying Islands,BEN
EmergencyResponseCoordinator,updateFirmwareVersions,2022-05-18,1,United Kingdom,JPN
WoundCareToolkit,restoreArchivedData,2023-11-05,1,Bouvet Island,LAO
PulmonaryFunctionTester,auditSecurityCompliance,2023-07-25,2,Lao People's Democratic Republic,LVA
BloodPressureRegulator,optimizeDatabaseQueries,2024-09-19,2,Wallis and Futuna,SAU
FertilityAndIVFHelper,configureVirtualMachines,2024-02-07,2,Oman,MDG
HospitalRoomAllocationSystem,deploySoftwareUpdates,2023-09-20,2,Brazil,MDV
MedicalBillingAndCoding,deploySoftwareUpdates,2023-04-28,1,Pakistan,BRA
NeurosurgeryNavigationSystem,initializeSystemDiagnostics,2022-04-25,1,Finland,ISL
RadiologyImagingCenter,restoreArchivedData,2023-12-27,2,Serbia,VUT
PatientFeedbackAnalyzer,onGenerateFibulaPlanesTimerTimeout,2022-05-19,2,Niue,TWN
GeneticDisorderExplorer,initializeSystemDiagnostics,2023-07-16,1,India,SHN
ObstetricsLaborTracker,deploySoftwareUpdates,2024-07-26,1,Costa Rica,UKR
PatientEngagementHub,simulateLoadBalancing,2022-07-02,2,Malaysia,BRA
DermatologyTreatmentPlanner,scheduleSystemBackups,2024-05-30,1,Lao People's Democratic Republic,HUN
DentalHealthProfiler,manageResourceAllocation,2023-08-30,2,Burundi,PSE
ClinicalTrialManager,deploySoftwareUpdates,2024-10-29,1,Bouvet Island,KHM
DermatologyTreatmentPlanner,monitorNetworkLatency,2022-12-17,2,Denmark,ITA
ClinicalTrialManager,monitorNetworkLatency,2023-11-11,2,Costa Rica,GBR
ENTProcedureGuide,validateUserPermissions,2024-05-27,2,Namibia,CHE
MedicalResearchDatabase,auditSecurityCompliance,2022-06-24,1,Afghanistan,ESH
PainManagementAdvisor,makeBooleanOperationsToFibulaSurgicalGuideBase,2024-12-24,2,Tokelau,VEN
MedicalResearchDatabase,optimizeDatabaseQueries,2023-12-13,2,Eritrea,MAR
AllergyReactionTracker,manageResourceAllocation,2024-08-20,1,Curaçao,VCT
FertilityAndIVFHelper,restoreArchivedData,2024-02-08,1,Jamaica,SVK
DentalHealthProfiler,sendFunctionCountToServer,2024-09-10,1,Timor-Leste,ARM
NeurosurgeryNavigationSystem,reportSystemHealthStatus,2023-06-06,1,Tajikistan,MMR
MedicalEducationSimulator,updateFirmwareVersions,2023-04-05,1,Maldives,TCD
RehabilitationExercisePlanner,trackApplicationDependencies,2022-06-07,2,Sao Tome and Principe,SPM
HospitalRoomAllocationSystem,initializeSystemDiagnostics,2023-06-23,1,Djibouti,FSM
DiabetesCareManager,trackApplicationDependencies,2023-12-23,2,Colombia,TCA
EmergencyResponseCoordinator,cleanTemporaryFiles,2023-08-12,2,Somalia,BDI
OrthopedicProcedureSimulator,sendFunctionCountToServer,2024-03-06,2,Turkmenistan,UZB
MedicalWasteManagement,monitorNetworkLatency,2023-07-25,2,Suriname,ZAF
MedicalWasteManagement,reportSystemHealthStatus,2024-05-29,2,Saint Lucia,ESP
DermatologyTreatmentPlanner,updateFirmwareVersions,2024-12-31,1,Solomon Islands,SLV
GeneticDisorderExplorer,trackApplicationDependencies,2023-06-28,2,French Guiana,ERI
HealthcareComplianceMonitor,trackApplicationDependencies,2024-03-26,2,Bouvet Island,HUN
AllergyReactionTracker,restoreArchivedData,2022-12-04,2,Eritrea,HUN
MedicalWasteManagement,manageResourceAllocation,2024-11-23,1,France,GUM
SportsInjuryPreventor,calculateOptimalPathways,2024-07-22,2,Botswana,TCA
InfectiousDiseaseMapper,trackApplicationDependencies,2024-01-15,1,Kiribati,COL
AmbulanceDispatchSystem,calculateOptimalPathways,2024-12-13,2,United Arab Emirates,CYM
HematologyAnalyzer,monitorNetworkLatency,2022-05-12,1,Netherlands,IND
ImmunologyResponseEvaluator,onGenerateFibulaPlanesTimerTimeout,2023-06-13,2,Suriname,MAR
SleepDisorderAnalyzer,archiveOldLogFiles,2022-06-02,2,Timor-Leste,EGY
EndocrineHealthMonitor,analyzeServerPerformance,2023-03-21,1,Liberia,PYF
FitnessAndWellnessGuide,makeBooleanOperationsToFibulaSurgicalGuideBase,2023-08-02,1,French Guiana,LVA
MedicalBillingAndCoding,updateFirmwareVersions,2023-08-10,1,Tonga,SUR
HealthcareComplianceMonitor,optimizeDatabaseQueries,2023-02-03,2,Heard Island and McDonald Islands,SHN
SportsInjuryPreventor,validateUserPermissions,2022-10-18,2,Botswana,ASM
MedicalEducationSimulator,simulateLoadBalancing,2024-12-07,1,Mauritius,PER
DiabetesCareManager,generateEncryptionKeys,2022-08-14,1,Niue,PSE
VaccineAdministrationLog,reportSystemHealthStatus,2022-04-18,2,Samoa,ARE
EmergencyResponseCoordinator,generateEncryptionKeys,2022-02-19,1,Viet Nam,NPL
PharmacyInventoryManager,verifyDataIntegrity,2024-06-04,1,North Korea,MDV
FitnessAndWellnessGuide,deploySoftwareUpdates,2022-02-21,1,New Caledonia,LKA
AmbulanceDispatchSystem,updateFirmwareVersions,2022-04-06,1,Sudan,BRN
SubstanceAbuseCounselor,calculateOptimalPathways,2022-07-25,2,Andorra,MNE
ImmunologyResponseEvaluator,archiveOldLogFiles,2024-05-06,2,Sierra Leone,MLI
UrologyManagementSystem,reportSystemHealthStatus,2022-01-22,1,Italy,PYF
ImmunologyResponseEvaluator,cleanTemporaryFiles,2022-09-18,1,Jordan,FRA
NeuralNetworkDiagnostics,simulateLoadBalancing,2023-11-27,1,Congo,KWT
NeurosurgeryNavigationSystem,restoreArchivedData,2024-10-13,2,Pitcairn,RUS
ENTProcedureGuide,calculateOptimalPathways,2023-05-24,1,Lesotho,PAK
HealthcareComplianceMonitor,analyzeServerPerformance,2022-04-19,1,Eritrea,AGO
MedicalBillingAndCoding,auditSecurityCompliance,2022-08-14,1,Somalia,COK
AmbulanceDispatchSystem,cleanTemporaryFiles,2024-05-24,2,Serbia,NIU
ClinicalTrialManager,auditSecurityCompliance,2023-10-25,1,Australia,LBN
PatientEngagementHub,monitorNetworkLatency,2022-05-10,1,South Georgia and the South Sandwich Islands,SHN
NutritionAndDietPlanner,cleanTemporaryFiles,2022-02-25,1,Sudan,MAC
DermatologyTreatmentPlanner,restoreArchivedData,2024-09-27,1,Mayotte,MTQ
WoundCareToolkit,generateEncryptionKeys,2022-01-17,1,French Southern Territories,CUB
GeneticDisorderExplorer,makeBooleanOperationsToFibulaSurgicalGuideBase,2024-01-09,2,Lao People's Democratic Republic,DMA
OrthopedicProcedureSimulator,initializeSystemDiagnostics,2022-09-20,1,Gambia,OMN
PatientFeedbackAnalyzer,manageResourceAllocation,2022-10-28,1,Solomon Islands,TKM
PainManagementAdvisor,monitorNetworkLatency,2022-08-06,2,Equatorial Guinea,COG
MedicalBillingAndCoding,updateFirmwareVersions,2022-12-12,1,Slovenia,BEN
DiabetesCareManager,monitorNetworkLatency,2023-10-13,2,Nicaragua,CPV
NeuralNetworkDiagnostics,optimizeDatabaseQueries,2023-07-24,1,French Guiana,ALB
FertilityAndIVFHelper,optimizeDatabaseQueries,2024-12-07,2,French Polynesia,MWI
HospitalRoomAllocationSystem,calculateOptimalPathways,2023-09-08,2,Cambodia,BLR
RadiologyImagingCenter,deploySoftwareUpdates,2023-01-25,1,Eritrea,CHE
MedicalEducationSimulator,simulateLoadBalancing,2022-04-20,2,Saudi Arabia,BHS
MedicalBillingAndCoding,analyzeServerPerformance,2024-06-05,1,American Samoa,GIN
OrthopedicProcedureSimulator,cleanTemporaryFiles,2023-07-19,2,Guinea,VEN
NutritionAndDietPlanner,cleanTemporaryFiles,2024-09-20,1,Antigua and Barbuda,ARE
TelemedicineConsultationPortal,configureVirtualMachines,2023-08-18,1,Dominican Republic,KOR
ImmunologyResponseEvaluator,manageResourceAllocation,2024-04-12,2,Lesotho,TKL
NeurosurgeryNavigationSystem,makeBooleanOperationsToFibulaSurgicalGuideBase,2023-01-18,2,Estonia,WLF
RadiologyImagingCenter,auditSecurityCompliance,2024-09-27,1,Sweden,VUT
HealthcareComplianceMonitor,sendFunctionCountToServer,2022-09-25,2,Switzerland,LTU
InfectiousDiseaseMapper,restoreArchivedData,2024-10-03,2,Portugal,AUT
ENTProcedureGuide,makeBooleanOperationsToFibulaSurgicalGuideBase,2023-01-25,2,"Taiwan, Province of China",AFG
GastrointestinalTracker,sendFunctionCountToServer,2023-03-02,1,Central African Republic,SLE
MedicalResearchDatabase,onGenerateFibulaPlanesTimerTimeout,2023-12-09,2,Spain,PSE
SurgicalInstrumentTracker,monitorNetworkLatency,2022-02-26,1,Réunion,QAT
FitnessAndWellnessGuide,manageResourceAllocation,2023-05-14,1,New Caledonia,TCD
SleepDisorderAnalyzer,sendFunctionCountToServer,2022-06-03,1,Svalbard and Jan Mayen,MNE
NeuralNetworkDiagnostics,calculateOptimalPathways,2024-05-22,2,France,MHL
ENTProcedureGuide,validateUserPermissions,2024-08-03,2,Switzerland,UZB
TelemedicineConsultationPortal,verifyDataIntegrity,2023-09-25,2,Mexico,MWI
EndocrineHealthMonitor,reportSystemHealthStatus,2024-07-14,2,Cuba,ARE
RadiologyImagingCenter,monitorNetworkLatency,2023-06-23,1,Malawi,SAU
SleepDisorderAnalyzer,manageResourceAllocation,2023-03-23,1,Oman,NFK
ENTProcedureGuide,verifyDataIntegrity,2023-06-02,2,Azerbaijan,MDA
MedicalBillingAndCoding,scheduleSystemBackups,2023-09-28,1,Belize,PCN
ObstetricsLaborTracker,updateFirmwareVersions,2022-12-14,1,Cuba,GUY
CardiovascularAssessmentTool,trackApplicationDependencies,2024-05-14,1,Mexico,EST
DiabetesCareManager,restoreArchivedData,2024-08-25,2,Montenegro,YEM
FitnessAndWellnessGuide,monitorNetworkLatency,2022-03-20,1,Mayotte,BRN
NeurosurgeryNavigationSystem,restoreArchivedData,2023-03-01,2,Israel,QAT
PediatricCareAssistant,verifyDataIntegrity,2023-03-27,2,Heard Island and McDonald Islands,UZB
MedicalEducationSimulator,updateFirmwareVersions,2023-11-28,2,Congo,ATF
PharmacyInventoryManager,onGenerateFibulaPlanesTimerTimeout,2024-10-05,1,Dominican Republic,UGA
OphthalmologyVisionAnalyzer,sendFunctionCountToServer,2022-07-30,1,Comoros,TTO
PainManagementAdvisor,calculateOptimalPathways,2024-09-12,2,Morocco,FLK
ENTProcedureGuide,optimizeDatabaseQueries,2022-11-10,2,Mozambique,BLM
ENTProcedureGuide,restoreArchivedData,2024-05-06,1,Cook Islands,CHN
InfectiousDiseaseMapper,verifyDataIntegrity,2022-02-17,1,Fiji,CAF
SubstanceAbuseCounselor,generateEncryptionKeys,2023-05-11,1,Lesotho,MSR
DiabetesCareManager,simulateLoadBalancing,2024-01-08,1,Seychelles,EST
HealthcareComplianceMonitor,manageResourceAllocation,2023-12-09,2,Kyrgyzstan,GNQ
AmbulanceDispatchSystem,analyzeServerPerformance,2024-07-14,1,Japan,COK
DermatologyTreatmentPlanner,trackApplicationDependencies,2024-12-04,1,Panama,COL
GeriatricCarePlanner,auditSecurityCompliance,2023-08-12,1,Curaçao,FLK
OncologyTreatmentOptimizer,deploySoftwareUpdates,2024-01-04,2,Latvia,SHN
ClinicalTrialManager,validateUserPermissions,2023-05-22,1,Burkina Faso,ISL
RadiologyImagingCenter,trackApplicationDependencies,2023-04-15,1,Bangladesh,GUM
MedicalBillingAndCoding,simulateLoadBalancing,2023-05-12,2,Belarus,THA
SportsInjuryPreventor,calculateOptimalPathways,2024-12-14,1,Niger,SVN
SleepDisorderAnalyzer,updateFirmwareVersions,2023-07-08,1,South Korea,HTI
HealthcarePolicyLibrary,verifyDataIntegrity,2022-02-23,2,Guinea-Bissau,AUT
ENTProcedureGuide,simulateLoadBalancing,2024-06-01,1,Anguilla,MLI
OrthopedicProcedureSimulator,sendFunctionCountToServer,2024-04-08,1,Paraguay,PSE
DermatologyTreatmentPlanner,configureVirtualMachines,2023-01-24,1,Serbia,TCD
OphthalmologyVisionAnalyzer,onGenerateFibulaPlanesTimerTimeout,2022-03-12,2,Nepal,PHL
GeneticDisorderExplorer,trackApplicationDependencies,2023-11-21,1,Faroe Islands,BMU
PatientEngagementHub,onGenerateFibulaPlanesTimerTimeout,2022-03-16,1,South Sudan,SOM
ENTProcedureGuide,monitorNetworkLatency,2023-02-11,1,Papua New Guinea,AZE
SurgicalInstrumentTracker,archiveOldLogFiles,2024-08-26,2,Wallis and Futuna,BDI
NutritionAndDietPlanner,cleanTemporaryFiles,2023-05-16,1,Namibia,RUS
MentalHealthTherapyAssistant,auditSecurityCompliance,2024-10-01,1,Finland,GIN
FertilityAndIVFHelper,optimizeDatabaseQueries,2023-10-11,1,Mauritius,GEO
AmbulanceDispatchSystem,makeBooleanOperationsToFibulaSurgicalGuideBase,2022-12-22,1,Mozambique,BHS
DiabetesCareManager,configureVirtualMachines,2024-04-22,1,Nepal,BOL
MedicalBillingAndCoding,restoreArchivedData,2023-03-06,2,Jordan,AZE
ENTProcedureGuide,auditSecurityCompliance,2024-08-09,2,Cayman Islands,NPL
HealthcarePolicyLibrary,initializeSystemDiagnostics,2023-05-02,2,Lebanon,AUS
PatientFeedbackAnalyzer,optimizeDatabaseQueries,2022-04-12,2,El Salvador,USA
WoundCareToolkit,analyzeServerPerformance,2023-11-12,1,Belarus,PER
EmergencyResponseCoordinator,simulateLoadBalancing,2024-03-30,1,Christmas Island,GMB
PulmonaryFunctionTester,makeBooleanOperationsToFibulaSurgicalGuideBase,2023-08-31,1,Kiribati,FJI
PatientFeedbackAnalyzer,configureVirtualMachines,2024-11-02,1,Côte d'Ivoire,LBY
InfectiousDiseaseMapper,updateFirmwareVersions,2024-10-01,2,Burkina Faso,SXM
GeriatricCarePlanner,cleanTemporaryFiles,2024-06-03,1,South Korea,TTO
PatientFeedbackAnalyzer,generateEncryptionKeys,2024-09-08,1,Dominican Republic,NRU
MentalHealthTherapyAssistant,monitorNetworkLatency,2023-01-27,1,Bouvet Island,SAU
DiabetesCareManager,calculateOptimalPathways,2024-08-18,1,Åland Islands,GUF
SleepDisorderAnalyzer,initializeSystemDiagnostics,2023-09-12,1,Nicaragua,ERI
ENTProcedureGuide,analyzeServerPerformance,2024-10-18,2,Sweden,SGS
PharmacyInventoryManager,generateEncryptionKeys,2024-06-26,2,Bahrain,GAB
PulmonaryFunctionTester,auditSecurityCompliance,2022-12-28,2,Japan,CUW
RadiologyImagingCenter,reportSystemHealthStatus,2024-06-12,2,Lithuania,STP
NeuralNetworkDiagnostics,sendFunctionCountToServer,2024-11-20,2,Andorra,NFK
DermatologyTreatmentPlanner,simulateLoadBalancing,2022-11-08,1,Mauritania,MAF
MedicalBillingAndCoding,configureVirtualMachines,2023-03-16,1,Gambia,SGP
DentalHealthProfiler,verifyDataIntegrity,2024-05-22,2,Norway,ABW
CardiovascularAssessmentTool,reportSystemHealthStatus,2022-01-22,1,Jamaica,HMD
AllergyReactionTracker,scheduleSystemBackups,2022-03-05,2,Lesotho,VGB
MedicalWasteManagement,generateEncryptionKeys,2024-03-30,2,Poland,BVT
GastrointestinalTracker,generateEncryptionKeys,2023-02-26,2,Mali,PRT
HealthcareComplianceMonitor,configureVirtualMachines,2022-03-15,1,Tajikistan,SLB
DentalHealthProfiler,manageResourceAllocation,2023-02-06,1,Monaco,BRN
DermatologyTreatmentPlanner,onGenerateFibulaPlanesTimerTimeout,2024-01-25,1,Guinea,PRY
PatientFeedbackAnalyzer,archiveOldLogFiles,2023-03-30,2,Guam,CIV
OphthalmologyVisionAnalyzer,trackApplicationDependencies,2022-06-28,1,Mexico,MUS
DiabetesCareManager,onGenerateFibulaPlanesTimerTimeout,2023-08-15,2,Bulgaria,IRN
FertilityAndIVFHelper,calculateOptimalPathways,2023-11-27,1,Réunion,PRY
ClinicalTrialManager,manageResourceAllocation,2022-01-15,2,Fiji,TJK
NeuralNetworkDiagnostics,simulateLoadBalancing,2023-04-02,2,New Zealand,GRC
InfectiousDiseaseMapper,initializeSystemDiagnostics,2022-09-07,2,Nepal,MNG
MedicalEducationSimulator,simulateLoadBalancing,2022-08-26,1,Belize,AUT
MedicalEducationSimulator,archiveOldLogFiles,2023-06-28,2,Canada,KOR
BloodPressureRegulator,archiveOldLogFiles,2024-01-29,2,Dominican Republic,ESP
MedicalWasteManagement,sendFunctionCountToServer,2023-05-23,1,Puerto Rico,BOL
HematologyAnalyzer,validateUserPermissions,2022-11-27,2,Cabo Verde,UKR
HospitalRoomAllocationSystem,reportSystemHealthStatus,2024-06-20,2,Tunisia,GLP
SleepDisorderAnalyzer,scheduleSystemBackups,2023-10-26,1,Pakistan,DNK
HematologyAnalyzer,archiveOldLogFiles,2024-03-11,2,Finland,TWN
ImmunologyResponseEvaluator,verifyDataIntegrity,2022-05-23,2,Morocco,PYF
NutritionAndDietPlanner,auditSecurityCompliance,2022-07-26,1,Viet Nam,VCT
EndocrineHealthMonitor,auditSecurityCompliance,2024-01-13,2,Western Sahara,VEN
SleepDisorderAnalyzer,optimizeDatabaseQueries,2023-05-22,2,Isle of Man,BVT
BloodPressureRegulator,deploySoftwareUpdates,2023-03-29,1,Lithuania,SXM
PulmonaryFunctionTester,verifyDataIntegrity,2024-03-03,2,Anguilla,ETH
HospitalRoomAllocationSystem,onGenerateFibulaPlanesTimerTimeout,2022-06-25,2,Spain,SSD
SleepDisorderAnalyzer,onGenerateFibulaPlanesTimerTimeout,2023-01-05,2,Cameroon,TZA
CardiovascularAssessmentTool,configureVirtualMachines,2024-07-20,1,Cayman Islands,BHS
UrologyManagementSystem,reportSystemHealthStatus,2023-01-25,2,Montserrat,ABW
MedicalBillingAndCoding,simulateLoadBalancing,2022-03-30,1,Uzbekistan,POL
OphthalmologyVisionAnalyzer,sendFunctionCountToServer,2023-08-29,1,Angola,DZA
OphthalmologyVisionAnalyzer,generateEncryptionKeys,2022-01-17,2,Senegal,MWI
InfectiousDiseaseMapper,optimizeDatabaseQueries,2022-09-07,2,Togo,UMI
ImmunologyResponseEvaluator,makeBooleanOperationsToFibulaSurgicalGuideBase,2024-02-25,2,Micronesia,ZAF
PatientFeedbackAnalyzer,reportSystemHealthStatus,2024-01-21,1,Chile,DNK
HematologyAnalyzer,restoreArchivedData,2022-01-15,2,Luxembourg,ZWE
MentalHealthTherapyAssistant,updateFirmwareVersions,2022-08-23,2,Mauritius,YEM
RadiologyImagingCenter,trackApplicationDependencies,2022-08-16,1,Jersey,ATF
MedicalResearchDatabase,trackApplicationDependencies,2024-02-11,1,Jamaica,LIE
PatientFeedbackAnalyzer,validateUserPermissions,2023-12-25,2,Netherlands,HKG
PatientFeedbackAnalyzer,updateFirmwareVersions,2023-11-11,1,Ethiopia,OMN
PainManagementAdvisor,makeBooleanOperationsToFibulaSurgicalGuideBase,2022-02-24,1,Holy See,SYC
GeneticDisorderExplorer,generateEncryptionKeys,2023-01-18,1,Martinique,FIN
PainManagementAdvisor,monitorNetworkLatency,2022-10-06,2,Tunisia,MDV
AllergyReactionTracker,trackApplicationDependencies,2022-09-21,1,United Kingdom,SEN
EmergencyResponseCoordinator,configureVirtualMachines,2023-03-14,2,Australia,CAF
DiabetesCareManager,validateUserPermissions,2022-05-14,2,Heard Island and McDonald Islands,UGA
MedicalWasteManagement,makeBooleanOperationsToFibulaSurgicalGuideBase,2024-12-13,2,Japan,LVA
HealthcarePolicyLibrary,optimizeDatabaseQueries,2024-12-29,2,Nicaragua,LKA
SurgicalInstrumentTracker,onGenerateFibulaPlanesTimerTimeout,2023-07-14,1,Marshall Islands,IRQ
SubstanceAbuseCounselor,simulateLoadBalancing,2022-03-23,2,Poland,ZWE
PatientEngagementHub,initializeSystemDiagnostics,2023-08-08,2,Isle of Man,FJI
OncologyTreatmentOptimizer,configureVirtualMachines,2022-05-05,2,New Zealand,CRI
InfectiousDiseaseMapper,reportSystemHealthStatus,2023-08-09,2,Fiji,JEY
SleepDisorderAnalyzer,simulateLoadBalancing,2024-09-16,2,Djibouti,GEO
NeurosurgeryNavigationSystem,deploySoftwareUpdates,2023-01-02,2,Virgin Islands (U.S.),LSO
ObstetricsLaborTracker,cleanTemporaryFiles,2023-07-26,1,Zimbabwe,NLD
SurgicalInstrumentTracker,deploySoftwareUpdates,2023-04-10,1,Algeria,GTM
AllergyReactionTracker,simulateLoadBalancing,2022-05-25,1,Mongolia,IDN
ClinicalTrialManager,configureVirtualMachines,2023-08-04,1,Italy,CIV
DermatologyTreatmentPlanner,scheduleSystemBackups,2022-04-02,1,Fiji,VAT
AmbulanceDispatchSystem,sendFunctionCountToServer,2022-03-12,2,Comoros,TUR
OncologyTreatmentOptimizer,auditSecurityCompliance,2024-04-28,2,Burundi,PCN
MedicalEducationSimulator,optimizeDatabaseQueries,2023-10-04,1,Zimbabwe,SWE
EmergencyResponseCoordinator,generateEncryptionKeys,2024-07-28,2,Burkina Faso,AIA
SurgicalInstrumentTracker,trackApplicationDependencies,2023-12-21,1,Timor-Leste,BHS
OrthopedicProcedureSimulator,sendFunctionCountToServer,2024-11-26,1,Indonesia,YEM
RehabilitationExercisePlanner,validateUserPermissions,2024-10-07,2,Bolivia,STP
FertilityAndIVFHelper,optimizeDatabaseQueries,2023-01-05,2,Maldives,NRU
PainManagementAdvisor,makeBooleanOperationsToFibulaSurgicalGuideBase,2023-11-06,1,Togo,ISL
SleepDisorderAnalyzer,optimizeDatabaseQueries,2022-06-22,1,Costa Rica,AND
VaccineAdministrationLog,updateFirmwareVersions,2024-02-08,2,Kuwait,AZE
HealthcarePolicyLibrary,trackApplicationDependencies,2022-02-19,2,Djibouti,NRU
ClinicalTrialManager,makeBooleanOperationsToFibulaSurgicalGuideBase,2024-04-16,2,Canada,THA
MedicalBillingAndCoding,restoreArchivedData,2024-04-17,1,Peru,MYS
GastrointestinalTracker,restoreArchivedData,2022-06-10,1,Venezuela,GIB
OphthalmologyVisionAnalyzer,generateEncryptionKeys,2024-07-25,1,Brunei Darussalam,FRO
GeneticDisorderExplorer,reportSystemHealthStatus,2024-12-28,2,Isle of Man,TKL
OncologyTreatmentOptimizer,updateFirmwareVersions,2022-10-08,2,Somalia,CRI
UrologyManagementSystem,sendFunctionCountToServer,2022-11-11,1,Uzbekistan,TKM
VaccineAdministrationLog,calculateOptimalPathways,2022-02-26,1,North Korea,AZE
DermatologyTreatmentPlanner,configureVirtualMachines,2023-06-16,1,Gambia,KOR
MentalHealthTherapyAssistant,archiveOldLogFiles,2023-09-19,2,Christmas Island,PRY
OncologyTreatmentOptimizer,auditSecurityCompliance,2023-02-11,1,Uganda,BES
HealthcareComplianceMonitor,makeBooleanOperationsToFibulaSurgicalGuideBase,2022-04-12,1,South Georgia and the South Sandwich Islands,CHN
UrologyManagementSystem,reportSystemHealthStatus,2024-08-16,2,Dominica,QAT
TelemedicineConsultationPortal,trackApplicationDependencies,2023-08-11,2,Vanuatu,MSR
PatientEngagementHub,auditSecurityCompliance,2022-01-25,2,Indonesia,KNA
MedicalResearchDatabase,calculateOptimalPathways,2022-05-28,2,Cambodia,GMB
PatientEngagementHub,verifyDataIntegrity,2024-08-12,1,Bahamas,KIR
OphthalmologyVisionAnalyzer,updateFirmwareVersions,2023-04-20,1,Ireland,GNB
EndocrineHealthMonitor,restoreArchivedData,2024-05-19,2,Cyprus,MEX
SubstanceAbuseCounselor,verifyDataIntegrity,2023-08-03,2,Isle of Man,ASM
ClinicalTrialManager,archiveOldLogFiles,2023-05-21,2,Grenada,ESP
DentalHealthProfiler,configureVirtualMachines,2024-07-15,1,Mexico,BRB
CardiovascularAssessmentTool,cleanTemporaryFiles,2024-10-16,2,Saint Kitts and Nevis,FLK
DentalHealthProfiler,auditSecurityCompliance,2024-03-22,1,Saint Lucia,USA
SleepDisorderAnalyzer,scheduleSystemBackups,2022-07-23,2,Marshall Islands,VGB
HematologyAnalyzer,verifyDataIntegrity,2022-06-29,1,Nicaragua,PHL
EndocrineHealthMonitor,generateEncryptionKeys,2023-08-11,2,Australia,ESP
SleepDisorderAnalyzer,onGenerateFibulaPlanesTimerTimeout,2022-08-14,1,India,THA
BloodPressureRegulator,archiveOldLogFiles,2024-01-30,1,French Southern Territories,HRV
InfectiousDiseaseMapper,verifyDataIntegrity,2024-01-31,2,Grenada,ISL
SleepDisorderAnalyzer,initializeSystemDiagnostics,2022-06-02,2,Grenada,RWA
EndocrineHealthMonitor,validateUserPermissions,2023-01-04,1,Botswana,ALA
OncologyTreatmentOptimizer,reportSystemHealthStatus,2022-06-15,2,Cameroon,FRO
ClinicalTrialManager,restoreArchivedData,2024-02-18,1,Israel,ETH
PatientFeedbackAnalyzer,trackApplicationDependencies,2023-05-04,1,Malaysia,CCK
ClinicalTrialManager,cleanTemporaryFiles,2022-10-20,1,Central African Republic,ECU
MedicalWasteManagement,onGenerateFibulaPlanesTimerTimeout,2024-07-20,2,Croatia,GNQ
CardiovascularAssessmentTool,configureVirtualMachines,2024-07-20,2,Saint Martin (French part),IOT
HealthcareComplianceMonitor,validateUserPermissions,2022-09-26,2,Isle of Man,BDI
GastrointestinalTracker,sendFunctionCountToServer,2024-07-02,2,Austria,DJI
NeurosurgeryNavigationSystem,cleanTemporaryFiles,2024-11-13,1,Qatar,PSE
ENTProcedureGuide,verifyDataIntegrity,2024-02-11,1,Niger,CXR
MedicalBillingAndCoding,cleanTemporaryFiles,2024-08-06,1,French Southern Territories,JOR
MedicalResearchDatabase,makeBooleanOperationsToFibulaSurgicalGuideBase,2024-08-19,2,French Polynesia,SYC
ObstetricsLaborTracker,makeBooleanOperationsToFibulaSurgicalGuideBase,2023-09-02,2,Australia,TUR
SportsInjuryPreventor,validateUserPermissions,2024-02-29,2,Sao Tome and Principe,ETH
FertilityAndIVFHelper,analyzeServerPerformance,2022-07-01,2,Thailand,ESH
BloodPressureRegulator,analyzeServerPerformance,2022-06-20,1,El Salvador,NGA
PainManagementAdvisor,scheduleSystemBackups,2024-05-03,2,Bolivia,LBR
SportsInjuryPreventor,initializeSystemDiagnostics,2024-04-02,2,Ukraine,AUS
GeriatricCarePlanner,cleanTemporaryFiles,2023-12-27,2,Finland,GIN
BloodPressureRegulator,cleanTemporaryFiles,2023-11-02,2,Kazakhstan,GRC
GastrointestinalTracker,configureVirtualMachines,2022-10-21,1,Austria,SHN
PediatricCareAssistant,simulateLoadBalancing,2024-01-24,2,Northern Mariana Islands,MSR
EmergencyResponseCoordinator,generateEncryptionKeys,2023-09-25,2,Tokelau,ETH
HealthcarePolicyLibrary,cleanTemporaryFiles,2022-12-02,2,Mozambique,LAO
OphthalmologyVisionAnalyzer,cleanTemporaryFiles,2023-06-11,1,Micronesia,MDV
FertilityAndIVFHelper,simulateLoadBalancing,2023-09-07,1,Niue,FLK
PulmonaryFunctionTester,restoreArchivedData,2022-03-14,1,Martinique,CIV
CardiovascularAssessmentTool,onGenerateFibulaPlanesTimerTimeout,2024-08-21,2,Belize,LUX
ObstetricsLaborTracker,verifyDataIntegrity,2022-07-24,1,Holy See,FJI
PatientFeedbackAnalyzer,trackApplicationDependencies,2023-06-27,2,Northern Mariana Islands,FLK
VaccineAdministrationLog,onGenerateFibulaPlanesTimerTimeout,2024-02-13,1,"Bonaire, Sint Eustatius and Saba",SEN
ENTProcedureGuide,reportSystemHealthStatus,2023-11-09,2,India,MKD
MedicalEducationSimulator,scheduleSystemBackups,2022-07-23,1,Cook Islands,MNE
PharmacyInventoryManager,deploySoftwareUpdates,2024-08-05,1,Guinea,TTO
PatientFeedbackAnalyzer,simulateLoadBalancing,2022-02-01,1,Fiji,ATG
NeuralNetworkDiagnostics,restoreArchivedData,2024-12-15,1,Bolivia,GLP
PatientFeedbackAnalyzer,trackApplicationDependencies,2022-07-28,2,Niger,EST
OrthopedicProcedureSimulator,initializeSystemDiagnostics,2023-12-07,2,Qatar,VGB
HealthcarePolicyLibrary,initializeSystemDiagnostics,2022-06-15,2,Niue,MEX
DiabetesCareManager,initializeSystemDiagnostics,2023-06-30,1,"Taiwan, Province of China",AIA
MedicalResearchDatabase,simulateLoadBalancing,2023-08-07,1,Liberia,PAN
FitnessAndWellnessGuide,initializeSystemDiagnostics,2023-06-03,1,Bahamas,MNG
PediatricCareAssistant,makeBooleanOperationsToFibulaSurgicalGuideBase,2024-11-23,1,Guyana,SLV
MedicalWasteManagement,scheduleSystemBackups,2022-10-23,1,Liberia,CXR
GastrointestinalTracker,updateFirmwareVersions,2023-11-21,2,Yemen,TON
SubstanceAbuseCounselor,reportSystemHealthStatus,2024-06-18,1,Mexico,DNK
OphthalmologyVisionAnalyzer,validateUserPermissions,2024-08-01,2,Kiribati,GUM
EmergencyResponseCoordinator,scheduleSystemBackups,2023-10-01,1,Samoa,CHN
CardiovascularAssessmentTool,optimizeDatabaseQueries,2023-07-18,1,Georgia,KOR
WoundCareToolkit,configureVirtualMachines,2023-05-18,2,Cabo Verde,ISL
UrologyManagementSystem,updateFirmwareVersions,2024-05-14,2,Antarctica,SPM
OncologyTreatmentOptimizer,optimizeDatabaseQueries,2023-08-15,2,Isle of Man,HRV
InfectiousDiseaseMapper,analyzeServerPerformance,2022-11-01,1,Montserrat,DJI
SleepDisorderAnalyzer,onGenerateFibulaPlanesTimerTimeout,2023-04-29,2,San Marino,ESH
MedicalBillingAndCoding,cleanTemporaryFiles,2024-07-31,2,Canada,LUX
UrologyManagementSystem,optimizeDatabaseQueries,2022-01-22,2,Moldova,KWT
HematologyAnalyzer,auditSecurityCompliance,2023-01-02,1,Romania,HUN
MedicalBillingAndCoding,generateEncryptionKeys,2023-07-17,2,India,TUR
DiabetesCareManager,optimizeDatabaseQueries,2022-07-25,2,Palau,MNP
SportsInjuryPreventor,manageResourceAllocation,2023-03-05,2,Pakistan,PER
FertilityAndIVFHelper,reportSystemHealthStatus,2022-02-01,1,Benin,THA
GeneticDisorderExplorer,analyzeServerPerformance,2023-01-09,1,Colombia,LTU
FitnessAndWellnessGuide,calculateOptimalPathways,2023-07-14,1,"Bonaire, Sint Eustatius and Saba",MKD
ENTProcedureGuide,configureVirtualMachines,2024-11-14,1,Congo,MCO
MedicalBillingAndCoding,simulateLoadBalancing,2023-10-25,1,Georgia,MOZ
MentalHealthTherapyAssistant,cleanTemporaryFiles,2024-05-11,1,Madagascar,EGY
DentalHealthProfiler,reportSystemHealthStatus,2022-03-01,1,Guam,TGO
DiabetesCareManager,optimizeDatabaseQueries,2022-09-10,2,"Bonaire, Sint Eustatius and Saba",KNA
NutritionAndDietPlanner,initializeSystemDiagnostics,2023-08-20,1,Jersey,THA
NeuralNetworkDiagnostics,manageResourceAllocation,2023-04-15,1,Aruba,BIH
PharmacyInventoryManager,optimizeDatabaseQueries,2022-11-17,1,Guinea,CUW
UrologyManagementSystem,sendFunctionCountToServer,2023-07-29,2,Togo,ROU
CardiovascularAssessmentTool,analyzeServerPerformance,2022-04-01,1,Tuvalu,AND
GastrointestinalTracker,generateEncryptionKeys,2022-09-18,2,French Guiana,ZWE
RadiologyImagingCenter,deploySoftwareUpdates,2023-05-27,2,Northern Mariana Islands,LBN
RehabilitationExercisePlanner,updateFirmwareVersions,2023-06-01,1,Cambodia,CPV
RehabilitationExercisePlanner,deploySoftwareUpdates,2024-06-05,1,Guinea-Bissau,UZB
TelemedicineConsultationPortal,configureVirtualMachines,2023-07-05,1,Macedonia,FLK
FitnessAndWellnessGuide,calculateOptimalPathways,2023-10-26,1,Kenya,DZA
PulmonaryFunctionTester,onGenerateFibulaPlanesTimerTimeout,2023-10-28,1,Jersey,NRU
OrthopedicProcedureSimulator,configureVirtualMachines,2022-09-21,1,Niger,UMI
NeuralNetworkDiagnostics,optimizeDatabaseQueries,2022-12-30,2,Bouvet Island,SVN
PharmacyInventoryManager,reportSystemHealthStatus,2024-01-10,1,New Zealand,GBR
SportsInjuryPreventor,calculateOptimalPathways,2024-10-17,1,United Kingdom,AZE
FitnessAndWellnessGuide,trackApplicationDependencies,2024-02-21,1,Tonga,SWE
MedicalWasteManagement,onGenerateFibulaPlanesTimerTimeout,2024-07-06,1,Falkland Islands (Malvinas),SMR
RehabilitationExercisePlanner,updateFirmwareVersions,2024-12-29,1,Indonesia,CCK
SportsInjuryPreventor,sendFunctionCountToServer,2024-09-18,2,Vanuatu,TON
BloodPressureRegulator,sendFunctionCountToServer,2024-11-25,2,Venezuela,BRB
OncologyTreatmentOptimizer,makeBooleanOperationsToFibulaSurgicalGuideBase,2022-05-06,1,Uzbekistan,SRB
HematologyAnalyzer,updateFirmwareVersions,2023-08-03,1,North Korea,TTO
DiabetesCareManager,generateEncryptionKeys,2024-01-27,2,Switzerland,ASM
HematologyAnalyzer,scheduleSystemBackups,2024-06-08,1,"Bonaire, Sint Eustatius and Saba",MOZ
SubstanceAbuseCounselor,cleanTemporaryFiles,2024-10-26,1,Holy See,BVT
NeuralNetworkDiagnostics,restoreArchivedData,2023-07-04,2,Kazakhstan,PRY
SleepDisorderAnalyzer,scheduleSystemBackups,2024-02-13,2,Bolivia,AIA
DiabetesCareManager,archiveOldLogFiles,2022-07-21,2,Tuvalu,PAN
ClinicalTrialManager,onGenerateFibulaPlanesTimerTimeout,2022-02-25,1,Isle of Man,VCT
OncologyTreatmentOptimizer,deploySoftwareUpdates,2023-03-24,1,Austria,FLK
EmergencyResponseCoordinator,reportSystemHealthStatus,2024-04-28,1,Georgia,PAK
RadiologyImagingCenter,manageResourceAllocation,2022-02-22,2,Mali,MHL
CardiovascularAssessmentTool,validateUserPermissions,2024-09-21,2,Ghana,FRA
NeurosurgeryNavigationSystem,reportSystemHealthStatus,2024-02-22,1,Heard Island and McDonald Islands,KHM
OrthopedicProcedureSimulator,restoreArchivedData,2024-08-28,1,Tajikistan,AUS
MedicalEducationSimulator,cleanTemporaryFiles,2023-09-04,2,Congo,PLW
CardiovascularAssessmentTool,validateUserPermissions,2023-05-16,2,Chile,MAC
InfectiousDiseaseMapper,generateEncryptionKeys,2022-08-19,2,Virgin Islands (British),DNK
OncologyTreatmentOptimizer,trackApplicationDependencies,2023-04-03,2,Jordan,GIB
GeriatricCarePlanner,onGenerateFibulaPlanesTimerTimeout,2022-06-06,2,Iran,USA
CardiovascularAssessmentTool,generateEncryptionKeys,2024-02-06,2,Curaçao,JAM
GeriatricCarePlanner,verifyDataIntegrity,2023-11-24,2,Indonesia,GIN
EndocrineHealthMonitor,sendFunctionCountToServer,2024-03-12,2,Ecuador,BIH
InfectiousDiseaseMapper,monitorNetworkLatency,2024-07-25,1,Bouvet Island,IRN
PainManagementAdvisor,restoreArchivedData,2024-02-15,1,Norway,PRI
CardiovascularAssessmentTool,archiveOldLogFiles,2023-05-15,2,Réunion,BOL
NeuralNetworkDiagnostics,makeBooleanOperationsToFibulaSurgicalGuideBase,2022-07-09,1,Brunei Darussalam,MTQ
AllergyReactionTracker,verifyDataIntegrity,2022-02-03,2,Benin,ZWE
FitnessAndWellnessGuide,deploySoftwareUpdates,2024-05-09,1,Bangladesh,BFA
GeneticDisorderExplorer,archiveOldLogFiles,2024-06-26,1,Niger,FIN
SportsInjuryPreventor,manageResourceAllocation,2023-04-13,2,Jordan,GEO
AmbulanceDispatchSystem,manageResourceAllocation,2024-07-01,1,Côte d'Ivoire,MCO
WoundCareToolkit,verifyDataIntegrity,2022-12-29,1,Greenland,DOM
NeurosurgeryNavigationSystem,configureVirtualMachines,2024-05-17,2,Togo,MEX
NeurosurgeryNavigationSystem,cleanTemporaryFiles,2024-04-06,2,Denmark,FLK
MedicalEducationSimulator,initializeSystemDiagnostics,2022-08-14,2,Pitcairn,PNG
UrologyManagementSystem,calculateOptimalPathways,2022-04-26,2,Curaçao,BLR
GastrointestinalTracker,validateUserPermissions,2024-09-17,2,Andorra,VUT
SurgicalInstrumentTracker,reportSystemHealthStatus,2023-07-30,1,Jordan,SDN
MentalHealthTherapyAssistant,deploySoftwareUpdates,2023-06-11,1,Guadeloupe,WSM
PediatricCareAssistant,cleanTemporaryFiles,2022-12-04,2,Myanmar,FRO
UrologyManagementSystem,reportSystemHealthStatus,2024-07-30,2,Italy,TON
PatientEngagementHub,initializeSystemDiagnostics,2022-03-24,2,Peru,GRC
CardiovascularAssessmentTool,generateEncryptionKeys,2022-07-02,1,Mozambique,LCA
GeneticDisorderExplorer,trackApplicationDependencies,2023-11-05,2,Turks and Caicos Islands,SLE
RadiologyImagingCenter,sendFunctionCountToServer,2022-12-17,2,Comoros,UMI
PatientFeedbackAnalyzer,auditSecurityCompliance,2024-09-27,2,Tunisia,SYR
PatientEngagementHub,verifyDataIntegrity,2022-06-26,1,Mexico,IDN
DermatologyTreatmentPlanner,monitorNetworkLatency,2022-09-07,1,Mozambique,ZWE
HealthcareComplianceMonitor,onGenerateFibulaPlanesTimerTimeout,2023-05-16,2,Tokelau,STP
OphthalmologyVisionAnalyzer,monitorNetworkLatency,2022-10-03,2,Turks and Caicos Islands,NIC
MentalHealthTherapyAssistant,onGenerateFibulaPlanesTimerTimeout,2022-02-06,2,Paraguay,SAU
HealthcareComplianceMonitor,manageResourceAllocation,2022-02-26,1,Argentina,WSM
MedicalResearchDatabase,updateFirmwareVersions,2022-11-28,1,Romania,CPV
SurgicalInstrumentTracker,verifyDataIntegrity,2022-06-15,1,Liechtenstein,BLZ
MentalHealthTherapyAssistant,validateUserPermissions,2024-09-12,1,Turks and Caicos Islands,HND
RadiologyImagingCenter,trackApplicationDependencies,2023-02-24,1,Kiribati,NPL
RehabilitationExercisePlanner,calculateOptimalPathways,2022-01-02,1,Australia,AUS
OrthopedicProcedureSimulator,updateFirmwareVersions,2024-10-04,2,Malta,NRU
DiabetesCareManager,validateUserPermissions,2024-11-01,2,Martinique,MHL
EmergencyResponseCoordinator,initializeSystemDiagnostics,2024-09-23,2,Cook Islands,SPM
SurgicalInstrumentTracker,verifyDataIntegrity,2024-03-04,2,Vanuatu,FJI
FertilityAndIVFHelper,monitorNetworkLatency,2024-09-26,2,Lebanon,GRD
NutritionAndDietPlanner,onGenerateFibulaPlanesTimerTimeout,2022-08-04,2,Yemen,POL
MedicalWasteManagement,trackApplicationDependencies,2023-04-07,2,Madagascar,SLE
HealthcarePolicyLibrary,makeBooleanOperationsToFibulaSurgicalGuideBase,2023-07-01,2,Nicaragua,NFK
SurgicalInstrumentTracker,updateFirmwareVersions,2022-12-22,2,Greenland,MLT
EndocrineHealthMonitor,updateFirmwareVersions,2022-09-21,2,Ecuador,FSM
EndocrineHealthMonitor,manageResourceAllocation,2022-09-15,2,Malaysia,BEN
PainManagementAdvisor,updateFirmwareVersions,2023-12-04,2,Singapore,AGO
PatientFeedbackAnalyzer,deploySoftwareUpdates,2024-06-17,2,Bulgaria,SXM
RadiologyImagingCenter,onGenerateFibulaPlanesTimerTimeout,2024-07-22,2,Azerbaijan,TKL
HospitalRoomAllocationSystem,simulateLoadBalancing,2024-04-08,2,Panama,MEX
HealthcareComplianceMonitor,initializeSystemDiagnostics,2022-07-18,1,Nauru,SJM
OncologyTreatmentOptimizer,generateEncryptionKeys,2024-06-24,2,South Africa,IRQ
UrologyManagementSystem,cleanTemporaryFiles,2023-08-26,1,Algeria,FLK
HealthcareComplianceMonitor,scheduleSystemBackups,2023-04-15,1,Azerbaijan,STP
SurgicalInstrumentTracker,archiveOldLogFiles,2023-12-21,2,Seychelles,BDI
CardiovascularAssessmentTool,simulateLoadBalancing,2023-08-10,2,Monaco,ERI
NeuralNetworkDiagnostics,manageResourceAllocation,2022-03-11,2,Svalbard and Jan Mayen,KEN
PediatricCareAssistant,configureVirtualMachines,2022-05-03,1,Hong Kong,WSM
FertilityAndIVFHelper,analyzeServerPerformance,2022-02-09,2,Myanmar,HRV
PulmonaryFunctionTester,calculateOptimalPathways,2024-01-14,1,Mexico,MNE
ObstetricsLaborTracker,initializeSystemDiagnostics,2024-03-30,1,Niger,ISL
OncologyTreatmentOptimizer,calculateOptimalPathways,2023-01-16,2,Uzbekistan,HRV
OrthopedicProcedureSimulator,analyzeServerPerformance,2024-03-06,2,Swaziland,KEN
OphthalmologyVisionAnalyzer,scheduleSystemBackups,2022-01-14,1,Svalbard and Jan Mayen,TUR
GeneticDisorderExplorer,monitorNetworkLatency,2023-12-29,2,Maldives,ZWE
PainManagementAdvisor,onGenerateFibulaPlanesTimerTimeout,2023-06-04,1,Spain,NIU
OrthopedicProcedureSimulator,sendFunctionCountToServer,2022-10-07,1,Svalbard and Jan Mayen,GIN
ENTProcedureGuide,verifyDataIntegrity,2022-11-23,2,Suriname,ATF
GeriatricCarePlanner,auditSecurityCompliance,2024-11-29,2,Bouvet Island,TKM
VaccineAdministrationLog,scheduleSystemBackups,2023-07-31,2,Togo,GNB
HealthcarePolicyLibrary,onGenerateFibulaPlanesTimerTimeout,2023-09-09,2,Liberia,LTU
HealthcarePolicyLibrary,deploySoftwareUpdates,2024-08-16,1,Greenland,KIR
ENTProcedureGuide,deploySoftwareUpdates,2024-04-21,2,Saint Helena,RUS
BloodPressureRegulator,trackApplicationDependencies,2024-11-16,1,Niue,POL
HospitalRoomAllocationSystem,cleanTemporaryFiles,2024-09-26,1,Bangladesh,MAF
FitnessAndWellnessGuide,verifyDataIntegrity,2022-03-27,1,Morocco,LCA
OrthopedicProcedureSimulator,manageResourceAllocation,2023-09-26,1,Nicaragua,IDN
NeurosurgeryNavigationSystem,initializeSystemDiagnostics,2023-11-25,2,Ireland,UKR
MedicalBillingAndCoding,onGenerateFibulaPlanesTimerTimeout,2023-12-26,2,Holy See,LAO
MedicalResearchDatabase,monitorNetworkLatency,2022-03-05,1,Costa Rica,SVK
SubstanceAbuseCounselor,onGenerateFibulaPlanesTimerTimeout,2024-07-12,1,Turkmenistan,CMR
InfectiousDiseaseMapper,simulateLoadBalancing,2022-09-15,2,Western Sahara,VUT
RehabilitationExercisePlanner,sendFunctionCountToServer,2023-04-19,2,Nauru,HMD
BloodPressureRegulator,monitorNetworkLatency,2022-09-30,1,Brunei Darussalam,VGB
HealthcareComplianceMonitor,archiveOldLogFiles,2024-11-29,1,Costa Rica,UKR
NutritionAndDietPlanner,verifyDataIntegrity,2022-04-13,2,Saint Helena,MEX
RadiologyImagingCenter,calculateOptimalPathways,2024-08-29,1,"Bonaire, Sint Eustatius and Saba",AZE
OphthalmologyVisionAnalyzer,makeBooleanOperationsToFibulaSurgicalGuideBase,2022-07-02,2,Aruba,VCT
ClinicalTrialManager,auditSecurityCompliance,2022-08-27,1,Luxembourg,ESP
PediatricCareAssistant,archiveOldLogFiles,2023-08-01,1,Viet Nam,SLV
DentalHealthProfiler,manageResourceAllocation,2022-02-13,2,South Africa,TCD
HospitalRoomAllocationSystem,validateUserPermissions,2023-09-29,1,Guadeloupe,BEN
GeriatricCarePlanner,configureVirtualMachines,2023-05-12,1,Luxembourg,AFG
MentalHealthTherapyAssistant,monitorNetworkLatency,2022-05-08,2,Grenada,BVT
FertilityAndIVFHelper,deploySoftwareUpdates,2024-10-12,2,Jamaica,PER
PainManagementAdvisor,generateEncryptionKeys,2024-11-16,2,Finland,MYS
HealthcareComplianceMonitor,initializeSystemDiagnostics,2022-03-17,1,Philippines,CZE
PulmonaryFunctionTester,scheduleSystemBackups,2023-03-23,1,Sri Lanka,KIR
HealthcarePolicyLibrary,monitorNetworkLatency,2022-09-14,2,Belize,MRT
HospitalRoomAllocationSystem,generateEncryptionKeys,2022-11-06,2,Uganda,COG
DermatologyTreatmentPlanner,manageResourceAllocation,2024-08-09,1,Swaziland,CMR
PediatricCareAssistant,cleanTemporaryFiles,2023-12-20,2,Kazakhstan,LTU
DentalHealthProfiler,optimizeDatabaseQueries,2023-09-05,2,Iceland,GTM
ENTProcedureGuide,optimizeDatabaseQueries,2022-03-25,1,Tuvalu,LIE
TelemedicineConsultationPortal,monitorNetworkLatency,2024-10-14,1,Saudi Arabia,CXR
OrthopedicProcedureSimulator,calculateOptimalPathways,2024-03-12,1,Pitcairn,GRL
RehabilitationExercisePlanner,auditSecurityCompliance,2022-12-09,1,Pitcairn,ASM
ObstetricsLaborTracker,cleanTemporaryFiles,2024-04-19,1,Paraguay,MNP
HospitalRoomAllocationSystem,trackApplicationDependencies,2024-02-16,2,Tonga,AND
OrthopedicProcedureSimulator,trackApplicationDependencies,2024-03-26,2,Iraq,NZL
PulmonaryFunctionTester,restoreArchivedData,2023-06-13,2,Congo,NZL
ClinicalTrialManager,monitorNetworkLatency,2022-12-20,2,Martinique,PRY
NeuralNetworkDiagnostics,analyzeServerPerformance,2022-01-26,2,Israel,ESH
OncologyTreatmentOptimizer,sendFunctionCountToServer,2024-01-14,2,Bouvet Island,URY
UrologyManagementSystem,cleanTemporaryFiles,2022-04-24,1,Macao,ISL
PatientFeedbackAnalyzer,auditSecurityCompliance,2022-07-09,2,Rwanda,TCD
OrthopedicProcedureSimulator,scheduleSystemBackups,2024-02-12,2,Canada,SYR
ImmunologyResponseEvaluator,reportSystemHealthStatus,2022-06-30,2,Latvia,AIA
DentalHealthProfiler,calculateOptimalPathways,2022-06-19,2,Virgin Islands (U.S.),BRA
FitnessAndWellnessGuide,auditSecurityCompliance,2022-04-06,1,Puerto Rico,MHL
PharmacyInventoryManager,cleanTemporaryFiles,2024-01-19,1,Ethiopia,NCL
NeuralNetworkDiagnostics,reportSystemHealthStatus,2024-08-28,1,Guinea-Bissau,MTQ
UrologyManagementSystem,analyzeServerPerformance,2023-06-29,1,Maldives,ALA
SleepDisorderAnalyzer,configureVirtualMachines,2023-04-16,1,Qatar,TON
SportsInjuryPreventor,onGenerateFibulaPlanesTimerTimeout,2023-02-23,1,El Salvador,KAZ
PainManagementAdvisor,auditSecurityCompliance,2023-11-18,1,Åland Islands,DOM
SubstanceAbuseCounselor,auditSecurityCompliance,2022-07-16,1,Saint Barthélemy,TJK
ObstetricsLaborTracker,verifyDataIntegrity,2023-10-26,1,Sierra Leone,MLT
GeriatricCarePlanner,sendFunctionCountToServer,2023-04-06,2,American Samoa,ABW
NutritionAndDietPlanner,analyzeServerPerformance,2024-12-28,2,Mayotte,SEN
MedicalWasteManagement,monitorNetworkLatency,2024-12-18,1,French Southern Territories,TUR
HospitalRoomAllocationSystem,validateUserPermissions,2023-06-26,1,Spain,MWI
TelemedicineConsultationPortal,initializeSystemDiagnostics,2023-11-02,2,South Sudan,CIV
OphthalmologyVisionAnalyzer,optimizeDatabaseQueries,2024-07-16,1,Suriname,MNE
MentalHealthTherapyAssistant,onGenerateFibulaPlanesTimerTimeout,2022-02-06,2,Mali,ERI
DermatologyTreatmentPlanner,optimizeDatabaseQueries,2024-12-02,2,Malta,THA
OrthopedicProcedureSimulator,scheduleSystemBackups,2023-07-07,2,El Salvador,SWE
DiabetesCareManager,archiveOldLogFiles,2024-10-31,1,Poland,NOR
PharmacyInventoryManager,manageResourceAllocation,2022-12-28,2,Iraq,CMR
GastrointestinalTracker,generateEncryptionKeys,2022-08-26,1,Germany,ZAF
DentalHealthProfiler,restoreArchivedData,2023-05-10,2,Curaçao,BHR
HematologyAnalyzer,simulateLoadBalancing,2023-01-25,2,Saint Kitts and Nevis,LBY
OphthalmologyVisionAnalyzer,analyzeServerPerformance,2024-08-15,2,Estonia,AZE
HealthcarePolicyLibrary,optimizeDatabaseQueries,2022-12-21,1,Serbia,BIH
ENTProcedureGuide,archiveOldLogFiles,2023-06-30,1,Ghana,UGA
PainManagementAdvisor,analyzeServerPerformance,2024-08-11,1,United States,TKL
PharmacyInventoryManager,restoreArchivedData,2022-11-23,1,Maldives,GMB
DermatologyTreatmentPlanner,updateFirmwareVersions,2023-04-15,1,Mali,SAU
MedicalWasteManagement,trackApplicationDependencies,2023-05-11,2,Sierra Leone,AND
MedicalEducationSimulator,monitorNetworkLatency,2022-10-23,1,Lao People's Democratic Republic,KGZ
CardiovascularAssessmentTool,scheduleSystemBackups,2023-11-21,2,Greece,FLK
MedicalResearchDatabase,configureVirtualMachines,2022-07-06,1,Bosnia and Herzegovina,SVN
PulmonaryFunctionTester,calculateOptimalPathways,2024-09-02,2,Saint Vincent and the Grenadines,BRA
BloodPressureRegulator,simulateLoadBalancing,2023-06-10,1,Greenland,GGY
WoundCareToolkit,restoreArchivedData,2024-06-29,2,Mozambique,MHL
FertilityAndIVFHelper,trackApplicationDependencies,2022-10-14,2,Algeria,TCD
VaccineAdministrationLog,makeBooleanOperationsToFibulaSurgicalGuideBase,2023-01-25,1,Saint Barthélemy,GRL
AmbulanceDispatchSystem,auditSecurityCompliance,2022-04-17,2,Bahrain,CXR
PharmacyInventoryManager,cleanTemporaryFiles,2023-08-04,1,Tanzania,KAZ
RehabilitationExercisePlanner,analyzeServerPerformance,2023-02-17,1,Burundi,JOR
MedicalBillingAndCoding,initializeSystemDiagnostics,2024-12-10,2,Malawi,UKR
PulmonaryFunctionTester,cleanTemporaryFiles,2022-05-26,1,Jordan,ATF
GastrointestinalTracker,generateEncryptionKeys,2022-04-03,2,Finland,BFA
PainManagementAdvisor,configureVirtualMachines,2024-12-03,1,Denmark,ESP
CardiovascularAssessmentTool,deploySoftwareUpdates,2024-06-01,2,Falkland Islands (Malvinas),CAF
OphthalmologyVisionAnalyzer,verifyDataIntegrity,2024-12-14,2,Guinea,CYM
EmergencyResponseCoordinator,monitorNetworkLatency,2022-05-31,1,Ghana,WLF
EndocrineHealthMonitor,sendFunctionCountToServer,2024-12-16,2,Samoa,IRQ
OphthalmologyVisionAnalyzer,scheduleSystemBackups,2022-04-01,1,Madagascar,KWT
MedicalResearchDatabase,restoreArchivedData,2024-10-18,1,Morocco,PRT
ObstetricsLaborTracker,makeBooleanOperationsToFibulaSurgicalGuideBase,2024-02-28,1,British Indian Ocean Territory,SLB
GeriatricCarePlanner,optimizeDatabaseQueries,2024-08-31,1,Pitcairn,STP
MedicalBillingAndCoding,configureVirtualMachines,2023-04-15,1,Jamaica,VCT
NeurosurgeryNavigationSystem,archiveOldLogFiles,2022-04-03,1,Estonia,AUT
NeuralNetworkDiagnostics,restoreArchivedData,2024-08-09,2,South Africa,UZB
MentalHealthTherapyAssistant,auditSecurityCompliance,2022-11-25,1,Haiti,LKA
OphthalmologyVisionAnalyzer,monitorNetworkLatency,2022-07-18,1,French Guiana,BHR
NeuralNetworkDiagnostics,archiveOldLogFiles,2023-04-28,2,Brunei Darussalam,NGA
HealthcarePolicyLibrary,optimizeDatabaseQueries,2024-12-09,1,Oman,CMR
AllergyReactionTracker,analyzeServerPerformance,2024-01-31,1,Kuwait,ALB
EndocrineHealthMonitor,monitorNetworkLatency,2023-07-28,1,Denmark,TUV
ImmunologyResponseEvaluator,cleanTemporaryFiles,2024-07-14,1,Colombia,FSM
MedicalWasteManagement,scheduleSystemBackups,2024-07-01,2,Moldova,SGS
HealthcarePolicyLibrary,generateEncryptionKeys,2024-01-11,1,Puerto Rico,SGP
ClinicalTrialManager,calculateOptimalPathways,2024-03-13,1,Slovenia,GMB
ObstetricsLaborTracker,monitorNetworkLatency,2024-03-22,2,Uruguay,SWZ
EmergencyResponseCoordinator,sendFunctionCountToServer,2024-05-16,1,Lithuania,SAU
BloodPressureRegulator,trackApplicationDependencies,2024-10-08,2,Guadeloupe,SSD
FertilityAndIVFHelper,sendFunctionCountToServer,2024-01-17,1,Bouvet Island,NOR
HealthcareComplianceMonitor,archiveOldLogFiles,2024-05-02,1,Albania,MTQ
HematologyAnalyzer,restoreArchivedData,2023-03-16,2,Panama,FRA
ImmunologyResponseEvaluator,configureVirtualMachines,2022-11-02,1,Bahrain,HUN
OphthalmologyVisionAnalyzer,manageResourceAllocation,2022-02-10,2,Nepal,ATA
SubstanceAbuseCounselor,validateUserPermissions,2023-01-26,2,Saint Helena,IRL
MentalHealthTherapyAssistant,monitorNetworkLatency,2024-08-20,2,Saint Lucia,SGP
InfectiousDiseaseMapper,calculateOptimalPathways,2023-10-15,2,Gibraltar,TZA
DiabetesCareManager,auditSecurityCompliance,2024-06-03,1,Bolivia,ISL
EndocrineHealthMonitor,auditSecurityCompliance,2022-10-09,1,Guinea-Bissau,CUW
VaccineAdministrationLog,restoreArchivedData,2024-11-07,2,Åland Islands,MKD
GeriatricCarePlanner,generateEncryptionKeys,2022-10-21,1,Guernsey,GMB
ObstetricsLaborTracker,archiveOldLogFiles,2023-03-27,2,Kiribati,MYT
MedicalEducationSimulator,sendFunctionCountToServer,2024-04-28,1,Serbia,MEX
DiabetesCareManager,onGenerateFibulaPlanesTimerTimeout,2023-03-08,1,Guyana,KOR
ObstetricsLaborTracker,sendFunctionCountToServer,2022-08-16,2,Comoros,TTO
RehabilitationExercisePlanner,reportSystemHealthStatus,2024-08-22,1,India,PHL
SubstanceAbuseCounselor,scheduleSystemBackups,2023-02-19,2,Somalia,PRK
SleepDisorderAnalyzer,initializeSystemDiagnostics,2023-09-12,1,Peru,CUW
PainManagementAdvisor,verifyDataIntegrity,2024-11-19,1,Brunei Darussalam,BVT
MedicalEducationSimulator,configureVirtualMachines,2023-10-14,2,Cayman Islands,HTI
PediatricCareAssistant,generateEncryptionKeys,2024-01-12,2,Fiji,COG
SurgicalInstrumentTracker,restoreArchivedData,2022-03-31,2,South Georgia and the South Sandwich Islands,CUB
HealthcareComplianceMonitor,auditSecurityCompliance,2024-05-31,1,Benin,JAM
HospitalRoomAllocationSystem,updateFirmwareVersions,2023-12-26,2,Pakistan,UMI
AmbulanceDispatchSystem,deploySoftwareUpdates,2023-11-25,2,Iran,KIR
NeuralNetworkDiagnostics,manageResourceAllocation,2024-09-27,1,Zimbabwe,SRB
MedicalResearchDatabase,sendFunctionCountToServer,2024-05-05,1,Japan,BEN
OrthopedicProcedureSimulator,reportSystemHealthStatus,2023-02-14,1,Saudi Arabia,KNA
MedicalResearchDatabase,restoreArchivedData,2022-07-07,1,Micronesia,GRC
ImmunologyResponseEvaluator,scheduleSystemBackups,2023-06-03,2,Uruguay,PER
OncologyTreatmentOptimizer,sendFunctionCountToServer,2022-04-17,1,Cocos (Keeling) Islands,POL
SubstanceAbuseCounselor,archiveOldLogFiles,2023-07-23,2,Uruguay,GRC
OncologyTreatmentOptimizer,configureVirtualMachines,2024-06-12,1,Guinea,SLB
RehabilitationExercisePlanner,initializeSystemDiagnostics,2022-03-24,1,Indonesia,FSM
NeurosurgeryNavigationSystem,makeBooleanOperationsToFibulaSurgicalGuideBase,2024-10-30,2,Oman,MLI
EmergencyResponseCoordinator,reportSystemHealthStatus,2022-08-24,1,Cyprus,VGB
PatientEngagementHub,manageResourceAllocation,2024-10-07,2,Svalbard and Jan Mayen,GHA
OphthalmologyVisionAnalyzer,updateFirmwareVersions,2024-11-18,1,Albania,LVA
FitnessAndWellnessGuide,initializeSystemDiagnostics,2024-03-10,1,Bouvet Island,PYF
EndocrineHealthMonitor,makeBooleanOperationsToFibulaSurgicalGuideBase,2023-04-15,1,Suriname,TKM
MedicalEducationSimulator,verifyDataIntegrity,2023-07-27,2,Heard Island and McDonald Islands,GRL
ObstetricsLaborTracker,monitorNetworkLatency,2024-10-06,2,Costa Rica,GRC
NeuralNetworkDiagnostics,restoreArchivedData,2024-10-10,1,Estonia,PYF
HealthcareComplianceMonitor,auditSecurityCompliance,2023-01-10,1,Macedonia,AGO
CardiovascularAssessmentTool,scheduleSystemBackups,2024-01-12,2,Iceland,ATA
OphthalmologyVisionAnalyzer,auditSecurityCompliance,2023-03-22,2,Kazakhstan,MLT
MedicalWasteManagement,manageResourceAllocation,2024-04-10,1,Nepal,VIR
SurgicalInstrumentTracker,validateUserPermissions,2023-05-08,2,Wallis and Futuna,BRA
OphthalmologyVisionAnalyzer,simulateLoadBalancing,2024-02-13,1,Armenia,MYS
ObstetricsLaborTracker,makeBooleanOperationsToFibulaSurgicalGuideBase,2023-01-23,1,Ecuador,POL
OphthalmologyVisionAnalyzer,simulateLoadBalancing,2024-06-28,1,Peru,NLD
VaccineAdministrationLog,cleanTemporaryFiles,2023-01-07,1,Tonga,HMD
RehabilitationExercisePlanner,updateFirmwareVersions,2022-06-16,2,Guatemala,BRB
MentalHealthTherapyAssistant,cleanTemporaryFiles,2024-10-16,1,Togo,PER
MedicalBillingAndCoding,deploySoftwareUpdates,2023-10-03,1,Panama,COG
PainManagementAdvisor,auditSecurityCompliance,2022-08-24,1,Jamaica,TKL
DiabetesCareManager,reportSystemHealthStatus,2022-08-05,2,Greenland,CHN
SleepDisorderAnalyzer,monitorNetworkLatency,2024-02-28,2,Falkland Islands (Malvinas),PHL
DermatologyTreatmentPlanner,simulateLoadBalancing,2022-11-20,2,Cambodia,BDI
MedicalEducationSimulator,trackApplicationDependencies,2023-12-08,2,Cambodia,AZE
MedicalEducationSimulator,manageResourceAllocation,2024-06-04,1,Mayotte,NFK
FertilityAndIVFHelper,optimizeDatabaseQueries,2024-02-01,1,Réunion,SGS
MedicalWasteManagement,simulateLoadBalancing,2022-03-09,2,French Southern Territories,ESH
VaccineAdministrationLog,calculateOptimalPathways,2024-06-03,1,Chile,SGS
FitnessAndWellnessGuide,optimizeDatabaseQueries,2023-11-25,1,Lebanon,NRU
OncologyTreatmentOptimizer,sendFunctionCountToServer,2023-09-09,1,Cambodia,MDV
PatientFeedbackAnalyzer,updateFirmwareVersions,2024-02-15,2,El Salvador,PRT
ClinicalTrialManager,makeBooleanOperationsToFibulaSurgicalGuideBase,2024-07-11,1,Moldova,ISL
GeriatricCarePlanner,restoreArchivedData,2023-02-16,2,Honduras,SJM
HospitalRoomAllocationSystem,analyzeServerPerformance,2024-01-31,2,Switzerland,ZWE
MentalHealthTherapyAssistant,analyzeServerPerformance,2023-10-12,2,Guyana,THA
MedicalEducationSimulator,cleanTemporaryFiles,2024-02-09,1,Ethiopia,ISL
HospitalRoomAllocationSystem,sendFunctionCountToServer,2023-12-08,1,Sudan,VGB
PediatricCareAssistant,configureVirtualMachines,2024-07-07,2,Montserrat,ALB
ImmunologyResponseEvaluator,initializeSystemDiagnostics,2024-03-10,1,Saint Barthélemy,SAU
DentalHealthProfiler,configureVirtualMachines,2024-03-18,1,Niger,THA
MedicalBillingAndCoding,cleanTemporaryFiles,2023-12-01,1,Armenia,SHN
GeneticDisorderExplorer,monitorNetworkLatency,2022-10-06,1,Austria,PNG
PulmonaryFunctionTester,generateEncryptionKeys,2024-05-26,1,Iran,AND
MedicalWasteManagement,deploySoftwareUpdates,2024-05-05,1,Peru,SDN
RehabilitationExercisePlanner,cleanTemporaryFiles,2023-06-10,1,Antigua and Barbuda,NCL
MedicalWasteManagement,scheduleSystemBackups,2024-05-17,2,Barbados,GUY
ObstetricsLaborTracker,makeBooleanOperationsToFibulaSurgicalGuideBase,2023-01-01,1,Iceland,FJI
EndocrineHealthMonitor,manageResourceAllocation,2022-04-28,2,Venezuela,HMD
SportsInjuryPreventor,updateFirmwareVersions,2024-02-28,2,Rwanda,TTO
TelemedicineConsultationPortal,archiveOldLogFiles,2024-05-14,2,Brazil,BEL
ImmunologyResponseEvaluator,reportSystemHealthStatus,2023-12-17,2,Ghana,LBY
MentalHealthTherapyAssistant,makeBooleanOperationsToFibulaSurgicalGuideBase,2024-08-18,2,Madagascar,GEO
NutritionAndDietPlanner,onGenerateFibulaPlanesTimerTimeout,2024-01-16,1,New Zealand,BRN
NutritionAndDietPlanner,scheduleSystemBackups,2024-10-24,2,Malaysia,TCA
HealthcarePolicyLibrary,verifyDataIntegrity,2022-10-15,1,Saint Pierre and Miquelon,TGO
OrthopedicProcedureSimulator,makeBooleanOperationsToFibulaSurgicalGuideBase,2023-10-03,2,Bahamas,PHL
PediatricCareAssistant,sendFunctionCountToServer,2023-10-22,1,Portugal,EST
MedicalWasteManagement,initializeSystemDiagnostics,2024-09-19,2,Morocco,ISL
BloodPressureRegulator,verifyDataIntegrity,2022-04-19,2,Syrian Arab Republic,MTQ
FitnessAndWellnessGuide,analyzeServerPerformance,2023-06-26,2,Armenia,HTI
PulmonaryFunctionTester,restoreArchivedData,2022-07-01,2,Christmas Island,HUN
DentalHealthProfiler,sendFunctionCountToServer,2022-05-27,2,Lao People's Democratic Republic,BOL
NeuralNetworkDiagnostics,auditSecurityCompliance,2022-06-13,1,Hong Kong,ATG
EmergencyResponseCoordinator,trackApplicationDependencies,2022-12-30,2,Singapore,TZA
DiabetesCareManager,calculateOptimalPathways,2022-09-13,1,Ghana,GIN
ImmunologyResponseEvaluator,restoreArchivedData,2023-12-05,2,Kazakhstan,ESP
MedicalEducationSimulator,monitorNetworkLatency,2023-08-30,2,Swaziland,AIA
ClinicalTrialManager,makeBooleanOperationsToFibulaSurgicalGuideBase,2022-12-13,2,Falkland Islands (Malvinas),ISR
CardiovascularAssessmentTool,makeBooleanOperationsToFibulaSurgicalGuideBase,2024-06-28,2,United States,URY
DiabetesCareManager,onGenerateFibulaPlanesTimerTimeout,2022-04-11,1,Poland,GAB
MedicalEducationSimulator,sendFunctionCountToServer,2024-10-31,2,Congo,LKA
EndocrineHealthMonitor,calculateOptimalPathways,2022-04-27,2,Belize,FRA
PediatricCareAssistant,auditSecurityCompliance,2024-06-03,1,Ireland,PNG
SleepDisorderAnalyzer,archiveOldLogFiles,2023-10-13,1,United States Minor Outlying Islands,EGY
FertilityAndIVFHelper,cleanTemporaryFiles,2024-10-21,1,"Palestine, State of",DNK
HealthcarePolicyLibrary,configureVirtualMachines,2023-11-04,2,Lithuania,LBR
ClinicalTrialManager,updateFirmwareVersions,2022-12-18,2,Burundi,MNG
NeurosurgeryNavigationSystem,restoreArchivedData,2024-01-29,1,Togo,LSO
AmbulanceDispatchSystem,generateEncryptionKeys,2024-01-05,1,Indonesia,GUM
AmbulanceDispatchSystem,auditSecurityCompliance,2023-08-24,2,Chile,HRV
OncologyTreatmentOptimizer,onGenerateFibulaPlanesTimerTimeout,2022-02-19,1,Pakistan,MNE
EmergencyResponseCoordinator,manageResourceAllocation,2024-10-05,2,Italy,MYS
GeriatricCarePlanner,deploySoftwareUpdates,2022-02-12,2,Réunion,TZA
MedicalEducationSimulator,restoreArchivedData,2024-12-01,2,Syrian Arab Republic,RWA
DentalHealthProfiler,auditSecurityCompliance,2023-10-01,2,Jordan,CHL
ImmunologyResponseEvaluator,optimizeDatabaseQueries,2024-08-22,1,Sint Maarten (Dutch part),BRB
BloodPressureRegulator,manageResourceAllocation,2023-06-09,1,Martinique,ASM
HealthcareComplianceMonitor,onGenerateFibulaPlanesTimerTimeout,2022-03-05,1,Faroe Islands,ROU
GeriatricCarePlanner,manageResourceAllocation,2023-11-23,2,Egypt,BEN
NeurosurgeryNavigationSystem,trackApplicationDependencies,2023-08-31,1,Benin,SUR
VaccineAdministrationLog,deploySoftwareUpdates,2023-09-19,2,Wallis and Futuna,COL
HealthcarePolicyLibrary,validateUserPermissions,2024-01-14,2,Costa Rica,SYR
EmergencyResponseCoordinator,onGenerateFibulaPlanesTimerTimeout,2024-07-23,1,Hong Kong,GNQ
RehabilitationExercisePlanner,manageResourceAllocation,2022-12-31,1,Virgin Islands (U.S.),HMD
PatientFeedbackAnalyzer,configureVirtualMachines,2022-10-30,1,Bolivia,MNG
PediatricCareAssistant,trackApplicationDependencies,2022-08-30,2,Congo,NGA
PatientFeedbackAnalyzer,scheduleSystemBackups,2022-11-22,2,India,POL
MedicalEducationSimulator,scheduleSystemBackups,2024-04-20,1,Lebanon,BRN
MedicalWasteManagement,deploySoftwareUpdates,2024-08-22,1,Côte d'Ivoire,ROU
ENTProcedureGuide,validateUserPermissions,2022-08-03,1,Andorra,CUW
NeuralNetworkDiagnostics,monitorNetworkLatency,2022-09-11,1,United Arab Emirates,GHA
HealthcareComplianceMonitor,onGenerateFibulaPlanesTimerTimeout,2024-07-24,1,Oman,BEN
EndocrineHealthMonitor,onGenerateFibulaPlanesTimerTimeout,2023-08-15,2,Trinidad and Tobago,CMR
GeriatricCarePlanner,scheduleSystemBackups,2022-07-07,2,Kiribati,SYR
RadiologyImagingCenter,optimizeDatabaseQueries,2024-10-20,2,Paraguay,MDG
NutritionAndDietPlanner,calculateOptimalPathways,2024-07-12,2,Christmas Island,SGP
OphthalmologyVisionAnalyzer,restoreArchivedData,2023-05-15,1,Algeria,PHL
SubstanceAbuseCounselor,deploySoftwareUpdates,2022-08-11,1,Cook Islands,UZB
SleepDisorderAnalyzer,optimizeDatabaseQueries,2022-12-07,1,Guadeloupe,BEL
NeurosurgeryNavigationSystem,calculateOptimalPathways,2022-06-07,1,Puerto Rico,PNG
RehabilitationExercisePlanner,manageResourceAllocation,2023-04-12,1,Montserrat,BES
OncologyTreatmentOptimizer,optimizeDatabaseQueries,2024-12-01,1,Albania,BRA
EndocrineHealthMonitor,restoreArchivedData,2024-03-28,2,American Samoa,ZMB
HealthcareComplianceMonitor,deploySoftwareUpdates,2023-11-02,2,French Guiana,PCN
PatientEngagementHub,deploySoftwareUpdates,2024-04-08,1,Armenia,ARE
ObstetricsLaborTracker,makeBooleanOperationsToFibulaSurgicalGuideBase,2022-07-07,1,Equatorial Guinea,ALB
HematologyAnalyzer,monitorNetworkLatency,2023-10-03,1,Burundi,BRN
PatientFeedbackAnalyzer,analyzeServerPerformance,2022-07-25,1,Gambia,SDN
EndocrineHealthMonitor,generateEncryptionKeys,2022-06-28,1,Gibraltar,CAF
OrthopedicProcedureSimulator,trackApplicationDependencies,2022-07-19,1,Czech Republic,BHS
NeuralNetworkDiagnostics,sendFunctionCountToServer,2023-04-07,1,Uganda,ARG
OrthopedicProcedureSimulator,trackApplicationDependencies,2023-08-07,1,Sierra Leone,HMD
MentalHealthTherapyAssistant,generateEncryptionKeys,2024-12-24,2,"Taiwan, Province of China",CAF
OrthopedicProcedureSimulator,deploySoftwareUpdates,2022-05-31,2,Guinea,FRA
SurgicalInstrumentTracker,trackApplicationDependencies,2023-10-26,1,Nigeria,MYT
MentalHealthTherapyAssistant,makeBooleanOperationsToFibulaSurgicalGuideBase,2024-08-22,2,Northern Mariana Islands,KIR
NutritionAndDietPlanner,sendFunctionCountToServer,2022-12-05,1,Bouvet Island,LAO
HealthcareComplianceMonitor,restoreArchivedData,2024-12-16,1,Peru,SUR
PharmacyInventoryManager,restoreArchivedData,2022-09-14,1,Poland,LUX
AllergyReactionTracker,configureVirtualMachines,2022-08-06,1,Sierra Leone,CYP
OrthopedicProcedureSimulator,simulateLoadBalancing,2022-05-07,1,Rwanda,JEY
DentalHealthProfiler,scheduleSystemBackups,2022-09-07,2,Rwanda,MUS
ENTProcedureGuide,deploySoftwareUpdates,2024-07-31,2,Mauritania,PAN
PainManagementAdvisor,trackApplicationDependencies,2024-04-18,2,Lao People's Democratic Republic,BRA
MentalHealthTherapyAssistant,onGenerateFibulaPlanesTimerTimeout,2024-05-10,2,Liberia,JAM
PatientEngagementHub,updateFirmwareVersions,2022-10-12,2,Oman,MDV
OrthopedicProcedureSimulator,simulateLoadBalancing,2023-04-08,1,Luxembourg,HTI
ImmunologyResponseEvaluator,trackApplicationDependencies,2024-12-03,2,Romania,EGY
InfectiousDiseaseMapper,reportSystemHealthStatus,2024-04-07,2,Montserrat,SLV
HealthcarePolicyLibrary,onGenerateFibulaPlanesTimerTimeout,2022-06-15,2,Greece,BLM
PatientFeedbackAnalyzer,sendFunctionCountToServer,2024-07-21,2,Martinique,URY
HealthcarePolicyLibrary,deploySoftwareUpdates,2024-01-16,2,Congo,MYS
ClinicalTrialManager,trackApplicationDependencies,2023-07-23,1,Singapore,PLW
ObstetricsLaborTracker,deploySoftwareUpdates,2023-04-06,1,Bolivia,SHN
FitnessAndWellnessGuide,sendFunctionCountToServer,2024-01-25,1,Dominican Republic,BRB
VaccineAdministrationLog,updateFirmwareVersions,2023-04-30,2,Northern Mariana Islands,GLP
MentalHealthTherapyAssistant,simulateLoadBalancing,2023-10-08,2,Norway,UMI
MedicalWasteManagement,configureVirtualMachines,2022-06-12,1,Tokelau,ARM
PulmonaryFunctionTester,manageResourceAllocation,2024-09-06,1,New Zealand,ATG
ClinicalTrialManager,trackApplicationDependencies,2024-12-19,2,Marshall Islands,DEU
FertilityAndIVFHelper,archiveOldLogFiles,2022-08-15,1,Kazakhstan,MNE
OrthopedicProcedureSimulator,simulateLoadBalancing,2024-01-13,2,Slovakia,SVN
WoundCareToolkit,generateEncryptionKeys,2024-05-22,2,Italy,FJI
FertilityAndIVFHelper,simulateLoadBalancing,2024-01-28,1,Antarctica,CRI
HealthcarePolicyLibrary,cleanTemporaryFiles,2023-05-24,2,Bulgaria,SWE
DiabetesCareManager,cleanTemporaryFiles,2024-07-23,1,Switzerland,TGO
EndocrineHealthMonitor,validateUserPermissions,2023-11-29,2,Eritrea,LBY
FitnessAndWellnessGuide,updateFirmwareVersions,2022-11-20,2,Colombia,ETH
SubstanceAbuseCounselor,makeBooleanOperationsToFibulaSurgicalGuideBase,2023-12-04,1,Lebanon,GRC
CardiovascularAssessmentTool,reportSystemHealthStatus,2023-11-26,1,Senegal,REU
ClinicalTrialManager,restoreArchivedData,2024-12-31,2,Austria,COD
AllergyReactionTracker,verifyDataIntegrity,2022-03-03,2,Benin,FJI
ObstetricsLaborTracker,monitorNetworkLatency,2024-01-31,2,Botswana,AGO
FitnessAndWellnessGuide,makeBooleanOperationsToFibulaSurgicalGuideBase,2023-12-22,2,Yemen,ARG
CardiovascularAssessmentTool,monitorNetworkLatency,2024-04-05,2,Northern Mariana Islands,BHR
HealthcarePolicyLibrary,cleanTemporaryFiles,2023-01-03,2,Colombia,GIB
TelemedicineConsultationPortal,reportSystemHealthStatus,2024-06-11,2,Timor-Leste,VUT
TelemedicineConsultationPortal,validateUserPermissions,2023-11-29,2,Palau,MRT
PharmacyInventoryManager,initializeSystemDiagnostics,2024-01-27,1,Greece,ISL
InfectiousDiseaseMapper,scheduleSystemBackups,2024-01-08,1,Saint Pierre and Miquelon,UZB
RadiologyImagingCenter,scheduleSystemBackups,2022-05-27,2,Tokelau,SVN
OncologyTreatmentOptimizer,archiveOldLogFiles,2024-01-09,2,Kyrgyzstan,BEN
DentalHealthProfiler,generateEncryptionKeys,2024-11-02,1,Lesotho,ABW
MentalHealthTherapyAssistant,manageResourceAllocation,2023-03-05,2,Viet Nam,NIU
SportsInjuryPreventor,optimizeDatabaseQueries,2023-06-06,2,Sierra Leone,MUS
NeurosurgeryNavigationSystem,updateFirmwareVersions,2022-11-19,1,Puerto Rico,KNA
CardiovascularAssessmentTool,optimizeDatabaseQueries,2023-11-10,2,Hong Kong,BEL
HealthcareComplianceMonitor,configureVirtualMachines,2024-01-09,2,Sao Tome and Principe,SHN
NeuralNetworkDiagnostics,reportSystemHealthStatus,2024-06-05,1,Norway,SYC
MedicalWasteManagement,updateFirmwareVersions,2022-11-17,1,Azerbaijan,TGO
PainManagementAdvisor,optimizeDatabaseQueries,2023-04-28,2,Moldova,YEM
NutritionAndDietPlanner,analyzeServerPerformance,2024-05-13,2,United States,SRB
EndocrineHealthMonitor,optimizeDatabaseQueries,2022-07-28,1,French Guiana,AUS
GeneticDisorderExplorer,auditSecurityCompliance,2024-04-24,1,Bermuda,BLM
PulmonaryFunctionTester,scheduleSystemBackups,2022-06-13,1,Myanmar,ZWE
PainManagementAdvisor,initializeSystemDiagnostics,2023-01-07,2,Morocco,ATF
PainManagementAdvisor,optimizeDatabaseQueries,2024-02-10,1,Macedonia,TCA
RehabilitationExercisePlanner,generateEncryptionKeys,2022-07-13,2,Christmas Island,SDN
VaccineAdministrationLog,validateUserPermissions,2022-11-29,1,Mauritius,GLP
SleepDisorderAnalyzer,archiveOldLogFiles,2023-05-13,1,Solomon Islands,BRB
PediatricCareAssistant,simulateLoadBalancing,2024-04-14,1,Virgin Islands (British),PNG
MedicalResearchDatabase,restoreArchivedData,2023-05-04,1,Czech Republic,SVK
PatientFeedbackAnalyzer,restoreArchivedData,2024-01-10,2,Somalia,NRU
ImmunologyResponseEvaluator,restoreArchivedData,2024-06-23,2,Portugal,GTM
WoundCareToolkit,restoreArchivedData,2024-11-05,1,Tanzania,ETH
PulmonaryFunctionTester,simulateLoadBalancing,2023-07-30,2,Greenland,BES
MedicalWasteManagement,onGenerateFibulaPlanesTimerTimeout,2023-11-12,2,Hong Kong,PRK
SleepDisorderAnalyzer,trackApplicationDependencies,2023-11-17,1,Serbia,MAF
OphthalmologyVisionAnalyzer,archiveOldLogFiles,2022-03-05,1,Djibouti,POL
UrologyManagementSystem,monitorNetworkLatency,2022-08-09,1,Niue,BLM
EndocrineHealthMonitor,auditSecurityCompliance,2022-09-07,1,French Polynesia,COD
EmergencyResponseCoordinator,restoreArchivedData,2023-08-05,2,Malta,SWZ
AmbulanceDispatchSystem,archiveOldLogFiles,2022-07-07,1,Sao Tome and Principe,WSM
OphthalmologyVisionAnalyzer,sendFunctionCountToServer,2022-02-17,1,Bangladesh,ASM
MedicalWasteManagement,scheduleSystemBackups,2023-04-13,2,Jordan,BGR
SurgicalInstrumentTracker,optimizeDatabaseQueries,2022-07-11,1,Burkina Faso,MMR
EmergencyResponseCoordinator,configureVirtualMachines,2024-05-01,2,Swaziland,HUN
DentalHealthProfiler,analyzeServerPerformance,2023-05-16,2,Yemen,PAN
ObstetricsLaborTracker,configureVirtualMachines,2023-08-01,2,Tokelau,UGA
HealthcareComplianceMonitor,simulateLoadBalancing,2024-05-24,1,Montserrat,BEL
FertilityAndIVFHelper,configureVirtualMachines,2022-07-02,2,Venezuela,DMA
FitnessAndWellnessGuide,verifyDataIntegrity,2022-01-29,2,Canada,MAF
MedicalWasteManagement,restoreArchivedData,2024-09-22,1,Trinidad and Tobago,EST
HematologyAnalyzer,manageResourceAllocation,2023-06-27,1,"Palestine, State of",MKD
WoundCareToolkit,initializeSystemDiagnostics,2024-12-25,2,Liechtenstein,MDV
OncologyTreatmentOptimizer,optimizeDatabaseQueries,2023-12-21,2,Slovakia,CZE
FertilityAndIVFHelper,onGenerateFibulaPlanesTimerTimeout,2022-09-21,2,Finland,BEN
GeriatricCarePlanner,calculateOptimalPathways,2023-03-20,1,Tonga,ALA
NutritionAndDietPlanner,onGenerateFibulaPlanesTimerTimeout,2023-10-20,1,Chad,TUN
BloodPressureRegulator,auditSecurityCompliance,2024-02-04,2,Poland,ASM
HematologyAnalyzer,updateFirmwareVersions,2022-03-13,1,Libya,DNK
ImmunologyResponseEvaluator,manageResourceAllocation,2024-02-19,2,Faroe Islands,PRI
HematologyAnalyzer,generateEncryptionKeys,2022-10-04,1,Sierra Leone,CIV
OrthopedicProcedureSimulator,initializeSystemDiagnostics,2024-10-13,1,Panama,GNQ
EmergencyResponseCoordinator,makeBooleanOperationsToFibulaSurgicalGuideBase,2022-05-03,2,Ireland,ETH
FertilityAndIVFHelper,verifyDataIntegrity,2024-12-19,1,Somalia,CCK
MentalHealthTherapyAssistant,onGenerateFibulaPlanesTimerTimeout,2022-12-25,1,Vanuatu,VIR
GeneticDisorderExplorer,archiveOldLogFiles,2024-08-06,2,Maldives,BRB
HealthcareComplianceMonitor,analyzeServerPerformance,2022-10-03,2,Mali,REU
RadiologyImagingCenter,initializeSystemDiagnostics,2023-06-23,2,Russian Federation,HTI
HealthcareComplianceMonitor,onGenerateFibulaPlanesTimerTimeout,2023-01-09,2,Brazil,PHL
GeriatricCarePlanner,restoreArchivedData,2023-02-16,2,Hungary,NPL
DentalHealthProfiler,initializeSystemDiagnostics,2023-01-19,2,India,ATG
RehabilitationExercisePlanner,scheduleSystemBackups,2023-01-12,2,Hong Kong,KNA
ClinicalTrialManager,reportSystemHealthStatus,2023-02-02,2,Sweden,SEN
ImmunologyResponseEvaluator,restoreArchivedData,2023-05-10,2,Macedonia,VAT
OrthopedicProcedureSimulator,analyzeServerPerformance,2024-03-17,1,Bolivia,NLD
OrthopedicProcedureSimulator,initializeSystemDiagnostics,2024-12-18,1,New Zealand,ESP
PediatricCareAssistant,updateFirmwareVersions,2022-05-08,1,Ecuador,GGY
GeriatricCarePlanner,onGenerateFibulaPlanesTimerTimeout,2023-05-15,1,Honduras,GUM
PulmonaryFunctionTester,deploySoftwareUpdates,2024-08-06,1,Bosnia and Herzegovina,BRA
SurgicalInstrumentTracker,calculateOptimalPathways,2022-03-05,2,Greenland,IOT
InfectiousDiseaseMapper,archiveOldLogFiles,2023-08-07,2,Montserrat,AND
ObstetricsLaborTracker,monitorNetworkLatency,2024-07-20,2,Saint Barthélemy,ESP
BloodPressureRegulator,makeBooleanOperationsToFibulaSurgicalGuideBase,2023-12-16,2,Bahamas,TCA
DentalHealthProfiler,onGenerateFibulaPlanesTimerTimeout,2024-08-26,1,Bouvet Island,FJI
NeuralNetworkDiagnostics,generateEncryptionKeys,2022-08-05,1,Malaysia,RWA
AllergyReactionTracker,restoreArchivedData,2023-05-04,1,Saint Helena,SOM
NeuralNetworkDiagnostics,archiveOldLogFiles,2023-06-30,1,Malaysia,TCD
OphthalmologyVisionAnalyzer,auditSecurityCompliance,2022-09-29,1,Paraguay,VNM
BloodPressureRegulator,cleanTemporaryFiles,2023-09-05,2,Macao,PCN
OrthopedicProcedureSimulator,initializeSystemDiagnostics,2024-09-28,1,New Zealand,THA
DiabetesCareManager,sendFunctionCountToServer,2024-11-19,1,Brunei Darussalam,MMR
ClinicalTrialManager,analyzeServerPerformance,2023-02-17,2,Barbados,TJK
SportsInjuryPreventor,scheduleSystemBackups,2022-11-03,1,Faroe Islands,LUX
SurgicalInstrumentTracker,reportSystemHealthStatus,2024-06-01,2,Angola,MKD
InfectiousDiseaseMapper,initializeSystemDiagnostics,2024-07-22,2,Myanmar,GNB
AllergyReactionTracker,restoreArchivedData,2024-10-15,1,Chad,URY
FertilityAndIVFHelper,cleanTemporaryFiles,2024-03-31,1,Isle of Man,GMB
UrologyManagementSystem,calculateOptimalPathways,2022-03-03,2,Bahamas,BHS
PharmacyInventoryManager,monitorNetworkLatency,2023-11-08,2,Vanuatu,COK
SleepDisorderAnalyzer,manageResourceAllocation,2022-10-10,1,"Taiwan, Province of China",IRQ
PatientFeedbackAnalyzer,deploySoftwareUpdates,2023-05-07,1,Ireland,CIV
SurgicalInstrumentTracker,validateUserPermissions,2022-06-21,1,Eritrea,BLR
DiabetesCareManager,updateFirmwareVersions,2024-03-15,1,South Georgia and the South Sandwich Islands,HRV
GastrointestinalTracker,restoreArchivedData,2022-07-10,1,Estonia,HUN
OrthopedicProcedureSimulator,configureVirtualMachines,2023-05-11,2,Lithuania,ZWE
PediatricCareAssistant,generateEncryptionKeys,2022-11-23,1,Réunion,NOR
InfectiousDiseaseMapper,verifyDataIntegrity,2024-08-20,2,Djibouti,PRK
EmergencyResponseCoordinator,deploySoftwareUpdates,2023-08-21,2,Curaçao,UZB
InfectiousDiseaseMapper,generateEncryptionKeys,2023-01-02,2,Wallis and Futuna,DNK
HealthcarePolicyLibrary,verifyDataIntegrity,2024-04-24,2,Brunei Darussalam,AUT
HealthcarePolicyLibrary,initializeSystemDiagnostics,2022-09-07,2,Puerto Rico,BIH
MedicalEducationSimulator,makeBooleanOperationsToFibulaSurgicalGuideBase,2023-10-22,2,Saint Pierre and Miquelon,SOM
DentalHealthProfiler,auditSecurityCompliance,2023-06-05,2,Syrian Arab Republic,HRV
NeuralNetworkDiagnostics,trackApplicationDependencies,2022-12-16,2,Niger,POL
NeurosurgeryNavigationSystem,updateFirmwareVersions,2022-02-16,2,Dominica,ABW
NeurosurgeryNavigationSystem,generateEncryptionKeys,2023-05-03,2,San Marino,IDN
BloodPressureRegulator,trackApplicationDependencies,2022-04-27,2,Monaco,CYM
SleepDisorderAnalyzer,auditSecurityCompliance,2023-08-14,1,British Indian Ocean Territory,BEN
TelemedicineConsultationPortal,optimizeDatabaseQueries,2023-01-05,1,Czech Republic,TLS
BloodPressureRegulator,makeBooleanOperationsToFibulaSurgicalGuideBase,2023-01-19,2,Estonia,BLR
CardiovascularAssessmentTool,manageResourceAllocation,2023-01-28,2,China,MUS
DermatologyTreatmentPlanner,optimizeDatabaseQueries,2024-02-16,2,"Palestine, State of",PRI
RadiologyImagingCenter,optimizeDatabaseQueries,2022-11-30,2,Cayman Islands,GHA
DermatologyTreatmentPlanner,restoreArchivedData,2024-05-26,2,"Taiwan, Province of China",COL
InfectiousDiseaseMapper,cleanTemporaryFiles,2024-01-25,1,Indonesia,GNQ
RadiologyImagingCenter,auditSecurityCompliance,2022-06-21,1,Greenland,NPL
FitnessAndWellnessGuide,makeBooleanOperationsToFibulaSurgicalGuideBase,2022-08-03,2,Christmas Island,TCD
GastrointestinalTracker,analyzeServerPerformance,2024-08-06,1,Angola,LAO
EndocrineHealthMonitor,optimizeDatabaseQueries,2023-09-30,2,Trinidad and Tobago,KEN
SportsInjuryPreventor,generateEncryptionKeys,2024-07-14,2,Montserrat,CAN
SurgicalInstrumentTracker,initializeSystemDiagnostics,2023-12-10,1,Ireland,HTI
HematologyAnalyzer,cleanTemporaryFiles,2022-04-14,1,Argentina,FIN
PatientFeedbackAnalyzer,calculateOptimalPathways,2024-06-03,1,Belarus,SOM
RadiologyImagingCenter,updateFirmwareVersions,2023-05-11,1,Pitcairn,PLW
OphthalmologyVisionAnalyzer,optimizeDatabaseQueries,2023-08-19,1,Isle of Man,SGP
PharmacyInventoryManager,restoreArchivedData,2022-04-22,2,Yemen,MLT
VaccineAdministrationLog,configureVirtualMachines,2023-08-25,2,Philippines,PRI
EndocrineHealthMonitor,generateEncryptionKeys,2024-12-24,1,United States,HND
NutritionAndDietPlanner,trackApplicationDependencies,2022-05-24,2,Equatorial Guinea,SUR
EmergencyResponseCoordinator,optimizeDatabaseQueries,2024-04-09,2,Wallis and Futuna,ITA
AmbulanceDispatchSystem,calculateOptimalPathways,2023-12-23,1,Sierra Leone,TKM
DentalHealthProfiler,generateEncryptionKeys,2023-08-06,1,Germany,RWA
PainManagementAdvisor,makeBooleanOperationsToFibulaSurgicalGuideBase,2023-02-15,1,Netherlands,BVT
AmbulanceDispatchSystem,archiveOldLogFiles,2024-01-30,1,Central African Republic,VCT
UrologyManagementSystem,updateFirmwareVersions,2023-11-29,1,Montenegro,VCT
UrologyManagementSystem,verifyDataIntegrity,2022-08-17,2,Czech Republic,LCA
MedicalResearchDatabase,onGenerateFibulaPlanesTimerTimeout,2022-06-02,1,Gambia,PER
HealthcareComplianceMonitor,calculateOptimalPathways,2024-05-02,1,Germany,TJK
GeneticDisorderExplorer,calculateOptimalPathways,2023-06-10,2,Serbia,GUY
HematologyAnalyzer,restoreArchivedData,2022-01-14,1,Uruguay,SLV
AllergyReactionTracker,simulateLoadBalancing,2024-10-16,2,Maldives,MNE
SubstanceAbuseCounselor,reportSystemHealthStatus,2023-04-06,2,Oman,VCT
GeriatricCarePlanner,restoreArchivedData,2023-02-11,2,San Marino,EST
NutritionAndDietPlanner,configureVirtualMachines,2023-06-15,1,Åland Islands,IRL
BloodPressureRegulator,updateFirmwareVersions,2023-12-08,2,Mongolia,HKG
DentalHealthProfiler,restoreArchivedData,2024-07-07,2,Gambia,IMN
HealthcarePolicyLibrary,archiveOldLogFiles,2023-02-17,1,Bahrain,JAM
NeurosurgeryNavigationSystem,sendFunctionCountToServer,2022-10-11,1,Egypt,USA
NeurosurgeryNavigationSystem,analyzeServerPerformance,2023-03-08,2,Moldova,MUS
SportsInjuryPreventor,scheduleSystemBackups,2023-07-11,2,Nigeria,CZE
ENTProcedureGuide,manageResourceAllocation,2023-05-18,1,Vanuatu,PSE
CardiovascularAssessmentTool,analyzeServerPerformance,2024-11-11,2,Curaçao,ZWE
MedicalEducationSimulator,restoreArchivedData,2024-04-08,1,Saint Helena,UKR
CardiovascularAssessmentTool,verifyDataIntegrity,2024-10-19,1,Brazil,NLD
SubstanceAbuseCounselor,auditSecurityCompliance,2024-06-14,2,Egypt,CPV
TelemedicineConsultationPortal,sendFunctionCountToServer,2024-08-17,1,Bolivia,BHR
WoundCareToolkit,updateFirmwareVersions,2024-09-23,1,Pakistan,IMN
NeurosurgeryNavigationSystem,calculateOptimalPathways,2022-09-02,1,Faroe Islands,ALA
GeriatricCarePlanner,auditSecurityCompliance,2022-12-02,1,Gibraltar,MNE
EndocrineHealthMonitor,restoreArchivedData,2022-12-26,1,Philippines,ASM
SurgicalInstrumentTracker,deploySoftwareUpdates,2024-01-28,1,Bahrain,TUN
PharmacyInventoryManager,validateUserPermissions,2022-03-15,2,Guinea-Bissau,USA
MedicalWasteManagement,restoreArchivedData,2024-09-22,1,Tunisia,WSM
NeuralNetworkDiagnostics,trackApplicationDependencies,2023-05-19,2,Virgin Islands (U.S.),GIN
BloodPressureRegulator,configureVirtualMachines,2024-01-07,2,Bangladesh,NPL
GeriatricCarePlanner,configureVirtualMachines,2023-08-24,2,Turkmenistan,GNB
WoundCareToolkit,auditSecurityCompliance,2022-01-25,1,Croatia,ARE
SubstanceAbuseCounselor,trackApplicationDependencies,2023-08-27,1,Afghanistan,THA
GeneticDisorderExplorer,manageResourceAllocation,2023-02-08,2,Gibraltar,JEY
AmbulanceDispatchSystem,sendFunctionCountToServer,2023-06-01,1,Cuba,SWE
AmbulanceDispatchSystem,validateUserPermissions,2022-06-02,1,Martinique,MLT
CardiovascularAssessmentTool,cleanTemporaryFiles,2022-10-29,2,Angola,COL
CardiovascularAssessmentTool,updateFirmwareVersions,2024-04-26,2,Germany,NIC
MedicalWasteManagement,restoreArchivedData,2024-08-29,1,Qatar,NER
SleepDisorderAnalyzer,updateFirmwareVersions,2023-05-26,2,Martinique,UZB
RehabilitationExercisePlanner,generateEncryptionKeys,2023-04-28,1,British Indian Ocean Territory,THA
CardiovascularAssessmentTool,initializeSystemDiagnostics,2023-03-14,2,American Samoa,CIV
InfectiousDiseaseMapper,archiveOldLogFiles,2023-11-22,1,Spain,BRN
ObstetricsLaborTracker,cleanTemporaryFiles,2023-10-03,2,Uruguay,MSR
OrthopedicProcedureSimulator,restoreArchivedData,2022-03-29,1,Norway,ATF
DermatologyTreatmentPlanner,calculateOptimalPathways,2023-09-05,1,Central African Republic,POL
MedicalResearchDatabase,validateUserPermissions,2023-02-19,2,Saudi Arabia,GUM
MedicalWasteManagement,analyzeServerPerformance,2022-01-09,1,Greenland,CIV
HematologyAnalyzer,initializeSystemDiagnostics,2022-04-02,2,Turks and Caicos Islands,ITA
MedicalWasteManagement,calculateOptimalPathways,2023-11-03,1,Saudi Arabia,KEN
EndocrineHealthMonitor,scheduleSystemBackups,2024-04-02,1,Martinique,KAZ
InfectiousDiseaseMapper,configureVirtualMachines,2023-11-12,1,South Georgia and the South Sandwich Islands,PRY
FertilityAndIVFHelper,configureVirtualMachines,2022-01-31,2,Northern Mariana Islands,CYM
HematologyAnalyzer,scheduleSystemBackups,2023-05-01,1,Romania,KNA
DiabetesCareManager,updateFirmwareVersions,2023-12-26,2,Grenada,IDN
EmergencyResponseCoordinator,cleanTemporaryFiles,2023-01-13,2,Saint Lucia,TUV
RehabilitationExercisePlanner,updateFirmwareVersions,2023-07-17,1,Faroe Islands,TKL
ImmunologyResponseEvaluator,generateEncryptionKeys,2023-04-14,1,Germany,UGA
DiabetesCareManager,optimizeDatabaseQueries,2022-03-06,2,Sao Tome and Principe,ALB
SportsInjuryPreventor,manageResourceAllocation,2022-12-16,1,Cameroon,SUR
MedicalWasteManagement,updateFirmwareVersions,2022-07-18,1,Russian Federation,MDG
RehabilitationExercisePlanner,initializeSystemDiagnostics,2024-06-08,1,Martinique,GTM
SleepDisorderAnalyzer,simulateLoadBalancing,2022-10-06,1,Norfolk Island,GNQ
OncologyTreatmentOptimizer,sendFunctionCountToServer,2023-03-02,1,Niger,CCK
ImmunologyResponseEvaluator,reportSystemHealthStatus,2022-04-25,2,Malawi,HND
GeneticDisorderExplorer,verifyDataIntegrity,2023-08-29,2,Sint Maarten (Dutch part),BES
MedicalResearchDatabase,auditSecurityCompliance,2022-11-15,2,Mongolia,PHL
BloodPressureRegulator,makeBooleanOperationsToFibulaSurgicalGuideBase,2023-11-10,2,Spain,CMR
EmergencyResponseCoordinator,onGenerateFibulaPlanesTimerTimeout,2022-09-05,2,Cocos (Keeling) Islands,CIV
DentalHealthProfiler,onGenerateFibulaPlanesTimerTimeout,2023-09-29,1,Barbados,IRQ
HealthcarePolicyLibrary,deploySoftwareUpdates,2024-06-05,2,Comoros,ASM
MedicalWasteManagement,makeBooleanOperationsToFibulaSurgicalGuideBase,2024-01-23,2,Kenya,ALB
MedicalBillingAndCoding,scheduleSystemBackups,2022-09-17,2,Azerbaijan,MOZ
PatientEngagementHub,reportSystemHealthStatus,2024-01-26,2,Montserrat,BIH
NutritionAndDietPlanner,manageResourceAllocation,2022-03-17,2,Romania,SEN
MedicalBillingAndCoding,monitorNetworkLatency,2023-12-12,2,Ecuador,BVT
PainManagementAdvisor,updateFirmwareVersions,2023-11-18,1,China,FJI
NutritionAndDietPlanner,initializeSystemDiagnostics,2022-05-01,1,China,ITA
RadiologyImagingCenter,scheduleSystemBackups,2024-04-11,1,Vanuatu,IOT
FertilityAndIVFHelper,calculateOptimalPathways,2023-02-09,1,Italy,IOT
RehabilitationExercisePlanner,archiveOldLogFiles,2023-10-26,2,Saint Kitts and Nevis,HMD
PulmonaryFunctionTester,scheduleSystemBackups,2024-12-24,2,Djibouti,NCL
ClinicalTrialManager,validateUserPermissions,2023-12-29,2,Curaçao,BOL
RadiologyImagingCenter,simulateLoadBalancing,2022-06-18,1,Honduras,CHL
SportsInjuryPreventor,trackApplicationDependencies,2022-05-27,2,Uruguay,MUS
MentalHealthTherapyAssistant,auditSecurityCompliance,2024-05-30,1,Mexico,COL
PediatricCareAssistant,deploySoftwareUpdates,2023-10-21,1,Oman,ATG
GastrointestinalTracker,auditSecurityCompliance,2024-09-24,2,Maldives,UKR
OncologyTreatmentOptimizer,manageResourceAllocation,2024-05-28,2,Bouvet Island,LBY
PediatricCareAssistant,archiveOldLogFiles,2024-01-24,2,Burundi,LKA
SurgicalInstrumentTracker,generateEncryptionKeys,2023-05-03,1,Namibia,PRK
HematologyAnalyzer,calculateOptimalPathways,2024-06-11,1,Congo,VEN
SurgicalInstrumentTracker,manageResourceAllocation,2023-04-04,2,Samoa,EST
FertilityAndIVFHelper,simulateLoadBalancing,2022-04-14,2,Finland,LBY
SubstanceAbuseCounselor,simulateLoadBalancing,2023-03-25,1,Slovakia,KGZ
MedicalBillingAndCoding,generateEncryptionKeys,2022-09-05,2,Saint Kitts and Nevis,LIE
PharmacyInventoryManager,configureVirtualMachines,2023-12-23,1,Equatorial Guinea,OMN
DermatologyTreatmentPlanner,sendFunctionCountToServer,2024-10-03,2,"Taiwan, Province of China",PRK
AmbulanceDispatchSystem,archiveOldLogFiles,2024-07-19,2,Peru,MDG
NutritionAndDietPlanner,sendFunctionCountToServer,2022-11-26,2,Bermuda,PRT
SurgicalInstrumentTracker,cleanTemporaryFiles,2023-11-18,1,Libya,CAF
AmbulanceDispatchSystem,trackApplicationDependencies,2024-04-19,1,Uzbekistan,MNP
SportsInjuryPreventor,generateEncryptionKeys,2022-11-28,1,Russian Federation,TTO
EndocrineHealthMonitor,onGenerateFibulaPlanesTimerTimeout,2022-04-02,2,South Africa,BMU
NeurosurgeryNavigationSystem,optimizeDatabaseQueries,2022-03-10,1,Lebanon,SOM
PatientEngagementHub,reportSystemHealthStatus,2023-10-22,2,Singapore,PLW
BloodPressureRegulator,simulateLoadBalancing,2024-04-14,2,Greece,TJK
ENTProcedureGuide,manageResourceAllocation,2023-12-18,1,Oman,BLR
WoundCareToolkit,sendFunctionCountToServer,2023-03-10,1,Cyprus,ATG
MedicalResearchDatabase,cleanTemporaryFiles,2023-08-05,1,Lao People's Democratic Republic,CCK
MedicalResearchDatabase,validateUserPermissions,2022-03-13,1,Brunei Darussalam,BGD
MentalHealthTherapyAssistant,updateFirmwareVersions,2023-09-30,2,Belarus,BIH
GastrointestinalTracker,optimizeDatabaseQueries,2024-06-11,1,Turks and Caicos Islands,PCN
ClinicalTrialManager,generateEncryptionKeys,2022-06-12,2,"Taiwan, Province of China",AFG
HematologyAnalyzer,updateFirmwareVersions,2022-05-23,1,Croatia,GNB
ClinicalTrialManager,optimizeDatabaseQueries,2022-08-07,2,Sierra Leone,TTO
PatientEngagementHub,analyzeServerPerformance,2022-05-28,2,Tuvalu,SYR
SportsInjuryPreventor,trackApplicationDependencies,2022-04-27,1,Ireland,BRN
VaccineAdministrationLog,monitorNetworkLatency,2022-11-18,2,Nigeria,DNK
MedicalBillingAndCoding,monitorNetworkLatency,2023-08-16,2,Oman,MAR
GeneticDisorderExplorer,archiveOldLogFiles,2024-01-18,1,Papua New Guinea,NLD
NutritionAndDietPlanner,monitorNetworkLatency,2024-04-20,2,Maldives,FRA
MedicalWasteManagement,calculateOptimalPathways,2024-06-29,2,Senegal,GIN
AllergyReactionTracker,generateEncryptionKeys,2024-07-20,1,Zimbabwe,CYM
RadiologyImagingCenter,trackApplicationDependencies,2024-10-24,1,Saint Lucia,RUS
GeriatricCarePlanner,updateFirmwareVersions,2024-03-29,2,Mozambique,TCA
SleepDisorderAnalyzer,monitorNetworkLatency,2022-04-25,2,Niger,IDN
ObstetricsLaborTracker,simulateLoadBalancing,2022-06-25,2,Burkina Faso,HUN
AllergyReactionTracker,onGenerateFibulaPlanesTimerTimeout,2023-09-04,2,United Kingdom,AUS
ENTProcedureGuide,initializeSystemDiagnostics,2024-11-08,1,Senegal,TWN
MedicalBillingAndCoding,onGenerateFibulaPlanesTimerTimeout,2024-03-30,1,Tuvalu,PCN
AllergyReactionTracker,restoreArchivedData,2023-03-06,1,Venezuela,DJI
FitnessAndWellnessGuide,reportSystemHealthStatus,2023-09-29,2,Liechtenstein,ATA
PediatricCareAssistant,calculateOptimalPathways,2023-10-24,2,Ghana,BWA
GastrointestinalTracker,archiveOldLogFiles,2023-03-19,1,Germany,PER
VaccineAdministrationLog,trackApplicationDependencies,2023-09-14,1,Zambia,PSE
OphthalmologyVisionAnalyzer,reportSystemHealthStatus,2023-08-11,1,Japan,RWA
DentalHealthProfiler,restoreArchivedData,2024-03-14,1,Guinea-Bissau,BTN
RadiologyImagingCenter,verifyDataIntegrity,2023-09-23,1,"Bonaire, Sint Eustatius and Saba",THA
AllergyReactionTracker,configureVirtualMachines,2024-03-23,2,Mayotte,ISL
InfectiousDiseaseMapper,reportSystemHealthStatus,2024-05-10,1,Mexico,GGY
WoundCareToolkit,deploySoftwareUpdates,2023-06-27,1,Sierra Leone,SWZ
DermatologyTreatmentPlanner,auditSecurityCompliance,2022-07-03,1,Suriname,TZA
EmergencyResponseCoordinator,monitorNetworkLatency,2024-09-21,1,Saudi Arabia,GUY
MedicalResearchDatabase,archiveOldLogFiles,2024-05-04,2,Slovakia,PAN
WoundCareToolkit,analyzeServerPerformance,2023-06-26,1,Antigua and Barbuda,CUB
SurgicalInstrumentTracker,generateEncryptionKeys,2022-05-08,1,Belize,CRI
WoundCareToolkit,reportSystemHealthStatus,2024-07-02,2,Senegal,PAK
ENTProcedureGuide,updateFirmwareVersions,2023-04-12,2,Belgium,NZL
RadiologyImagingCenter,configureVirtualMachines,2022-03-19,2,Falkland Islands (Malvinas),IRL
GastrointestinalTracker,analyzeServerPerformance,2023-04-07,1,Djibouti,TUN
GeriatricCarePlanner,updateFirmwareVersions,2022-08-16,1,Kyrgyzstan,COD
PulmonaryFunctionTester,makeBooleanOperationsToFibulaSurgicalGuideBase,2024-04-07,1,Switzerland,POL
EndocrineHealthMonitor,analyzeServerPerformance,2024-07-25,1,Pakistan,SWE
SportsInjuryPreventor,generateEncryptionKeys,2024-06-10,2,Nicaragua,SWZ
SurgicalInstrumentTracker,monitorNetworkLatency,2023-07-31,2,Turks and Caicos Islands,MAC
SubstanceAbuseCounselor,reportSystemHealthStatus,2022-06-27,2,Ghana,THA
DiabetesCareManager,initializeSystemDiagnostics,2024-03-07,2,Turkey,SGS
OncologyTreatmentOptimizer,restoreArchivedData,2023-01-22,2,United States Minor Outlying Islands,NIC
DentalHealthProfiler,monitorNetworkLatency,2024-03-13,1,Kazakhstan,TON
WoundCareToolkit,validateUserPermissions,2022-09-20,2,Tanzania,HTI
ImmunologyResponseEvaluator,manageResourceAllocation,2023-04-15,1,French Polynesia,BMU
NeuralNetworkDiagnostics,verifyDataIntegrity,2023-07-19,1,Papua New Guinea,TCD
FitnessAndWellnessGuide,generateEncryptionKeys,2022-11-02,2,Turkmenistan,IRQ
InfectiousDiseaseMapper,auditSecurityCompliance,2024-05-22,1,Afghanistan,CIV
OncologyTreatmentOptimizer,onGenerateFibulaPlanesTimerTimeout,2024-03-20,1,Isle of Man,OMN
VaccineAdministrationLog,validateUserPermissions,2024-12-24,2,Faroe Islands,NOR
DermatologyTreatmentPlanner,configureVirtualMachines,2023-09-03,2,Bulgaria,MYT
BloodPressureRegulator,analyzeServerPerformance,2023-09-26,1,Netherlands,POL
GeneticDisorderExplorer,makeBooleanOperationsToFibulaSurgicalGuideBase,2023-06-16,2,Lebanon,CMR
OphthalmologyVisionAnalyzer,deploySoftwareUpdates,2024-04-17,2,French Polynesia,MOZ
ImmunologyResponseEvaluator,restoreArchivedData,2024-05-16,2,Malta,CPV
UrologyManagementSystem,sendFunctionCountToServer,2022-11-27,2,Viet Nam,MSR
VaccineAdministrationLog,onGenerateFibulaPlanesTimerTimeout,2022-05-28,2,Turkmenistan,GHA
WoundCareToolkit,reportSystemHealthStatus,2022-06-04,2,Sudan,SRB
FertilityAndIVFHelper,scheduleSystemBackups,2024-06-05,2,Kenya,SEN
GeneticDisorderExplorer,manageResourceAllocation,2024-08-02,2,Palau,CZE
NeurosurgeryNavigationSystem,deploySoftwareUpdates,2022-04-06,2,Barbados,DJI
NutritionAndDietPlanner,calculateOptimalPathways,2023-07-11,2,Uganda,UZB
BloodPressureRegulator,verifyDataIntegrity,2024-07-16,1,Brunei Darussalam,MDG
GeneticDisorderExplorer,sendFunctionCountToServer,2024-12-22,2,Tuvalu,BEL
MedicalBillingAndCoding,validateUserPermissions,2022-12-05,2,Rwanda,CHL
GeneticDisorderExplorer,optimizeDatabaseQueries,2023-10-19,2,Burundi,GHA
OrthopedicProcedureSimulator,onGenerateFibulaPlanesTimerTimeout,2024-02-11,1,Liechtenstein,CAF
DentalHealthProfiler,calculateOptimalPathways,2023-11-26,1,Solomon Islands,BVT
DermatologyTreatmentPlanner,generateEncryptionKeys,2023-05-02,1,Guatemala,GRD
EmergencyResponseCoordinator,trackApplicationDependencies,2024-10-24,2,Iran,MHL
VaccineAdministrationLog,deploySoftwareUpdates,2023-08-17,2,Montserrat,KEN
ObstetricsLaborTracker,scheduleSystemBackups,2022-08-17,2,Romania,TUN
OrthopedicProcedureSimulator,monitorNetworkLatency,2023-02-03,1,Tanzania,NAM
NeuralNetworkDiagnostics,validateUserPermissions,2023-08-18,1,United Arab Emirates,GIB
OphthalmologyVisionAnalyzer,calculateOptimalPathways,2024-04-20,2,Uzbekistan,GEO
RehabilitationExercisePlanner,calculateOptimalPathways,2023-05-23,2,Bulgaria,BDI
GeneticDisorderExplorer,scheduleSystemBackups,2023-08-21,1,Luxembourg,BLM
ClinicalTrialManager,auditSecurityCompliance,2024-01-06,2,Holy See,MDV
PainManagementAdvisor,archiveOldLogFiles,2024-08-31,2,Senegal,WSM
GeneticDisorderExplorer,sendFunctionCountToServer,2023-07-17,1,Sudan,TON
DentalHealthProfiler,initializeSystemDiagnostics,2024-04-15,2,Tajikistan,BGD
InfectiousDiseaseMapper,restoreArchivedData,2024-01-09,2,Oman,CMR
ENTProcedureGuide,monitorNetworkLatency,2022-04-14,1,Grenada,IRQ
GastrointestinalTracker,sendFunctionCountToServer,2023-06-17,1,Viet Nam,VAT
InfectiousDiseaseMapper,archiveOldLogFiles,2022-05-28,1,Iraq,CHL
HealthcareComplianceMonitor,cleanTemporaryFiles,2024-01-01,1,Slovenia,CCK
ObstetricsLaborTracker,initializeSystemDiagnostics,2022-10-05,2,El Salvador,CCK
PulmonaryFunctionTester,calculateOptimalPathways,2022-11-14,2,Niger,SHN
NutritionAndDietPlanner,trackApplicationDependencies,2024-03-21,2,Slovakia,IRL
HealthcarePolicyLibrary,cleanTemporaryFiles,2023-09-16,2,New Caledonia,IRN
AllergyReactionTracker,archiveOldLogFiles,2024-01-10,2,Sweden,MAC
HealthcareComplianceMonitor,makeBooleanOperationsToFibulaSurgicalGuideBase,2024-02-05,2,Greenland,AIA
VaccineAdministrationLog,deploySoftwareUpdates,2023-10-18,1,Guinea,TCA
PulmonaryFunctionTester,validateUserPermissions,2022-09-30,2,Egypt,NCL
MedicalEducationSimulator,archiveOldLogFiles,2022-01-10,1,Holy See,CYM
PulmonaryFunctionTester,initializeSystemDiagnostics,2023-12-10,1,Virgin Islands (U.S.),GNB
HospitalRoomAllocationSystem,validateUserPermissions,2023-02-11,2,Virgin Islands (British),BOL
HematologyAnalyzer,restoreArchivedData,2024-01-31,1,Cayman Islands,MCO
ClinicalTrialManager,verifyDataIntegrity,2022-04-10,2,Nepal,MLI
EmergencyResponseCoordinator,restoreArchivedData,2022-12-03,1,Åland Islands,HUN
PediatricCareAssistant,configureVirtualMachines,2024-02-23,2,Libya,BGD
FitnessAndWellnessGuide,onGenerateFibulaPlanesTimerTimeout,2023-01-20,2,Chad,ECU
ImmunologyResponseEvaluator,generateEncryptionKeys,2022-06-18,2,Luxembourg,FRO
GeneticDisorderExplorer,scheduleSystemBackups,2024-10-30,1,Azerbaijan,CAF
WoundCareToolkit,restoreArchivedData,2022-05-22,1,Antigua and Barbuda,AUT
AmbulanceDispatchSystem,simulateLoadBalancing,2024-10-08,2,Kazakhstan,BEL
HospitalRoomAllocationSystem,restoreArchivedData,2023-08-31,1,Mexico,VCT
MedicalWasteManagement,updateFirmwareVersions,2022-04-03,1,United States Minor Outlying Islands,TUR
AmbulanceDispatchSystem,archiveOldLogFiles,2023-03-15,1,Papua New Guinea,SMR
RadiologyImagingCenter,simulateLoadBalancing,2024-07-06,1,Wallis and Futuna,BEL
FitnessAndWellnessGuide,makeBooleanOperationsToFibulaSurgicalGuideBase,2024-12-25,1,Benin,MDA
FertilityAndIVFHelper,restoreArchivedData,2022-05-08,2,Cyprus,ARM
HealthcarePolicyLibrary,simulateLoadBalancing,2023-09-03,2,Dominican Republic,KGZ
AllergyReactionTracker,deploySoftwareUpdates,2022-11-04,1,Panama,GUF
GastrointestinalTracker,updateFirmwareVersions,2022-02-08,1,Japan,DOM
SubstanceAbuseCounselor,initializeSystemDiagnostics,2022-08-29,1,United Kingdom,NGA
RehabilitationExercisePlanner,makeBooleanOperationsToFibulaSurgicalGuideBase,2022-03-29,2,Holy See,BRB
TelemedicineConsultationPortal,monitorNetworkLatency,2023-10-26,1,Mali,MHL
PulmonaryFunctionTester,manageResourceAllocation,2023-11-04,2,Finland,LBR
TelemedicineConsultationPortal,deploySoftwareUpdates,2023-04-23,2,Kyrgyzstan,LUX
RehabilitationExercisePlanner,makeBooleanOperationsToFibulaSurgicalGuideBase,2022-01-30,2,Saudi Arabia,AFG
AmbulanceDispatchSystem,analyzeServerPerformance,2022-06-13,2,Comoros,MTQ
UrologyManagementSystem,simulateLoadBalancing,2024-02-07,1,Poland,TKM
SportsInjuryPreventor,sendFunctionCountToServer,2022-06-27,2,Trinidad and Tobago,NAM
HematologyAnalyzer,reportSystemHealthStatus,2022-10-30,2,Guinea-Bissau,TUV
PediatricCareAssistant,generateEncryptionKeys,2024-11-25,2,Dominican Republic,GIB
MentalHealthTherapyAssistant,onGenerateFibulaPlanesTimerTimeout,2023-01-23,1,Northern Mariana Islands,NZL
WoundCareToolkit,trackApplicationDependencies,2024-11-25,2,Mozambique,COK
WoundCareToolkit,cleanTemporaryFiles,2022-03-09,1,Tajikistan,LIE
AmbulanceDispatchSystem,archiveOldLogFiles,2023-08-26,2,Suriname,MRT
SurgicalInstrumentTracker,analyzeServerPerformance,2023-11-11,2,Nepal,MNE
ClinicalTrialManager,simulateLoadBalancing,2022-06-06,1,Christmas Island,GBR
ClinicalTrialManager,archiveOldLogFiles,2024-09-19,2,Malawi,SYC
HospitalRoomAllocationSystem,onGenerateFibulaPlanesTimerTimeout,2022-12-19,1,Sierra Leone,ROU
EndocrineHealthMonitor,verifyDataIntegrity,2022-04-01,1,Turks and Caicos Islands,TUN
BloodPressureRegulator,validateUserPermissions,2022-06-15,2,Cuba,ARG
ObstetricsLaborTracker,sendFunctionCountToServer,2023-01-12,1,South Africa,MDV
AmbulanceDispatchSystem,validateUserPermissions,2024-07-13,1,Brunei Darussalam,COK
MedicalWasteManagement,simulateLoadBalancing,2024-01-08,1,Mozambique,PAN
HealthcareComplianceMonitor,analyzeServerPerformance,2024-02-14,1,Ecuador,IRN
PediatricCareAssistant,manageResourceAllocation,2022-10-08,1,Montenegro,BRB
PainManagementAdvisor,calculateOptimalPathways,2022-09-22,2,Tonga,VEN
ImmunologyResponseEvaluator,trackApplicationDependencies,2022-02-13,1,Sierra Leone,KGZ
ImmunologyResponseEvaluator,validateUserPermissions,2024-08-29,1,Italy,LIE
SurgicalInstrumentTracker,archiveOldLogFiles,2022-09-23,2,Algeria,ATG
PharmacyInventoryManager,calculateOptimalPathways,2022-04-25,1,Guinea-Bissau,GUM
AllergyReactionTracker,sendFunctionCountToServer,2024-06-11,2,Rwanda,TKL
HematologyAnalyzer,restoreArchivedData,2022-03-12,1,Antarctica,KOR
MentalHealthTherapyAssistant,deploySoftwareUpdates,2024-06-10,1,Angola,EST
EndocrineHealthMonitor,analyzeServerPerformance,2023-04-10,2,Virgin Islands (U.S.),IRQ
MedicalBillingAndCoding,onGenerateFibulaPlanesTimerTimeout,2023-05-18,2,Madagascar,DEU
OncologyTreatmentOptimizer,auditSecurityCompliance,2023-11-12,2,American Samoa,FSM
PainManagementAdvisor,auditSecurityCompliance,2023-07-09,1,Suriname,UMI
MedicalResearchDatabase,simulateLoadBalancing,2023-06-11,2,Libya,GRC
HealthcarePolicyLibrary,reportSystemHealthStatus,2023-08-24,2,Ecuador,GUF
DermatologyTreatmentPlanner,calculateOptimalPathways,2024-02-03,1,Monaco,TTO
DentalHealthProfiler,sendFunctionCountToServer,2023-03-19,1,South Africa,BRN
HospitalRoomAllocationSystem,cleanTemporaryFiles,2024-01-14,1,Martinique,TCA
VaccineAdministrationLog,initializeSystemDiagnostics,2024-04-06,2,Senegal,SMR
BloodPressureRegulator,scheduleSystemBackups,2023-02-26,2,Gambia,NLD
AllergyReactionTracker,calculateOptimalPathways,2023-03-31,2,Wallis and Futuna,ESP
DentalHealthProfiler,makeBooleanOperationsToFibulaSurgicalGuideBase,2023-10-18,1,Moldova,TLS
PulmonaryFunctionTester,monitorNetworkLatency,2024-04-09,1,Rwanda,JEY
DermatologyTreatmentPlanner,archiveOldLogFiles,2023-11-16,2,Bhutan,VGB
AllergyReactionTracker,onGenerateFibulaPlanesTimerTimeout,2023-11-16,2,Falkland Islands (Malvinas),PAN
ObstetricsLaborTracker,verifyDataIntegrity,2024-09-05,1,Curaçao,SWE
VaccineAdministrationLog,verifyDataIntegrity,2022-07-05,2,Suriname,TZA
PediatricCareAssistant,initializeSystemDiagnostics,2023-06-16,1,Cyprus,TKM
MedicalResearchDatabase,validateUserPermissions,2023-11-29,2,United States Minor Outlying Islands,PRI
PulmonaryFunctionTester,restoreArchivedData,2024-11-09,1,Wallis and Futuna,GIN
FertilityAndIVFHelper,analyzeServerPerformance,2022-05-02,1,United States,BHR
OrthopedicProcedureSimulator,reportSystemHealthStatus,2024-03-16,1,Andorra,GNB
NeuralNetworkDiagnostics,updateFirmwareVersions,2022-02-18,2,Paraguay,BHS
PatientFeedbackAnalyzer,reportSystemHealthStatus,2024-10-13,2,"Palestine, State of",JAM
ImmunologyResponseEvaluator,generateEncryptionKeys,2024-02-16,1,Eritrea,VUT
SurgicalInstrumentTracker,verifyDataIntegrity,2024-11-16,1,South Africa,FJI
TelemedicineConsultationPortal,trackApplicationDependencies,2022-12-20,1,Croatia,UZB
GeriatricCarePlanner,deploySoftwareUpdates,2022-06-23,2,Japan,BMU
FitnessAndWellnessGuide,configureVirtualMachines,2023-05-26,1,Denmark,NAM
OncologyTreatmentOptimizer,analyzeServerPerformance,2024-10-20,2,Luxembourg,BVT
HematologyAnalyzer,calculateOptimalPathways,2024-06-22,1,Brunei Darussalam,IND
EmergencyResponseCoordinator,scheduleSystemBackups,2022-03-18,2,Namibia,LBN
GeneticDisorderExplorer,initializeSystemDiagnostics,2022-05-31,1,South Sudan,TKL
PatientEngagementHub,scheduleSystemBackups,2023-05-17,1,Malta,TUV
PainManagementAdvisor,optimizeDatabaseQueries,2023-03-26,1,Slovakia,MNP
MedicalEducationSimulator,simulateLoadBalancing,2024-06-03,1,Bolivia,CAF
ImmunologyResponseEvaluator,analyzeServerPerformance,2023-06-03,1,Bangladesh,TLS
InfectiousDiseaseMapper,simulateLoadBalancing,2023-04-04,2,Bosnia and Herzegovina,SYC
TelemedicineConsultationPortal,analyzeServerPerformance,2023-12-14,1,Eritrea,PSE
WoundCareToolkit,verifyDataIntegrity,2022-08-23,1,North Korea,CUB
SleepDisorderAnalyzer,reportSystemHealthStatus,2024-02-23,1,Brazil,DNK
MedicalBillingAndCoding,cleanTemporaryFiles,2023-10-09,1,Bahrain,COD
FertilityAndIVFHelper,cleanTemporaryFiles,2023-10-27,1,Swaziland,ZAF
PatientFeedbackAnalyzer,configureVirtualMachines,2024-06-12,2,Jordan,BEN
DermatologyTreatmentPlanner,optimizeDatabaseQueries,2022-08-09,2,Palau,MHL
OncologyTreatmentOptimizer,validateUserPermissions,2022-06-15,1,Ireland,PER
BloodPressureRegulator,manageResourceAllocation,2023-01-22,2,Malta,SEN
WoundCareToolkit,onGenerateFibulaPlanesTimerTimeout,2022-10-27,2,Monaco,DMA
AllergyReactionTracker,archiveOldLogFiles,2023-01-07,1,Spain,DOM
VaccineAdministrationLog,configureVirtualMachines,2023-02-15,2,South Georgia and the South Sandwich Islands,SRB
AmbulanceDispatchSystem,initializeSystemDiagnostics,2022-09-19,2,Seychelles,SLB
NeurosurgeryNavigationSystem,auditSecurityCompliance,2023-11-27,2,Saint Pierre and Miquelon,TZA
MentalHealthTherapyAssistant,deploySoftwareUpdates,2023-03-20,1,Indonesia,MMR
RadiologyImagingCenter,cleanTemporaryFiles,2022-07-17,1,Czech Republic,GHA
SurgicalInstrumentTracker,makeBooleanOperationsToFibulaSurgicalGuideBase,2022-10-03,1,Ukraine,CCK
NeurosurgeryNavigationSystem,analyzeServerPerformance,2024-11-25,2,Belize,AZE
RadiologyImagingCenter,scheduleSystemBackups,2023-06-01,1,Niger,AFG
MedicalResearchDatabase,configureVirtualMachines,2023-11-10,2,Mongolia,EGY
OphthalmologyVisionAnalyzer,initializeSystemDiagnostics,2022-05-23,1,Martinique,YEM
GastrointestinalTracker,manageResourceAllocation,2024-09-28,1,Pakistan,CRI
UrologyManagementSystem,reportSystemHealthStatus,2024-03-23,2,Uruguay,LKA
SportsInjuryPreventor,reportSystemHealthStatus,2022-05-16,1,Senegal,BHR
FertilityAndIVFHelper,verifyDataIntegrity,2024-06-26,1,Libya,KGZ
PatientEngagementHub,cleanTemporaryFiles,2023-09-02,2,Egypt,GLP
TelemedicineConsultationPortal,onGenerateFibulaPlanesTimerTimeout,2024-04-10,1,Réunion,BWA
PediatricCareAssistant,sendFunctionCountToServer,2022-08-17,1,Comoros,MRT
DiabetesCareManager,deploySoftwareUpdates,2022-08-31,2,Denmark,CPV
EmergencyResponseCoordinator,initializeSystemDiagnostics,2023-04-18,2,Cook Islands,ATF
MedicalBillingAndCoding,scheduleSystemBackups,2024-05-19,1,Uzbekistan,SLV
DermatologyTreatmentPlanner,configureVirtualMachines,2023-11-12,1,Japan,HND
HealthcarePolicyLibrary,trackApplicationDependencies,2022-05-18,2,Afghanistan,LBN
OrthopedicProcedureSimulator,configureVirtualMachines,2023-08-01,2,Slovenia,HRV
MedicalBillingAndCoding,cleanTemporaryFiles,2024-07-07,1,Holy See,PER
InfectiousDiseaseMapper,reportSystemHealthStatus,2024-04-24,1,Suriname,ISL
InfectiousDiseaseMapper,reportSystemHealthStatus,2024-11-12,2,United States Minor Outlying Islands,YEM
SleepDisorderAnalyzer,monitorNetworkLatency,2023-11-26,2,Saint Kitts and Nevis,SLB
ENTProcedureGuide,configureVirtualMachines,2024-04-17,1,South Africa,SDN
InfectiousDiseaseMapper,analyzeServerPerformance,2024-07-10,1,Equatorial Guinea,LBY
DermatologyTreatmentPlanner,archiveOldLogFiles,2024-02-09,2,Cabo Verde,TON
GeneticDisorderExplorer,optimizeDatabaseQueries,2023-08-25,1,Nigeria,DMA
WoundCareToolkit,trackApplicationDependencies,2023-01-03,1,Azerbaijan,JOR
NutritionAndDietPlanner,manageResourceAllocation,2022-12-30,2,Georgia,PRY
SurgicalInstrumentTracker,monitorNetworkLatency,2023-07-23,2,Viet Nam,BLM
OrthopedicProcedureSimulator,analyzeServerPerformance,2023-12-12,2,Jamaica,GEO
PulmonaryFunctionTester,sendFunctionCountToServer,2024-05-21,1,Turkmenistan,SAU
MedicalResearchDatabase,cleanTemporaryFiles,2022-02-13,2,Morocco,PAK
ImmunologyResponseEvaluator,deploySoftwareUpdates,2023-12-11,2,Togo,MNG
BloodPressureRegulator,onGenerateFibulaPlanesTimerTimeout,2022-07-29,1,Philippines,RWA
MedicalWasteManagement,reportSystemHealthStatus,2022-04-05,2,Canada,CUW
RehabilitationExercisePlanner,onGenerateFibulaPlanesTimerTimeout,2023-12-04,2,Holy See,SOM
MedicalEducationSimulator,generateEncryptionKeys,2023-07-08,1,South Korea,VEN
HealthcareComplianceMonitor,verifyDataIntegrity,2022-01-06,1,Pakistan,SYC
NeuralNetworkDiagnostics,cleanTemporaryFiles,2022-10-31,2,Chad,UMI
HematologyAnalyzer,optimizeDatabaseQueries,2023-09-09,1,Côte d'Ivoire,BVT
SportsInjuryPreventor,archiveOldLogFiles,2024-09-12,2,Pitcairn,PRT
FitnessAndWellnessGuide,initializeSystemDiagnostics,2022-06-12,1,Benin,AND
SportsInjuryPreventor,validateUserPermissions,2023-11-01,2,Norway,CRI
SurgicalInstrumentTracker,reportSystemHealthStatus,2022-12-10,1,South Sudan,PHL
PediatricCareAssistant,optimizeDatabaseQueries,2023-02-03,1,Congo,COG
ObstetricsLaborTracker,deploySoftwareUpdates,2023-04-12,2,Armenia,AFG
MedicalWasteManagement,sendFunctionCountToServer,2023-09-26,2,Russian Federation,REU
FitnessAndWellnessGuide,analyzeServerPerformance,2023-03-03,2,Paraguay,FRA
NutritionAndDietPlanner,trackApplicationDependencies,2024-01-26,1,Samoa,NOR
ENTProcedureGuide,generateEncryptionKeys,2024-04-26,1,Iceland,ZMB
TelemedicineConsultationPortal,trackApplicationDependencies,2022-01-22,1,South Sudan,TUV
BloodPressureRegulator,initializeSystemDiagnostics,2023-02-01,1,Cocos (Keeling) Islands,ETH
HospitalRoomAllocationSystem,scheduleSystemBackups,2022-03-17,2,Djibouti,AND
PainManagementAdvisor,restoreArchivedData,2024-11-14,1,Hungary,MMR
DiabetesCareManager,sendFunctionCountToServer,2024-03-03,2,New Caledonia,SYR
SurgicalInstrumentTracker,calculateOptimalPathways,2023-11-14,1,Niger,ITA
BloodPressureRegulator,scheduleSystemBackups,2023-06-14,1,North Korea,BRA
PatientEngagementHub,initializeSystemDiagnostics,2022-10-03,2,El Salvador,BHS
HospitalRoomAllocationSystem,configureVirtualMachines,2022-09-06,2,Viet Nam,NAM
OrthopedicProcedureSimulator,reportSystemHealthStatus,2023-08-27,1,Gabon,NAM
OncologyTreatmentOptimizer,monitorNetworkLatency,2023-07-29,2,El Salvador,MMR
AllergyReactionTracker,initializeSystemDiagnostics,2022-01-30,1,Tunisia,BRB
PharmacyInventoryManager,simulateLoadBalancing,2023-07-13,2,Namibia,BRB
DermatologyTreatmentPlanner,archiveOldLogFiles,2023-01-26,1,Ghana,GUF
VaccineAdministrationLog,onGenerateFibulaPlanesTimerTimeout,2023-03-17,1,Macao,CZE
PediatricCareAssistant,simulateLoadBalancing,2022-06-24,1,Benin,VGB
GeriatricCarePlanner,monitorNetworkLatency,2023-06-13,2,Solomon Islands,REU
NeuralNetworkDiagnostics,simulateLoadBalancing,2022-04-26,1,Madagascar,HUN
UrologyManagementSystem,archiveOldLogFiles,2023-03-26,2,Bermuda,AIA
HospitalRoomAllocationSystem,optimizeDatabaseQueries,2024-03-14,1,Sierra Leone,BVT
EmergencyResponseCoordinator,auditSecurityCompliance,2024-10-11,2,Cook Islands,GAB
RehabilitationExercisePlanner,trackApplicationDependencies,2022-09-12,2,Thailand,COG
SportsInjuryPreventor,initializeSystemDiagnostics,2024-02-12,2,Iraq,BFA
TelemedicineConsultationPortal,manageResourceAllocation,2023-09-07,1,Argentina,CAF
MedicalBillingAndCoding,generateEncryptionKeys,2023-07-28,1,Micronesia,JOR
SubstanceAbuseCounselor,simulateLoadBalancing,2023-03-16,1,Romania,MUS
AllergyReactionTracker,trackApplicationDependencies,2024-04-01,1,Gibraltar,SJM
InfectiousDiseaseMapper,validateUserPermissions,2024-09-02,1,Vanuatu,ALA
SubstanceAbuseCounselor,updateFirmwareVersions,2022-10-13,1,Guam,ASM
MentalHealthTherapyAssistant,updateFirmwareVersions,2022-01-21,2,Pakistan,KAZ
DiabetesCareManager,deploySoftwareUpdates,2023-12-05,2,Cook Islands,CUB
HematologyAnalyzer,updateFirmwareVersions,2022-08-12,2,Sierra Leone,SDN
DentalHealthProfiler,manageResourceAllocation,2024-11-06,1,Italy,JOR
HematologyAnalyzer,calculateOptimalPathways,2022-10-10,2,Kuwait,KEN
PediatricCareAssistant,updateFirmwareVersions,2024-12-12,1,Sudan,AUS
TelemedicineConsultationPortal,auditSecurityCompliance,2022-02-02,2,Malaysia,SPM
PatientFeedbackAnalyzer,analyzeServerPerformance,2024-11-10,1,China,SEN
ClinicalTrialManager,restoreArchivedData,2024-02-08,1,Ethiopia,SGS
NeuralNetworkDiagnostics,verifyDataIntegrity,2023-11-09,1,Samoa,SPM
ImmunologyResponseEvaluator,auditSecurityCompliance,2022-03-19,1,"Taiwan, Province of China",TCD
TelemedicineConsultationPortal,optimizeDatabaseQueries,2023-01-12,1,Iran,ATA
RehabilitationExercisePlanner,auditSecurityCompliance,2022-06-23,2,Tajikistan,JAM
SleepDisorderAnalyzer,optimizeDatabaseQueries,2024-06-30,1,American Samoa,NER
PatientEngagementHub,onGenerateFibulaPlanesTimerTimeout,2023-03-07,2,Maldives,UMI
UrologyManagementSystem,verifyDataIntegrity,2023-01-24,1,Slovakia,GEO
MedicalBillingAndCoding,restoreArchivedData,2023-03-14,2,Malawi,GTM
ENTProcedureGuide,simulateLoadBalancing,2023-08-04,1,Saudi Arabia,MLI
PharmacyInventoryManager,verifyDataIntegrity,2024-06-23,2,Norfolk Island,CMR
NeurosurgeryNavigationSystem,trackApplicationDependencies,2022-06-11,1,Brazil,GGY
TelemedicineConsultationPortal,onGenerateFibulaPlanesTimerTimeout,2022-12-01,2,Paraguay,ESH
MedicalBillingAndCoding,sendFunctionCountToServer,2023-10-15,1,United Arab Emirates,COG
DermatologyTreatmentPlanner,configureVirtualMachines,2024-07-31,1,North Korea,VUT
AllergyReactionTracker,updateFirmwareVersions,2022-10-12,2,El Salvador,CHE
FitnessAndWellnessGuide,configureVirtualMachines,2024-12-12,2,United States,HRV
PainManagementAdvisor,validateUserPermissions,2022-12-18,1,China,GTM
MedicalBillingAndCoding,restoreArchivedData,2024-06-21,2,Macedonia,MSR
SubstanceAbuseCounselor,restoreArchivedData,2022-06-04,2,Niger,DNK
OncologyTreatmentOptimizer,restoreArchivedData,2023-01-13,1,Viet Nam,GTM
NeuralNetworkDiagnostics,updateFirmwareVersions,2023-05-30,2,Finland,SLB
FitnessAndWellnessGuide,archiveOldLogFiles,2022-12-04,1,Venezuela,PYF
DentalHealthProfiler,sendFunctionCountToServer,2023-12-21,1,Iran,NRU
SportsInjuryPreventor,restoreArchivedData,2022-08-17,1,United Kingdom,ROU
MedicalBillingAndCoding,simulateLoadBalancing,2023-10-05,1,Hungary,SYR
HospitalRoomAllocationSystem,generateEncryptionKeys,2024-10-28,1,Italy,SEN
HealthcareComplianceMonitor,configureVirtualMachines,2023-12-12,2,Equatorial Guinea,BOL
SurgicalInstrumentTracker,optimizeDatabaseQueries,2022-05-15,2,Nepal,VCT
NeuralNetworkDiagnostics,monitorNetworkLatency,2023-10-14,2,Slovakia,BHR
InfectiousDiseaseMapper,validateUserPermissions,2023-05-08,2,Nigeria,LIE
DentalHealthProfiler,deploySoftwareUpdates,2023-07-29,1,Venezuela,IMN
UrologyManagementSystem,manageResourceAllocation,2024-01-18,2,French Southern Territories,ETH
AmbulanceDispatchSystem,optimizeDatabaseQueries,2024-09-06,2,Qatar,BGD
ClinicalTrialManager,configureVirtualMachines,2024-08-02,2,Mongolia,GLP
TelemedicineConsultationPortal,verifyDataIntegrity,2023-09-30,2,Greenland,ITA
MentalHealthTherapyAssistant,monitorNetworkLatency,2024-10-12,1,Guadeloupe,USA
RadiologyImagingCenter,trackApplicationDependencies,2022-07-01,2,Namibia,CMR
NeuralNetworkDiagnostics,restoreArchivedData,2024-06-10,2,Kenya,CIV
OrthopedicProcedureSimulator,simulateLoadBalancing,2022-07-03,2,Philippines,SVK
MedicalWasteManagement,onGenerateFibulaPlanesTimerTimeout,2022-03-24,1,Cayman Islands,LBN
SportsInjuryPreventor,analyzeServerPerformance,2022-01-04,1,Brunei Darussalam,CUB
PharmacyInventoryManager,updateFirmwareVersions,2022-11-24,2,South Georgia and the South Sandwich Islands,BLM
PulmonaryFunctionTester,onGenerateFibulaPlanesTimerTimeout,2022-09-17,2,Mexico,CYM
MentalHealthTherapyAssistant,generateEncryptionKeys,2022-08-11,1,Cameroon,PRI
MedicalEducationSimulator,simulateLoadBalancing,2023-02-03,1,New Caledonia,USA
VaccineAdministrationLog,cleanTemporaryFiles,2023-07-20,1,Kyrgyzstan,LVA
MedicalEducationSimulator,verifyDataIntegrity,2022-05-23,2,Burkina Faso,NLD
ImmunologyResponseEvaluator,simulateLoadBalancing,2023-11-10,1,Congo,PRK
GastrointestinalTracker,auditSecurityCompliance,2023-03-06,2,Nauru,SYC
GeneticDisorderExplorer,monitorNetworkLatency,2024-06-12,2,Turks and Caicos Islands,VCT
ObstetricsLaborTracker,restoreArchivedData,2023-11-30,1,Kuwait,NLD
MedicalEducationSimulator,trackApplicationDependencies,2024-05-22,2,Curaçao,GMB
ClinicalTrialManager,monitorNetworkLatency,2022-06-28,2,Cayman Islands,ATF
ObstetricsLaborTracker,onGenerateFibulaPlanesTimerTimeout,2022-09-12,2,Saudi Arabia,WLF
ImmunologyResponseEvaluator,validateUserPermissions,2023-01-29,1,Morocco,BEN
MedicalEducationSimulator,analyzeServerPerformance,2024-07-02,1,Central African Republic,TZA
GeriatricCarePlanner,trackApplicationDependencies,2022-04-17,2,Chad,DNK
MedicalBillingAndCoding,verifyDataIntegrity,2024-07-19,2,North Korea,SEN
HospitalRoomAllocationSystem,optimizeDatabaseQueries,2022-06-08,2,Cyprus,TCD
ImmunologyResponseEvaluator,simulateLoadBalancing,2024-07-05,2,Dominican Republic,MNG
ENTProcedureGuide,reportSystemHealthStatus,2023-02-01,2,Lebanon,SDN
NeuralNetworkDiagnostics,scheduleSystemBackups,2022-07-09,1,Greenland,GMB
DiabetesCareManager,updateFirmwareVersions,2023-12-24,2,Moldova,SLV
PediatricCareAssistant,optimizeDatabaseQueries,2024-12-07,1,Latvia,ESP
MedicalResearchDatabase,calculateOptimalPathways,2024-04-26,2,Mali,BLZ
GeriatricCarePlanner,auditSecurityCompliance,2023-10-26,1,Philippines,SSD
AmbulanceDispatchSystem,configureVirtualMachines,2023-02-24,2,Burkina Faso,MDG
PediatricCareAssistant,archiveOldLogFiles,2022-08-04,2,Paraguay,HTI
PulmonaryFunctionTester,initializeSystemDiagnostics,2024-03-20,1,Equatorial Guinea,PRY
OncologyTreatmentOptimizer,cleanTemporaryFiles,2024-01-06,2,Madagascar,KWT
MedicalResearchDatabase,verifyDataIntegrity,2023-02-23,2,Norfolk Island,NLD
ObstetricsLaborTracker,scheduleSystemBackups,2022-12-23,1,Senegal,BHS
EmergencyResponseCoordinator,deploySoftwareUpdates,2022-04-19,2,Equatorial Guinea,BLZ
FitnessAndWellnessGuide,restoreArchivedData,2022-07-19,2,Armenia,FJI
HealthcarePolicyLibrary,auditSecurityCompliance,2023-11-28,1,Kuwait,BEN
MedicalBillingAndCoding,scheduleSystemBackups,2024-11-23,1,San Marino,EST
NutritionAndDietPlanner,archiveOldLogFiles,2024-09-22,2,Comoros,MTQ
PediatricCareAssistant,optimizeDatabaseQueries,2022-06-26,1,Seychelles,MNE
SubstanceAbuseCounselor,calculateOptimalPathways,2024-08-31,1,Romania,REU
RadiologyImagingCenter,generateEncryptionKeys,2022-12-23,1,Malawi,MUS
ImmunologyResponseEvaluator,scheduleSystemBackups,2024-12-09,2,Morocco,TTO
ENTProcedureGuide,deploySoftwareUpdates,2023-02-06,1,Netherlands,LBR
AllergyReactionTracker,makeBooleanOperationsToFibulaSurgicalGuideBase,2022-08-21,2,Mozambique,MUS
PediatricCareAssistant,monitorNetworkLatency,2022-04-30,1,Chad,GUY
DermatologyTreatmentPlanner,onGenerateFibulaPlanesTimerTimeout,2024-09-05,2,Belize,WSM
MedicalWasteManagement,monitorNetworkLatency,2024-09-08,2,Gabon,ATA
MedicalBillingAndCoding,cleanTemporaryFiles,2023-02-17,2,Chile,SXM
PainManagementAdvisor,configureVirtualMachines,2022-07-13,2,Guatemala,GGY
PediatricCareAssistant,makeBooleanOperationsToFibulaSurgicalGuideBase,2023-12-14,2,Spain,VNM
NeurosurgeryNavigationSystem,generateEncryptionKeys,2022-01-21,2,Portugal,PAN
NutritionAndDietPlanner,manageResourceAllocation,2023-10-17,1,Christmas Island,SGS
InfectiousDiseaseMapper,deploySoftwareUpdates,2024-12-19,1,Saint Vincent and the Grenadines,OMN
OphthalmologyVisionAnalyzer,makeBooleanOperationsToFibulaSurgicalGuideBase,2023-06-20,2,Antarctica,SEN
TelemedicineConsultationPortal,monitorNetworkLatency,2022-06-14,1,Indonesia,PYF
MedicalWasteManagement,makeBooleanOperationsToFibulaSurgicalGuideBase,2024-07-17,2,Azerbaijan,COM
NutritionAndDietPlanner,simulateLoadBalancing,2024-06-03,1,Kuwait,ERI
HospitalRoomAllocationSystem,analyzeServerPerformance,2022-12-19,2,Latvia,COK
FitnessAndWellnessGuide,auditSecurityCompliance,2023-05-05,2,South Georgia and the South Sandwich Islands,GNB
NeuralNetworkDiagnostics,deploySoftwareUpdates,2022-10-09,2,Guinea-Bissau,CCK
ENTProcedureGuide,auditSecurityCompliance,2023-05-05,1,Angola,VEN
ENTProcedureGuide,monitorNetworkLatency,2024-08-11,2,United Arab Emirates,ZAF
PatientFeedbackAnalyzer,manageResourceAllocation,2023-07-08,2,Maldives,ABW
MentalHealthTherapyAssistant,scheduleSystemBackups,2022-06-16,2,South Africa,ECU
ImmunologyResponseEvaluator,auditSecurityCompliance,2022-08-22,2,Malawi,FRO
DentalHealthProfiler,scheduleSystemBackups,2022-06-17,2,Cambodia,BOL
SurgicalInstrumentTracker,generateEncryptionKeys,2022-03-09,2,Mozambique,KHM
GeneticDisorderExplorer,trackApplicationDependencies,2022-01-17,1,Lithuania,PLW
FitnessAndWellnessGuide,simulateLoadBalancing,2024-09-11,2,Nigeria,GRC
RehabilitationExercisePlanner,makeBooleanOperationsToFibulaSurgicalGuideBase,2023-07-18,2,Burkina Faso,SYR
SurgicalInstrumentTracker,calculateOptimalPathways,2023-11-04,2,South Africa,GIB
DentalHealthProfiler,auditSecurityCompliance,2022-03-04,1,Congo,GGY
SleepDisorderAnalyzer,validateUserPermissions,2022-07-04,2,French Guiana,BHR
RadiologyImagingCenter,calculateOptimalPathways,2023-08-23,1,Estonia,AND
SleepDisorderAnalyzer,optimizeDatabaseQueries,2024-07-05,2,Equatorial Guinea,GMB
PharmacyInventoryManager,calculateOptimalPathways,2022-07-11,2,Benin,TUV
SubstanceAbuseCounselor,auditSecurityCompliance,2023-05-21,2,Svalbard and Jan Mayen,MNE
HospitalRoomAllocationSystem,simulateLoadBalancing,2024-02-13,1,Thailand,GRC
RadiologyImagingCenter,generateEncryptionKeys,2024-03-15,2,Cyprus,AGO
CardiovascularAssessmentTool,calculateOptimalPathways,2023-04-01,1,Lao People's Democratic Republic,VIR
ImmunologyResponseEvaluator,auditSecurityCompliance,2023-02-26,2,Gibraltar,GTM
PediatricCareAssistant,trackApplicationDependencies,2023-12-07,1,Sierra Leone,VAT
UrologyManagementSystem,validateUserPermissions,2024-04-30,2,Kiribati,SXM
NeuralNetworkDiagnostics,manageResourceAllocation,2024-12-10,1,Guatemala,CYP
SurgicalInstrumentTracker,deploySoftwareUpdates,2023-01-21,2,Guinea,CPV
ObstetricsLaborTracker,analyzeServerPerformance,2023-06-20,2,Dominican Republic,NIU
OrthopedicProcedureSimulator,validateUserPermissions,2022-03-06,2,Azerbaijan,NLD
NutritionAndDietPlanner,deploySoftwareUpdates,2024-11-10,1,Congo,GUF
PharmacyInventoryManager,cleanTemporaryFiles,2023-04-21,2,Benin,AZE
OphthalmologyVisionAnalyzer,restoreArchivedData,2023-03-25,2,Myanmar,KNA
OncologyTreatmentOptimizer,trackApplicationDependencies,2024-01-08,1,Greece,SHN
NutritionAndDietPlanner,simulateLoadBalancing,2024-01-21,1,Moldova,FIN
NutritionAndDietPlanner,auditSecurityCompliance,2024-07-04,1,Montserrat,MMR
FertilityAndIVFHelper,updateFirmwareVersions,2024-02-26,1,North Korea,IRL
InfectiousDiseaseMapper,restoreArchivedData,2024-09-02,2,Cocos (Keeling) Islands,BGR
VaccineAdministrationLog,manageResourceAllocation,2022-11-27,1,Philippines,ECU
CardiovascularAssessmentTool,validateUserPermissions,2023-09-22,1,Angola,LSO
ObstetricsLaborTracker,scheduleSystemBackups,2024-11-30,1,Slovenia,LKA
NutritionAndDietPlanner,scheduleSystemBackups,2023-07-02,1,India,CMR
ENTProcedureGuide,updateFirmwareVersions,2022-08-20,1,Albania,IND
RehabilitationExercisePlanner,initializeSystemDiagnostics,2022-06-12,1,Kenya,BEN
FitnessAndWellnessGuide,sendFunctionCountToServer,2022-06-24,2,Sao Tome and Principe,MLT
DiabetesCareManager,deploySoftwareUpdates,2023-09-15,1,Trinidad and Tobago,GNB
MedicalWasteManagement,archiveOldLogFiles,2023-04-04,1,Sierra Leone,PLW
PulmonaryFunctionTester,archiveOldLogFiles,2023-06-16,1,Northern Mariana Islands,BLR
VaccineAdministrationLog,initializeSystemDiagnostics,2023-04-28,1,Equatorial Guinea,CZE
PatientEngagementHub,configureVirtualMachines,2023-02-22,2,Mexico,SYC
NutritionAndDietPlanner,configureVirtualMachines,2023-03-02,2,Virgin Islands (British),GRD
EmergencyResponseCoordinator,archiveOldLogFiles,2022-02-13,1,Mexico,DEU
HematologyAnalyzer,archiveOldLogFiles,2022-09-30,1,Tuvalu,ISR
SleepDisorderAnalyzer,sendFunctionCountToServer,2023-10-23,1,Cayman Islands,TKM
SurgicalInstrumentTracker,trackApplicationDependencies,2022-03-20,1,Isle of Man,PYF
PediatricCareAssistant,updateFirmwareVersions,2022-04-08,2,Iraq,MYS
PulmonaryFunctionTester,generateEncryptionKeys,2024-08-23,1,Northern Mariana Islands,CPV
InfectiousDiseaseMapper,calculateOptimalPathways,2022-09-11,2,Timor-Leste,SOM
SleepDisorderAnalyzer,manageResourceAllocation,2024-09-10,1,Mongolia,POL
EmergencyResponseCoordinator,archiveOldLogFiles,2024-05-13,2,Bermuda,CHN
DermatologyTreatmentPlanner,configureVirtualMachines,2024-10-31,1,Costa Rica,YEM
ImmunologyResponseEvaluator,archiveOldLogFiles,2022-02-23,1,Honduras,WSM
UrologyManagementSystem,validateUserPermissions,2022-02-25,2,Central African Republic,BMU
OrthopedicProcedureSimulator,restoreArchivedData,2023-02-06,1,"Palestine, State of",CRI
NeurosurgeryNavigationSystem,monitorNetworkLatency,2024-03-30,1,Oman,CYP
DermatologyTreatmentPlanner,auditSecurityCompliance,2023-09-02,1,Saint Helena,LAO
InfectiousDiseaseMapper,deploySoftwareUpdates,2022-09-17,2,Turkmenistan,COG
GeriatricCarePlanner,trackApplicationDependencies,2022-04-05,1,Saint Pierre and Miquelon,SVN
ImmunologyResponseEvaluator,reportSystemHealthStatus,2023-10-06,2,Svalbard and Jan Mayen,ABW
PatientFeedbackAnalyzer,restoreArchivedData,2023-09-19,1,Cabo Verde,RUS
FertilityAndIVFHelper,simulateLoadBalancing,2022-09-25,1,Australia,BWA
RehabilitationExercisePlanner,updateFirmwareVersions,2024-10-28,1,South Africa,GEO
RadiologyImagingCenter,cleanTemporaryFiles,2024-10-15,2,Guatemala,CUB
MedicalResearchDatabase,reportSystemHealthStatus,2024-02-07,2,Sierra Leone,SWZ
VaccineAdministrationLog,initializeSystemDiagnostics,2023-06-07,2,Dominican Republic,COD
WoundCareToolkit,updateFirmwareVersions,2023-07-04,1,Anguilla,PHL
MedicalBillingAndCoding,reportSystemHealthStatus,2023-03-11,1,Pakistan,OMN
SurgicalInstrumentTracker,monitorNetworkLatency,2022-10-12,2,Colombia,AUT
PainManagementAdvisor,auditSecurityCompliance,2023-10-27,1,Cabo Verde,PAN
PatientFeedbackAnalyzer,trackApplicationDependencies,2024-04-28,1,Hungary,GIB
HematologyAnalyzer,generateEncryptionKeys,2023-07-15,2,France,BES
RehabilitationExercisePlanner,onGenerateFibulaPlanesTimerTimeout,2023-08-25,2,Jamaica,TWN
PatientEngagementHub,deploySoftwareUpdates,2022-11-22,1,Ethiopia,YEM
PharmacyInventoryManager,calculateOptimalPathways,2024-03-21,1,India,NZL
TelemedicineConsultationPortal,deploySoftwareUpdates,2023-11-13,1,Saint Barthélemy,HTI
NeuralNetworkDiagnostics,cleanTemporaryFiles,2023-09-17,2,Malawi,ITA
AllergyReactionTracker,simulateLoadBalancing,2023-12-24,1,Mauritius,SRB
ImmunologyResponseEvaluator,manageResourceAllocation,2022-09-09,2,Myanmar,ARE
SleepDisorderAnalyzer,restoreArchivedData,2022-02-24,1,Brunei Darussalam,DZA
HealthcarePolicyLibrary,makeBooleanOperationsToFibulaSurgicalGuideBase,2024-03-24,1,Algeria,TJK
WoundCareToolkit,updateFirmwareVersions,2024-08-01,2,Maldives,AUS
DermatologyTreatmentPlanner,restoreArchivedData,2024-02-01,2,Dominican Republic,KWT
BloodPressureRegulator,reportSystemHealthStatus,2023-03-21,2,China,IRL
NutritionAndDietPlanner,validateUserPermissions,2022-02-25,2,Saint Kitts and Nevis,AIA
RehabilitationExercisePlanner,optimizeDatabaseQueries,2022-04-23,2,Croatia,CHE
FertilityAndIVFHelper,simulateLoadBalancing,2022-05-30,2,Falkland Islands (Malvinas),TJK
DiabetesCareManager,manageResourceAllocation,2023-04-15,1,Nicaragua,TUR
BloodPressureRegulator,auditSecurityCompliance,2023-04-19,1,Marshall Islands,IRN
OncologyTreatmentOptimizer,sendFunctionCountToServer,2024-12-06,1,Ireland,TKL
PatientFeedbackAnalyzer,trackApplicationDependencies,2022-08-02,1,Czech Republic,MAR
InfectiousDiseaseMapper,cleanTemporaryFiles,2022-07-26,2,Ghana,PHL
GeneticDisorderExplorer,makeBooleanOperationsToFibulaSurgicalGuideBase,2024-11-28,1,Slovenia,CRI
AllergyReactionTracker,simulateLoadBalancing,2022-12-30,1,Armenia,MYS
BloodPressureRegulator,updateFirmwareVersions,2022-06-21,2,Myanmar,SAU
InfectiousDiseaseMapper,manageResourceAllocation,2024-03-25,1,British Indian Ocean Territory,BVT
MentalHealthTherapyAssistant,generateEncryptionKeys,2024-04-03,1,Kazakhstan,BRB
MentalHealthTherapyAssistant,monitorNetworkLatency,2022-02-02,1,Oman,GBR
EmergencyResponseCoordinator,optimizeDatabaseQueries,2022-01-27,2,Saint Lucia,BTN
NutritionAndDietPlanner,makeBooleanOperationsToFibulaSurgicalGuideBase,2023-11-24,1,Brunei Darussalam,PRI
ObstetricsLaborTracker,configureVirtualMachines,2022-07-23,1,Liechtenstein,MSR
MedicalWasteManagement,manageResourceAllocation,2024-08-27,2,Central African Republic,NOR
MedicalWasteManagement,updateFirmwareVersions,2023-01-12,2,Kiribati,SLB
UrologyManagementSystem,reportSystemHealthStatus,2024-07-14,2,Palau,UGA
CardiovascularAssessmentTool,verifyDataIntegrity,2023-05-11,2,Mongolia,FSM
NutritionAndDietPlanner,analyzeServerPerformance,2024-09-30,1,Bosnia and Herzegovina,JAM
GastrointestinalTracker,onGenerateFibulaPlanesTimerTimeout,2022-03-31,2,Ghana,BLZ
TelemedicineConsultationPortal,monitorNetworkLatency,2023-07-29,1,El Salvador,ATA
MedicalEducationSimulator,cleanTemporaryFiles,2022-09-09,2,Saint Barthélemy,ISR
GastrointestinalTracker,calculateOptimalPathways,2022-02-21,2,Spain,FJI
MedicalResearchDatabase,trackApplicationDependencies,2023-04-07,1,Macedonia,WLF
MedicalResearchDatabase,cleanTemporaryFiles,2022-02-10,2,Réunion,ZMB
AllergyReactionTracker,manageResourceAllocation,2024-10-11,2,Nigeria,PAK
NeuralNetworkDiagnostics,sendFunctionCountToServer,2024-08-15,2,Israel,MMR
FitnessAndWellnessGuide,archiveOldLogFiles,2023-09-29,1,Guernsey,IRN
HospitalRoomAllocationSystem,sendFunctionCountToServer,2022-04-28,1,Uruguay,FIN
UrologyManagementSystem,monitorNetworkLatency,2022-10-31,1,Morocco,ARG
NeurosurgeryNavigationSystem,cleanTemporaryFiles,2022-02-19,2,Belarus,IOT
ENTProcedureGuide,calculateOptimalPathways,2024-09-01,2,North Korea,GNB
GeneticDisorderExplorer,sendFunctionCountToServer,2023-12-13,2,Bahrain,LBN
RadiologyImagingCenter,manageResourceAllocation,2023-12-02,2,Togo,CMR
SportsInjuryPreventor,restoreArchivedData,2024-12-17,1,Pakistan,SPM
HealthcarePolicyLibrary,manageResourceAllocation,2022-10-15,2,Monaco,COL
ImmunologyResponseEvaluator,restoreArchivedData,2024-10-31,1,"Palestine, State of",IOT
HealthcarePolicyLibrary,verifyDataIntegrity,2023-10-20,2,Monaco,PLW
RehabilitationExercisePlanner,manageResourceAllocation,2024-08-21,1,Tajikistan,SLE
MedicalWasteManagement,sendFunctionCountToServer,2023-07-16,1,Lao People's Democratic Republic,UMI
SleepDisorderAnalyzer,updateFirmwareVersions,2024-10-22,2,Bouvet Island,JOR
MedicalResearchDatabase,archiveOldLogFiles,2022-08-16,2,Guinea-Bissau,VIR
HospitalRoomAllocationSystem,onGenerateFibulaPlanesTimerTimeout,2024-02-22,1,Guatemala,SWE
TelemedicineConsultationPortal,restoreArchivedData,2024-08-26,2,Oman,GTM
SportsInjuryPreventor,reportSystemHealthStatus,2022-07-13,1,Bahrain,ZAF
DiabetesCareManager,calculateOptimalPathways,2024-11-07,2,Cook Islands,BMU
PainManagementAdvisor,deploySoftwareUpdates,2022-06-12,1,Jersey,VCT
DermatologyTreatmentPlanner,reportSystemHealthStatus,2023-03-11,2,Congo,ZAF
CardiovascularAssessmentTool,manageResourceAllocation,2022-04-15,2,Andorra,BRA
InfectiousDiseaseMapper,simulateLoadBalancing,2022-12-24,1,Ghana,HRV
HospitalRoomAllocationSystem,analyzeServerPerformance,2022-05-24,2,Samoa,COL
VaccineAdministrationLog,cleanTemporaryFiles,2024-03-11,2,Myanmar,SWZ
RehabilitationExercisePlanner,sendFunctionCountToServer,2023-09-05,1,Comoros,CRI
AmbulanceDispatchSystem,validateUserPermissions,2022-08-25,1,Serbia,CCK
SleepDisorderAnalyzer,optimizeDatabaseQueries,2023-09-22,2,Slovenia,POL
SubstanceAbuseCounselor,verifyDataIntegrity,2024-09-04,2,Guinea,COL
NeuralNetworkDiagnostics,monitorNetworkLatency,2022-09-27,1,Nicaragua,LTU
VaccineAdministrationLog,sendFunctionCountToServer,2022-12-23,1,Bhutan,ZAF
HospitalRoomAllocationSystem,configureVirtualMachines,2023-07-02,2,Namibia,IMN
ClinicalTrialManager,scheduleSystemBackups,2024-01-21,1,Kazakhstan,GLP
CardiovascularAssessmentTool,monitorNetworkLatency,2024-02-15,2,Colombia,MLT
HematologyAnalyzer,makeBooleanOperationsToFibulaSurgicalGuideBase,2023-05-30,1,Cambodia,JAM
BloodPressureRegulator,configureVirtualMachines,2023-07-28,2,Paraguay,CMR
OrthopedicProcedureSimulator,monitorNetworkLatency,2022-01-23,2,New Caledonia,PRK
OncologyTreatmentOptimizer,monitorNetworkLatency,2022-03-19,2,Maldives,GAB
PatientFeedbackAnalyzer,generateEncryptionKeys,2022-05-11,1,Mauritius,NPL
PulmonaryFunctionTester,updateFirmwareVersions,2022-06-24,1,Saint Barthélemy,MLI
SurgicalInstrumentTracker,onGenerateFibulaPlanesTimerTimeout,2023-08-14,2,Finland,DMA
WoundCareToolkit,sendFunctionCountToServer,2022-09-30,1,Haiti,CAF
MentalHealthTherapyAssistant,auditSecurityCompliance,2022-08-28,1,Argentina,PYF
InfectiousDiseaseMapper,calculateOptimalPathways,2023-06-19,1,Armenia,ISL
BloodPressureRegulator,onGenerateFibulaPlanesTimerTimeout,2022-04-22,2,South Korea,GBR
OrthopedicProcedureSimulator,generateEncryptionKeys,2024-03-08,1,Mexico,MLT
DiabetesCareManager,cleanTemporaryFiles,2024-03-14,1,Poland,LSO
SurgicalInstrumentTracker,reportSystemHealthStatus,2022-12-10,1,Suriname,MKD
PediatricCareAssistant,simulateLoadBalancing,2023-11-15,2,Yemen,GNB
OncologyTreatmentOptimizer,auditSecurityCompliance,2024-03-07,2,Spain,TKM
GastrointestinalTracker,calculateOptimalPathways,2024-01-26,1,Serbia,PRI
UrologyManagementSystem,sendFunctionCountToServer,2022-06-27,2,Sweden,JEY
MedicalEducationSimulator,restoreArchivedData,2024-01-07,2,Georgia,NZL
TelemedicineConsultationPortal,analyzeServerPerformance,2022-05-31,2,Wallis and Futuna,LVA
HematologyAnalyzer,analyzeServerPerformance,2024-08-23,2,New Zealand,SLV
GeriatricCarePlanner,verifyDataIntegrity,2023-02-05,1,Afghanistan,BLM
GeneticDisorderExplorer,analyzeServerPerformance,2024-09-06,2,American Samoa,LCA
HematologyAnalyzer,reportSystemHealthStatus,2022-03-13,1,Venezuela,MTQ
RadiologyImagingCenter,optimizeDatabaseQueries,2024-05-02,1,United Kingdom,VNM
OphthalmologyVisionAnalyzer,makeBooleanOperationsToFibulaSurgicalGuideBase,2024-02-04,2,Mauritius,ARG
EmergencyResponseCoordinator,auditSecurityCompliance,2024-09-05,1,Eritrea,CUW
ENTProcedureGuide,initializeSystemDiagnostics,2023-10-16,2,United States Minor Outlying Islands,ARG
HealthcareComplianceMonitor,manageResourceAllocation,2024-07-14,1,New Zealand,POL
PatientFeedbackAnalyzer,restoreArchivedData,2022-05-30,2,Netherlands,AUT
RadiologyImagingCenter,reportSystemHealthStatus,2022-05-25,1,Chile,VUT
NutritionAndDietPlanner,reportSystemHealthStatus,2024-05-26,2,Norfolk Island,FLK
PatientFeedbackAnalyzer,scheduleSystemBackups,2022-07-12,1,Zimbabwe,IND
MedicalWasteManagement,deploySoftwareUpdates,2023-02-04,1,Nigeria,CAF
HealthcarePolicyLibrary,monitorNetworkLatency,2024-08-20,2,Somalia,MAR
DiabetesCareManager,analyzeServerPerformance,2022-07-20,1,Botswana,CHN
InfectiousDiseaseMapper,monitorNetworkLatency,2024-11-12,1,Denmark,LTU
RehabilitationExercisePlanner,configureVirtualMachines,2023-03-24,1,Syrian Arab Republic,SHN
SurgicalInstrumentTracker,initializeSystemDiagnostics,2023-05-14,1,Cocos (Keeling) Islands,BOL
NutritionAndDietPlanner,manageResourceAllocation,2024-09-05,2,Ecuador,COL
DermatologyTreatmentPlanner,restoreArchivedData,2023-12-13,1,Congo,ASM
GastrointestinalTracker,calculateOptimalPathways,2024-02-10,2,Venezuela,COL
ObstetricsLaborTracker,validateUserPermissions,2023-05-29,2,Latvia,CHE
SubstanceAbuseCounselor,archiveOldLogFiles,2024-08-08,1,Greece,SOM
NutritionAndDietPlanner,manageResourceAllocation,2022-09-23,1,Qatar,COL
PulmonaryFunctionTester,restoreArchivedData,2022-05-06,2,Chile,ATG
TelemedicineConsultationPortal,scheduleSystemBackups,2024-03-02,2,Saudi Arabia,VAT
NutritionAndDietPlanner,reportSystemHealthStatus,2023-06-04,1,Saudi Arabia,DMA
MedicalWasteManagement,deploySoftwareUpdates,2022-02-11,2,Haiti,PHL
DentalHealthProfiler,simulateLoadBalancing,2024-05-20,2,Jamaica,AUT
OrthopedicProcedureSimulator,analyzeServerPerformance,2022-08-01,1,Cameroon,PCN
AllergyReactionTracker,initializeSystemDiagnostics,2023-06-22,1,Mongolia,MWI
RehabilitationExercisePlanner,configureVirtualMachines,2022-01-01,2,Kiribati,TTO
PatientFeedbackAnalyzer,monitorNetworkLatency,2023-12-29,1,Hong Kong,PER
MedicalWasteManagement,archiveOldLogFiles,2023-01-30,2,Belarus,ITA
PulmonaryFunctionTester,configureVirtualMachines,2023-01-26,2,Turkey,GBR
MedicalResearchDatabase,archiveOldLogFiles,2024-01-01,1,Gambia,LKA
PatientFeedbackAnalyzer,generateEncryptionKeys,2022-09-16,2,Western Sahara,WSM
InfectiousDiseaseMapper,restoreArchivedData,2024-06-25,2,Gambia,GAB
ENTProcedureGuide,optimizeDatabaseQueries,2022-09-23,2,Burundi,MYS
FitnessAndWellnessGuide,trackApplicationDependencies,2023-04-22,1,Tuvalu,GRD
PulmonaryFunctionTester,simulateLoadBalancing,2022-06-22,1,United States Minor Outlying Islands,BEL
OphthalmologyVisionAnalyzer,analyzeServerPerformance,2022-12-10,2,Northern Mariana Islands,KAZ
HealthcareComplianceMonitor,makeBooleanOperationsToFibulaSurgicalGuideBase,2022-12-02,1,Malta,SGS
RadiologyImagingCenter,manageResourceAllocation,2024-04-11,1,Guinea,KWT
GeriatricCarePlanner,onGenerateFibulaPlanesTimerTimeout,2023-11-13,1,Saudi Arabia,MNG
ENTProcedureGuide,initializeSystemDiagnostics,2023-03-12,2,United States Minor Outlying Islands,CUB
HealthcareComplianceMonitor,monitorNetworkLatency,2024-11-05,2,Haiti,LBR
GeriatricCarePlanner,archiveOldLogFiles,2024-03-15,2,Turkmenistan,PAN
RadiologyImagingCenter,sendFunctionCountToServer,2022-09-18,2,Cocos (Keeling) Islands,DOM
EmergencyResponseCoordinator,optimizeDatabaseQueries,2023-01-06,2,Albania,GRL
AllergyReactionTracker,simulateLoadBalancing,2022-05-01,2,Eritrea,CPV
MedicalWasteManagement,makeBooleanOperationsToFibulaSurgicalGuideBase,2023-08-18,2,Congo,KAZ
PatientFeedbackAnalyzer,onGenerateFibulaPlanesTimerTimeout,2022-07-28,1,Samoa,EST
HealthcareComplianceMonitor,restoreArchivedData,2023-07-28,2,Estonia,LBY
VaccineAdministrationLog,configureVirtualMachines,2024-04-30,1,Palau,TON
NeurosurgeryNavigationSystem,initializeSystemDiagnostics,2022-07-07,2,Macedonia,VAT
CardiovascularAssessmentTool,generateEncryptionKeys,2024-04-03,1,Canada,BIH
AllergyReactionTracker,archiveOldLogFiles,2024-03-19,2,Swaziland,COM
DiabetesCareManager,manageResourceAllocation,2023-09-19,1,Australia,TKL
HospitalRoomAllocationSystem,cleanTemporaryFiles,2023-10-16,2,"Taiwan, Province of China",OMN
FitnessAndWellnessGuide,onGenerateFibulaPlanesTimerTimeout,2024-07-11,1,Jordan,SAU
NutritionAndDietPlanner,cleanTemporaryFiles,2024-12-03,1,Tokelau,SSD
GeneticDisorderExplorer,manageResourceAllocation,2022-09-29,2,Austria,SDN
RadiologyImagingCenter,generateEncryptionKeys,2023-01-19,2,Saint Lucia,ETH
SportsInjuryPreventor,onGenerateFibulaPlanesTimerTimeout,2023-12-27,1,Kenya,THA
FertilityAndIVFHelper,updateFirmwareVersions,2023-01-05,2,Kyrgyzstan,IOT
GeriatricCarePlanner,trackApplicationDependencies,2022-08-09,2,Mauritania,AFG
PainManagementAdvisor,optimizeDatabaseQueries,2024-02-18,1,Saint Kitts and Nevis,CIV
DentalHealthProfiler,cleanTemporaryFiles,2024-07-02,1,Kiribati,SYC
BloodPressureRegulator,simulateLoadBalancing,2023-06-26,1,Antigua and Barbuda,CYM
NeurosurgeryNavigationSystem,updateFirmwareVersions,2022-04-12,2,British Indian Ocean Territory,IND
PatientFeedbackAnalyzer,updateFirmwareVersions,2024-08-13,1,Falkland Islands (Malvinas),BLM
EmergencyResponseCoordinator,scheduleSystemBackups,2023-03-30,1,Comoros,LUX
PainManagementAdvisor,generateEncryptionKeys,2024-05-07,1,Saint Pierre and Miquelon,GNQ
ClinicalTrialManager,updateFirmwareVersions,2023-08-30,2,Spain,AUT
PainManagementAdvisor,initializeSystemDiagnostics,2023-01-20,1,El Salvador,MTQ
HematologyAnalyzer,archiveOldLogFiles,2022-02-01,1,Burkina Faso,CHE
NeurosurgeryNavigationSystem,verifyDataIntegrity,2022-06-25,1,Luxembourg,KIR
DiabetesCareManager,configureVirtualMachines,2023-01-07,2,British Indian Ocean Territory,FSM
ENTProcedureGuide,monitorNetworkLatency,2024-04-10,2,El Salvador,BEL
TelemedicineConsultationPortal,restoreArchivedData,2023-08-03,1,Côte d'Ivoire,NRU
InfectiousDiseaseMapper,deploySoftwareUpdates,2023-01-16,1,Christmas Island,SGP
HospitalRoomAllocationSystem,updateFirmwareVersions,2023-08-25,1,Georgia,MAR
DiabetesCareManager,archiveOldLogFiles,2022-11-16,1,Russian Federation,TJK
MedicalEducationSimulator,validateUserPermissions,2023-12-25,1,Jersey,CMR
BloodPressureRegulator,restoreArchivedData,2023-09-23,1,Malta,TCD
PediatricCareAssistant,simulateLoadBalancing,2022-08-09,1,Saint Barthélemy,SGS
DentalHealthProfiler,manageResourceAllocation,2024-11-12,2,French Guiana,MWI
HospitalRoomAllocationSystem,scheduleSystemBackups,2023-02-20,1,Myanmar,NIC
MentalHealthTherapyAssistant,sendFunctionCountToServer,2023-03-27,2,Panama,MNP
PatientFeedbackAnalyzer,calculateOptimalPathways,2022-04-05,1,Heard Island and McDonald Islands,GBR
SportsInjuryPreventor,manageResourceAllocation,2024-02-23,2,Brazil,PAN
GastrointestinalTracker,cleanTemporaryFiles,2024-12-12,2,Jordan,KOR
ENTProcedureGuide,validateUserPermissions,2022-09-12,2,Peru,PRK
HealthcarePolicyLibrary,cleanTemporaryFiles,2023-11-15,2,Czech Republic,MUS
OphthalmologyVisionAnalyzer,scheduleSystemBackups,2023-06-18,2,Japan,REU
MentalHealthTherapyAssistant,configureVirtualMachines,2024-07-09,1,Afghanistan,TUV
HospitalRoomAllocationSystem,makeBooleanOperationsToFibulaSurgicalGuideBase,2022-05-05,2,British Indian Ocean Territory,NIU
SubstanceAbuseCounselor,updateFirmwareVersions,2024-01-18,1,France,MEX
RadiologyImagingCenter,verifyDataIntegrity,2022-09-18,2,Barbados,ROU
PatientEngagementHub,verifyDataIntegrity,2023-09-06,2,Greenland,UMI
OrthopedicProcedureSimulator,configureVirtualMachines,2023-09-08,1,Zambia,NPL
PatientFeedbackAnalyzer,deploySoftwareUpdates,2022-02-18,1,United States,ABW
OrthopedicProcedureSimulator,trackApplicationDependencies,2022-01-22,1,Curaçao,SAU
NutritionAndDietPlanner,simulateLoadBalancing,2023-07-07,2,Seychelles,SVK
EndocrineHealthMonitor,archiveOldLogFiles,2023-11-23,2,Lebanon,QAT
PainManagementAdvisor,updateFirmwareVersions,2024-04-13,1,Cabo Verde,DMA
OncologyTreatmentOptimizer,makeBooleanOperationsToFibulaSurgicalGuideBase,2023-07-07,2,Tanzania,EST
DermatologyTreatmentPlanner,manageResourceAllocation,2022-04-30,2,Greenland,TKM
DiabetesCareManager,reportSystemHealthStatus,2022-08-15,1,French Southern Territories,IRQ
GeriatricCarePlanner,configureVirtualMachines,2023-09-28,1,Nigeria,ERI
EmergencyResponseCoordinator,makeBooleanOperationsToFibulaSurgicalGuideBase,2024-02-05,2,Suriname,IMN
MedicalBillingAndCoding,onGenerateFibulaPlanesTimerTimeout,2023-03-21,2,Vanuatu,WLF
InfectiousDiseaseMapper,generateEncryptionKeys,2023-09-05,2,Botswana,SYC
DermatologyTreatmentPlanner,archiveOldLogFiles,2023-07-18,2,Norfolk Island,IDN
NutritionAndDietPlanner,makeBooleanOperationsToFibulaSurgicalGuideBase,2024-09-15,1,Cocos (Keeling) Islands,TKM
CardiovascularAssessmentTool,trackApplicationDependencies,2023-10-31,1,Bermuda,GMB
SportsInjuryPreventor,simulateLoadBalancing,2022-05-10,1,Argentina,SYC
WoundCareToolkit,analyzeServerPerformance,2023-02-28,2,British Indian Ocean Territory,AUT
PharmacyInventoryManager,archiveOldLogFiles,2024-12-26,1,Central African Republic,TCD
HealthcarePolicyLibrary,simulateLoadBalancing,2022-09-05,1,Côte d'Ivoire,MNE
DiabetesCareManager,manageResourceAllocation,2024-12-29,2,Somalia,MTQ
PatientFeedbackAnalyzer,archiveOldLogFiles,2022-08-29,1,Brazil,BHR
RehabilitationExercisePlanner,configureVirtualMachines,2023-08-07,2,Niue,BLR
FertilityAndIVFHelper,scheduleSystemBackups,2023-07-14,1,New Zealand,ZAF
HematologyAnalyzer,generateEncryptionKeys,2024-05-24,1,Bahamas,GRL
NeurosurgeryNavigationSystem,optimizeDatabaseQueries,2023-10-28,2,Saint Barthélemy,AUS
HealthcarePolicyLibrary,verifyDataIntegrity,2023-11-25,2,Brunei Darussalam,NOR
GeneticDisorderExplorer,cleanTemporaryFiles,2023-12-21,1,Bosnia and Herzegovina,VIR
OphthalmologyVisionAnalyzer,validateUserPermissions,2022-12-29,1,Lithuania,GAB
PediatricCareAssistant,archiveOldLogFiles,2022-10-17,2,Antarctica,SWZ
GeriatricCarePlanner,analyzeServerPerformance,2022-09-17,1,French Guiana,SWE
RehabilitationExercisePlanner,scheduleSystemBackups,2024-03-08,2,Kyrgyzstan,PRI
InfectiousDiseaseMapper,analyzeServerPerformance,2022-12-29,2,Svalbard and Jan Mayen,KOR
WoundCareToolkit,monitorNetworkLatency,2023-09-01,2,Jamaica,CRI
GeneticDisorderExplorer,configureVirtualMachines,2022-12-05,1,Tuvalu,RWA
MedicalBillingAndCoding,updateFirmwareVersions,2024-11-23,1,Aruba,BMU
OphthalmologyVisionAnalyzer,onGenerateFibulaPlanesTimerTimeout,2024-12-26,1,Colombia,JPN
HospitalRoomAllocationSystem,initializeSystemDiagnostics,2024-04-26,1,French Guiana,JAM
ImmunologyResponseEvaluator,analyzeServerPerformance,2023-11-17,2,Central African Republic,MNP
BloodPressureRegulator,deploySoftwareUpdates,2022-12-23,2,Algeria,ALB
GastrointestinalTracker,onGenerateFibulaPlanesTimerTimeout,2023-11-16,2,Netherlands,SRB
PharmacyInventoryManager,archiveOldLogFiles,2024-09-20,1,France,ALA
GastrointestinalTracker,optimizeDatabaseQueries,2023-12-04,1,Uzbekistan,ISR
MedicalWasteManagement,initializeSystemDiagnostics,2023-08-04,1,American Samoa,SMR
ImmunologyResponseEvaluator,generateEncryptionKeys,2023-04-19,1,Austria,NCL
NutritionAndDietPlanner,makeBooleanOperationsToFibulaSurgicalGuideBase,2023-06-30,2,Guernsey,GRL
PediatricCareAssistant,sendFunctionCountToServer,2022-03-16,1,Cambodia,GGY
OncologyTreatmentOptimizer,initializeSystemDiagnostics,2024-10-12,1,Nepal,HTI
FitnessAndWellnessGuide,generateEncryptionKeys,2023-09-22,2,Andorra,NFK
OncologyTreatmentOptimizer,calculateOptimalPathways,2022-03-19,2,Saint Barthélemy,VCT
TelemedicineConsultationPortal,restoreArchivedData,2024-03-31,1,New Zealand,EST
ClinicalTrialManager,analyzeServerPerformance,2022-03-15,2,Tanzania,MRT
ImmunologyResponseEvaluator,archiveOldLogFiles,2023-02-10,2,Guadeloupe,HKG
HospitalRoomAllocationSystem,cleanTemporaryFiles,2022-03-31,1,Jordan,ARE
ImmunologyResponseEvaluator,deploySoftwareUpdates,2023-09-06,1,Tokelau,CZE
WoundCareToolkit,scheduleSystemBackups,2024-12-19,1,Western Sahara,KAZ
EndocrineHealthMonitor,scheduleSystemBackups,2024-05-21,2,Nauru,LCA
SubstanceAbuseCounselor,analyzeServerPerformance,2022-09-29,2,Sint Maarten (Dutch part),MDG
WoundCareToolkit,updateFirmwareVersions,2024-06-10,1,Solomon Islands,TGO
ImmunologyResponseEvaluator,auditSecurityCompliance,2024-09-19,1,Canada,MLT
UrologyManagementSystem,sendFunctionCountToServer,2023-04-05,2,Malaysia,UMI
ImmunologyResponseEvaluator,analyzeServerPerformance,2023-01-14,2,Cabo Verde,TLS
MedicalWasteManagement,scheduleSystemBackups,2024-02-13,2,Anguilla,CHN
ClinicalTrialManager,simulateLoadBalancing,2023-04-04,1,Mauritania,CIV
GeneticDisorderExplorer,onGenerateFibulaPlanesTimerTimeout,2024-05-31,2,Belgium,HKG
OphthalmologyVisionAnalyzer,simulateLoadBalancing,2023-03-10,1,Belgium,IDN
DiabetesCareManager,deploySoftwareUpdates,2023-03-14,1,Yemen,IRL
TelemedicineConsultationPortal,trackApplicationDependencies,2022-05-10,2,North Korea,ZMB
AllergyReactionTracker,validateUserPermissions,2023-05-19,2,South Korea,NPL
MedicalEducationSimulator,verifyDataIntegrity,2024-02-28,1,South Georgia and the South Sandwich Islands,GNB
PatientFeedbackAnalyzer,reportSystemHealthStatus,2022-12-19,1,Aruba,VGB
SleepDisorderAnalyzer,makeBooleanOperationsToFibulaSurgicalGuideBase,2023-10-13,1,Falkland Islands (Malvinas),PRI
FertilityAndIVFHelper,optimizeDatabaseQueries,2022-02-16,2,Nauru,KWT
RehabilitationExercisePlanner,trackApplicationDependencies,2024-05-13,1,Namibia,HKG
NutritionAndDietPlanner,trackApplicationDependencies,2022-04-14,2,New Caledonia,LUX
FitnessAndWellnessGuide,makeBooleanOperationsToFibulaSurgicalGuideBase,2023-09-12,2,Austria,GRC
ClinicalTrialManager,monitorNetworkLatency,2023-07-01,2,Saint Kitts and Nevis,LAO
MedicalEducationSimulator,onGenerateFibulaPlanesTimerTimeout,2023-02-07,2,Togo,COD
SubstanceAbuseCounselor,verifyDataIntegrity,2023-05-08,1,Suriname,UMI
OphthalmologyVisionAnalyzer,deploySoftwareUpdates,2023-01-20,1,Trinidad and Tobago,ESH
OrthopedicProcedureSimulator,initializeSystemDiagnostics,2022-07-10,2,Slovakia,ABW
DentalHealthProfiler,makeBooleanOperationsToFibulaSurgicalGuideBase,2024-11-11,2,South Korea,MYS
FertilityAndIVFHelper,initializeSystemDiagnostics,2024-12-06,2,Djibouti,MYT
SurgicalInstrumentTracker,validateUserPermissions,2024-12-04,1,Indonesia,GUY
RadiologyImagingCenter,calculateOptimalPathways,2022-09-24,2,United States,BRN
InfectiousDiseaseMapper,sendFunctionCountToServer,2022-10-19,1,New Zealand,GRC
GeneticDisorderExplorer,archiveOldLogFiles,2023-06-07,1,Niue,GUY
NeurosurgeryNavigationSystem,verifyDataIntegrity,2024-12-30,1,Seychelles,BES
GeneticDisorderExplorer,archiveOldLogFiles,2024-02-08,2,Denmark,ISR
PulmonaryFunctionTester,configureVirtualMachines,2022-08-19,1,Congo,GTM
OrthopedicProcedureSimulator,makeBooleanOperationsToFibulaSurgicalGuideBase,2024-04-02,2,Libya,BRN
MedicalWasteManagement,restoreArchivedData,2024-06-24,2,Sierra Leone,SJM
HematologyAnalyzer,validateUserPermissions,2023-06-13,1,Saint Lucia,AUS
ClinicalTrialManager,auditSecurityCompliance,2024-03-01,2,Gabon,ECU
InfectiousDiseaseMapper,cleanTemporaryFiles,2024-10-15,1,Faroe Islands,CCK
AmbulanceDispatchSystem,monitorNetworkLatency,2022-04-10,1,Tajikistan,SGP
CardiovascularAssessmentTool,deploySoftwareUpdates,2022-07-19,2,Saint Martin (French part),COL
TelemedicineConsultationPortal,makeBooleanOperationsToFibulaSurgicalGuideBase,2022-07-28,2,Bouvet Island,BOL
ClinicalTrialManager,restoreArchivedData,2023-09-13,2,Uzbekistan,STP
CardiovascularAssessmentTool,initializeSystemDiagnostics,2024-01-22,2,Spain,PHL
RadiologyImagingCenter,cleanTemporaryFiles,2022-01-15,1,Bahrain,NAM
HealthcareComplianceMonitor,generateEncryptionKeys,2022-09-05,1,Micronesia,SSD
AllergyReactionTracker,deploySoftwareUpdates,2022-05-17,1,Uganda,GHA
FertilityAndIVFHelper,makeBooleanOperationsToFibulaSurgicalGuideBase,2022-03-08,1,Montenegro,GRC
SportsInjuryPreventor,generateEncryptionKeys,2023-03-01,2,Aruba,CAF
ClinicalTrialManager,trackApplicationDependencies,2024-12-04,1,Germany,ROU
VaccineAdministrationLog,updateFirmwareVersions,2022-06-24,2,Liechtenstein,GRD
OncologyTreatmentOptimizer,generateEncryptionKeys,2023-09-02,1,Niger,PER
NeuralNetworkDiagnostics,scheduleSystemBackups,2022-11-02,1,Saint Lucia,SSD
PatientFeedbackAnalyzer,optimizeDatabaseQueries,2023-12-09,1,Central African Republic,FRA
GeneticDisorderExplorer,updateFirmwareVersions,2022-08-25,2,Lesotho,ISL
PatientFeedbackAnalyzer,monitorNetworkLatency,2022-12-04,2,Tuvalu,LBY
DentalHealthProfiler,auditSecurityCompliance,2023-09-28,2,Greenland,AUT
UrologyManagementSystem,makeBooleanOperationsToFibulaSurgicalGuideBase,2023-05-22,2,Aruba,NFK
ENTProcedureGuide,deploySoftwareUpdates,2024-11-17,2,Timor-Leste,IDN
MedicalWasteManagement,makeBooleanOperationsToFibulaSurgicalGuideBase,2023-05-25,1,Singapore,MKD
InfectiousDiseaseMapper,cleanTemporaryFiles,2022-05-20,1,Costa Rica,PRK
InfectiousDiseaseMapper,simulateLoadBalancing,2024-04-22,1,Faroe Islands,GNQ
UrologyManagementSystem,reportSystemHealthStatus,2023-01-22,1,Jersey,CCK
WoundCareToolkit,onGenerateFibulaPlanesTimerTimeout,2023-01-18,2,Somalia,GIB
HealthcareComplianceMonitor,simulateLoadBalancing,2023-06-30,2,Bouvet Island,PNG
AmbulanceDispatchSystem,initializeSystemDiagnostics,2024-05-15,2,Solomon Islands,PRY
WoundCareToolkit,verifyDataIntegrity,2024-02-06,2,Cayman Islands,IRN
BloodPressureRegulator,restoreArchivedData,2024-05-27,1,Israel,SGS
SubstanceAbuseCounselor,archiveOldLogFiles,2023-04-29,1,Slovakia,BFA
OncologyTreatmentOptimizer,initializeSystemDiagnostics,2022-08-26,1,Australia,AGO
ENTProcedureGuide,auditSecurityCompliance,2022-01-16,2,French Guiana,AZE
CardiovascularAssessmentTool,trackApplicationDependencies,2022-04-14,2,Palau,GRL
SleepDisorderAnalyzer,generateEncryptionKeys,2022-11-06,1,Antigua and Barbuda,PAN
NeuralNetworkDiagnostics,makeBooleanOperationsToFibulaSurgicalGuideBase,2024-01-09,1,San Marino,GMB
ClinicalTrialManager,reportSystemHealthStatus,2022-05-01,1,Mauritius,MDA
GastrointestinalTracker,restoreArchivedData,2022-04-26,2,Czech Republic,GHA
NeurosurgeryNavigationSystem,archiveOldLogFiles,2023-11-20,2,Liechtenstein,IND
HospitalRoomAllocationSystem,trackApplicationDependencies,2024-02-17,1,Comoros,GTM
SubstanceAbuseCounselor,archiveOldLogFiles,2023-11-29,2,Guyana,KNA
OncologyTreatmentOptimizer,calculateOptimalPathways,2022-12-09,2,Chile,RWA
SleepDisorderAnalyzer,cleanTemporaryFiles,2022-12-08,1,Djibouti,BES
ImmunologyResponseEvaluator,analyzeServerPerformance,2022-09-08,2,Romania,NFK
ImmunologyResponseEvaluator,auditSecurityCompliance,2023-11-26,2,Dominican Republic,CHE
PainManagementAdvisor,configureVirtualMachines,2023-06-26,2,Tanzania,ALA
FertilityAndIVFHelper,simulateLoadBalancing,2024-09-15,2,Dominican Republic,NCL
NutritionAndDietPlanner,restoreArchivedData,2023-06-30,2,Chile,BHS
SurgicalInstrumentTracker,verifyDataIntegrity,2023-10-29,1,Trinidad and Tobago,TWN
NutritionAndDietPlanner,trackApplicationDependencies,2024-07-07,1,Hong Kong,VCT
PatientEngagementHub,makeBooleanOperationsToFibulaSurgicalGuideBase,2022-06-29,2,Poland,TJK
ENTProcedureGuide,restoreArchivedData,2024-03-08,1,Montserrat,LUX
MedicalEducationSimulator,manageResourceAllocation,2022-02-03,2,Pakistan,HTI
SurgicalInstrumentTracker,manageResourceAllocation,2023-10-13,1,Guernsey,TUR
HospitalRoomAllocationSystem,optimizeDatabaseQueries,2023-05-04,2,Chile,MTQ
SubstanceAbuseCounselor,trackApplicationDependencies,2023-08-06,2,Belgium,TZA
MedicalWasteManagement,auditSecurityCompliance,2022-09-27,2,Montenegro,SYR
HospitalRoomAllocationSystem,deploySoftwareUpdates,2022-03-25,1,Kazakhstan,SHN
NeurosurgeryNavigationSystem,cleanTemporaryFiles,2022-01-13,2,South Korea,MLI
GastrointestinalTracker,sendFunctionCountToServer,2022-12-15,1,Moldova,ZMB
ClinicalTrialManager,updateFirmwareVersions,2022-03-10,1,Egypt,SHN
PharmacyInventoryManager,auditSecurityCompliance,2024-08-06,1,Curaçao,HRV
AllergyReactionTracker,makeBooleanOperationsToFibulaSurgicalGuideBase,2023-02-05,1,Tonga,MHL
MedicalWasteManagement,deploySoftwareUpdates,2022-11-19,2,Mayotte,JOR
BloodPressureRegulator,monitorNetworkLatency,2024-07-13,2,Bahamas,PRY
ObstetricsLaborTracker,optimizeDatabaseQueries,2023-07-11,2,North Korea,ZAF
HealthcarePolicyLibrary,optimizeDatabaseQueries,2022-10-29,1,Bangladesh,BEN
PatientFeedbackAnalyzer,simulateLoadBalancing,2024-05-22,2,Belize,ITA
DermatologyTreatmentPlanner,configureVirtualMachines,2024-12-18,2,Sao Tome and Principe,MMR
SubstanceAbuseCounselor,generateEncryptionKeys,2023-11-11,2,Lesotho,SVN
PainManagementAdvisor,simulateLoadBalancing,2024-01-14,2,Bangladesh,ERI
GeriatricCarePlanner,calculateOptimalPathways,2024-08-13,2,Italy,BLR
PainManagementAdvisor,configureVirtualMachines,2024-03-17,1,Zambia,COK
GeriatricCarePlanner,trackApplicationDependencies,2022-06-09,1,Myanmar,COD
HealthcareComplianceMonitor,analyzeServerPerformance,2024-04-29,1,"Palestine, State of",ECU
MentalHealthTherapyAssistant,sendFunctionCountToServer,2024-09-27,1,Côte d'Ivoire,JAM
GeneticDisorderExplorer,trackApplicationDependencies,2022-02-13,2,Andorra,LCA
OphthalmologyVisionAnalyzer,configureVirtualMachines,2022-08-23,1,Congo,PRY
FertilityAndIVFHelper,simulateLoadBalancing,2022-08-25,2,Cameroon,SSD
SportsInjuryPreventor,deploySoftwareUpdates,2022-04-04,1,Niue,SYC
ObstetricsLaborTracker,trackApplicationDependencies,2024-06-22,1,Mauritania,LVA
GeneticDisorderExplorer,makeBooleanOperationsToFibulaSurgicalGuideBase,2024-08-16,2,Kuwait,SMR
CardiovascularAssessmentTool,simulateLoadBalancing,2024-06-08,1,Panama,GNQ
ImmunologyResponseEvaluator,reportSystemHealthStatus,2023-11-04,1,Latvia,ATA
MentalHealthTherapyAssistant,archiveOldLogFiles,2023-06-24,2,Macedonia,THA
UrologyManagementSystem,scheduleSystemBackups,2022-12-25,1,Papua New Guinea,MRT
ENTProcedureGuide,onGenerateFibulaPlanesTimerTimeout,2022-11-11,1,"Bonaire, Sint Eustatius and Saba",ROU
MedicalEducationSimulator,verifyDataIntegrity,2022-11-12,2,Nauru,SPM
ImmunologyResponseEvaluator,optimizeDatabaseQueries,2024-11-27,1,Solomon Islands,ATG
AmbulanceDispatchSystem,cleanTemporaryFiles,2024-02-20,1,Hong Kong,PAK
PainManagementAdvisor,configureVirtualMachines,2023-07-01,1,Northern Mariana Islands,LBY
CardiovascularAssessmentTool,trackApplicationDependencies,2024-03-12,1,Guatemala,TLS
AllergyReactionTracker,reportSystemHealthStatus,2023-01-18,2,Paraguay,TWN
GastrointestinalTracker,initializeSystemDiagnostics,2022-07-15,1,Fiji,BGD
MedicalWasteManagement,scheduleSystemBackups,2024-09-07,1,Guinea-Bissau,TCA
DermatologyTreatmentPlanner,trackApplicationDependencies,2024-08-13,2,Libya,UZB
GeriatricCarePlanner,deploySoftwareUpdates,2023-09-04,2,Luxembourg,GEO
SportsInjuryPreventor,reportSystemHealthStatus,2023-11-01,2,Bosnia and Herzegovina,POL
MedicalBillingAndCoding,reportSystemHealthStatus,2024-11-30,2,Barbados,GEO
CardiovascularAssessmentTool,updateFirmwareVersions,2023-03-23,2,Argentina,MLT
MedicalBillingAndCoding,manageResourceAllocation,2022-09-08,2,Virgin Islands (U.S.),GEO
SurgicalInstrumentTracker,verifyDataIntegrity,2024-02-04,1,Wallis and Futuna,SMR
DentalHealthProfiler,trackApplicationDependencies,2023-03-24,2,Turks and Caicos Islands,TTO
OncologyTreatmentOptimizer,verifyDataIntegrity,2023-08-18,2,Faroe Islands,CCK
HealthcarePolicyLibrary,verifyDataIntegrity,2024-05-02,2,American Samoa,CPV
OphthalmologyVisionAnalyzer,manageResourceAllocation,2023-10-11,2,Central African Republic,GBR
UrologyManagementSystem,reportSystemHealthStatus,2024-02-02,1,Malawi,CAN
PharmacyInventoryManager,restoreArchivedData,2024-07-10,1,Niger,MOZ
DermatologyTreatmentPlanner,validateUserPermissions,2023-08-05,2,Oman,PLW
NeuralNetworkDiagnostics,trackApplicationDependencies,2024-02-03,2,Estonia,MOZ
HospitalRoomAllocationSystem,reportSystemHealthStatus,2023-06-10,1,Nicaragua,BLR
SubstanceAbuseCounselor,trackApplicationDependencies,2024-04-19,1,Latvia,BGR
DiabetesCareManager,archiveOldLogFiles,2022-10-05,2,Belize,IND
PharmacyInventoryManager,simulateLoadBalancing,2023-03-30,2,Saint Pierre and Miquelon,AUT
NutritionAndDietPlanner,updateFirmwareVersions,2022-01-28,2,Sao Tome and Principe,GUM
PainManagementAdvisor,manageResourceAllocation,2022-07-19,2,Israel,FRA
ENTProcedureGuide,verifyDataIntegrity,2024-08-26,2,Australia,ESP
HematologyAnalyzer,verifyDataIntegrity,2022-10-17,1,Uzbekistan,LBN
HospitalRoomAllocationSystem,archiveOldLogFiles,2024-03-22,2,Saint Lucia,SAU
SurgicalInstrumentTracker,sendFunctionCountToServer,2022-06-10,2,Cambodia,ATF
PatientEngagementHub,verifyDataIntegrity,2024-12-28,1,Congo,JEY
HematologyAnalyzer,reportSystemHealthStatus,2024-11-27,2,Peru,GRL
MedicalEducationSimulator,validateUserPermissions,2022-08-21,1,Moldova,BOL
MentalHealthTherapyAssistant,updateFirmwareVersions,2024-12-12,2,Thailand,CRI
MedicalWasteManagement,onGenerateFibulaPlanesTimerTimeout,2022-06-26,1,Haiti,KAZ
FitnessAndWellnessGuide,analyzeServerPerformance,2022-10-22,2,Gibraltar,BFA
OphthalmologyVisionAnalyzer,optimizeDatabaseQueries,2022-08-24,1,Namibia,BFA
DentalHealthProfiler,restoreArchivedData,2022-08-13,2,Togo,BGD
GastrointestinalTracker,scheduleSystemBackups,2024-02-08,2,Bermuda,FRA
GastrointestinalTracker,trackApplicationDependencies,2023-11-18,2,Austria,CCK
CardiovascularAssessmentTool,calculateOptimalPathways,2022-09-22,1,Algeria,GHA
SleepDisorderAnalyzer,onGenerateFibulaPlanesTimerTimeout,2022-02-18,1,Chile,CZE
PatientFeedbackAnalyzer,cleanTemporaryFiles,2023-02-19,1,Oman,SLV
GeneticDisorderExplorer,verifyDataIntegrity,2024-07-30,1,Thailand,CYM
PediatricCareAssistant,sendFunctionCountToServer,2024-09-18,2,"Palestine, State of",AUT
DentalHealthProfiler,updateFirmwareVersions,2022-09-20,1,North Korea,CYM
OncologyTreatmentOptimizer,simulateLoadBalancing,2023-06-28,1,Morocco,KOR
MedicalResearchDatabase,makeBooleanOperationsToFibulaSurgicalGuideBase,2024-12-31,2,Albania,LBY
NeuralNetworkDiagnostics,initializeSystemDiagnostics,2022-03-02,2,Iraq,VCT
DermatologyTreatmentPlanner,monitorNetworkLatency,2024-07-12,2,Cocos (Keeling) Islands,VEN
GeneticDisorderExplorer,deploySoftwareUpdates,2024-10-28,1,Guernsey,MAC
MedicalResearchDatabase,verifyDataIntegrity,2024-03-22,1,Mongolia,ESH
FertilityAndIVFHelper,trackApplicationDependencies,2023-12-10,1,Thailand,AND
MedicalWasteManagement,generateEncryptionKeys,2024-03-21,1,Holy See,VIR
RadiologyImagingCenter,archiveOldLogFiles,2022-05-31,1,China,SAU
SurgicalInstrumentTracker,onGenerateFibulaPlanesTimerTimeout,2024-11-30,2,Indonesia,TGO
MedicalBillingAndCoding,reportSystemHealthStatus,2023-06-26,2,Jersey,COL
RehabilitationExercisePlanner,sendFunctionCountToServer,2023-05-04,1,Nigeria,SVK
SportsInjuryPreventor,verifyDataIntegrity,2022-01-10,1,Macedonia,TKM
SleepDisorderAnalyzer,auditSecurityCompliance,2022-06-07,2,Vanuatu,MOZ
NutritionAndDietPlanner,reportSystemHealthStatus,2023-04-10,1,Venezuela,QAT
PharmacyInventoryManager,updateFirmwareVersions,2023-02-13,1,Jamaica,GGY
NeurosurgeryNavigationSystem,makeBooleanOperationsToFibulaSurgicalGuideBase,2022-05-22,1,Belgium,SVK
ClinicalTrialManager,updateFirmwareVersions,2022-03-31,2,"Bonaire, Sint Eustatius and Saba",MTQ
SubstanceAbuseCounselor,manageResourceAllocation,2024-04-03,2,Equatorial Guinea,CZE
VaccineAdministrationLog,restoreArchivedData,2024-02-28,1,Greenland,BMU
MedicalEducationSimulator,cleanTemporaryFiles,2022-01-30,1,Comoros,URY
MedicalResearchDatabase,sendFunctionCountToServer,2023-12-24,1,Sri Lanka,BEL
FitnessAndWellnessGuide,initializeSystemDiagnostics,2023-12-29,1,Oman,GNQ
HospitalRoomAllocationSystem,manageResourceAllocation,2022-06-17,1,Myanmar,BRA
WoundCareToolkit,validateUserPermissions,2024-09-16,1,Bahamas,PRT
VaccineAdministrationLog,restoreArchivedData,2022-12-05,2,Bermuda,HUN
SubstanceAbuseCounselor,auditSecurityCompliance,2022-09-29,1,Antigua and Barbuda,OMN
RadiologyImagingCenter,manageResourceAllocation,2022-01-07,1,Aruba,GEO
OncologyTreatmentOptimizer,verifyDataIntegrity,2022-09-10,1,Cyprus,MWI
GeneticDisorderExplorer,configureVirtualMachines,2023-08-07,2,Myanmar,ZWE
PediatricCareAssistant,auditSecurityCompliance,2023-02-24,1,New Zealand,LUX
WoundCareToolkit,configureVirtualMachines,2024-05-20,1,French Guiana,SWE
OncologyTreatmentOptimizer,makeBooleanOperationsToFibulaSurgicalGuideBase,2024-06-16,1,Mongolia,VNM
BloodPressureRegulator,makeBooleanOperationsToFibulaSurgicalGuideBase,2023-08-12,2,Macedonia,PRK
PulmonaryFunctionTester,monitorNetworkLatency,2024-01-21,2,Côte d'Ivoire,CIV
PatientFeedbackAnalyzer,analyzeServerPerformance,2023-06-13,1,Egypt,SYR
PediatricCareAssistant,restoreArchivedData,2023-01-11,2,Mali,CHN
ENTProcedureGuide,monitorNetworkLatency,2024-11-13,1,Jersey,COD
InfectiousDiseaseMapper,analyzeServerPerformance,2022-11-02,2,Switzerland,DOM
CardiovascularAssessmentTool,restoreArchivedData,2022-02-05,1,Guinea,GIB
UrologyManagementSystem,initializeSystemDiagnostics,2023-10-29,1,Latvia,ATF
RadiologyImagingCenter,optimizeDatabaseQueries,2022-10-28,1,Netherlands,ESH
GastrointestinalTracker,reportSystemHealthStatus,2022-05-13,1,Virgin Islands (British),CHL
GeneticDisorderExplorer,sendFunctionCountToServer,2024-02-06,1,Guyana,SGP
PharmacyInventoryManager,initializeSystemDiagnostics,2023-10-10,2,Greece,MWI
NeuralNetworkDiagnostics,manageResourceAllocation,2024-07-30,1,Latvia,BHR
SubstanceAbuseCounselor,manageResourceAllocation,2022-08-18,1,Gambia,LBR
OncologyTreatmentOptimizer,sendFunctionCountToServer,2024-02-08,2,Liberia,QAT
UrologyManagementSystem,updateFirmwareVersions,2024-03-30,2,American Samoa,LBN
MedicalEducationSimulator,manageResourceAllocation,2022-07-25,1,Svalbard and Jan Mayen,NCL
FertilityAndIVFHelper,auditSecurityCompliance,2024-02-15,2,Togo,GGY
NeurosurgeryNavigationSystem,analyzeServerPerformance,2024-12-23,2,Nicaragua,JAM
AllergyReactionTracker,trackApplicationDependencies,2022-10-04,2,Suriname,BRA
UrologyManagementSystem,manageResourceAllocation,2022-02-08,1,Russian Federation,JPN
UrologyManagementSystem,trackApplicationDependencies,2024-04-13,1,France,CHN
GeriatricCarePlanner,verifyDataIntegrity,2023-04-13,2,Bangladesh,JOR
MedicalWasteManagement,archiveOldLogFiles,2022-07-13,2,Barbados,PYF
GeriatricCarePlanner,onGenerateFibulaPlanesTimerTimeout,2023-12-27,1,Saudi Arabia,LSO
GeneticDisorderExplorer,reportSystemHealthStatus,2023-02-23,2,Lebanon,HMD
GeriatricCarePlanner,validateUserPermissions,2022-12-14,2,Bangladesh,MNE
ObstetricsLaborTracker,sendFunctionCountToServer,2024-01-07,2,Croatia,PNG
ENTProcedureGuide,trackApplicationDependencies,2023-10-05,2,Burundi,VUT
UrologyManagementSystem,optimizeDatabaseQueries,2022-01-14,1,Liechtenstein,LCA
PainManagementAdvisor,verifyDataIntegrity,2024-10-22,1,Moldova,HKG
AllergyReactionTracker,onGenerateFibulaPlanesTimerTimeout,2022-10-29,1,South Georgia and the South Sandwich Islands,MSR
NeuralNetworkDiagnostics,archiveOldLogFiles,2022-04-26,2,Panama,SVN
SportsInjuryPreventor,verifyDataIntegrity,2022-11-03,2,Honduras,BRN
RehabilitationExercisePlanner,optimizeDatabaseQueries,2022-08-06,2,Saint Helena,COD
BloodPressureRegulator,optimizeDatabaseQueries,2022-11-10,1,Equatorial Guinea,GTM
MedicalWasteManagement,onGenerateFibulaPlanesTimerTimeout,2022-09-15,1,South Africa,HKG
HealthcareComplianceMonitor,archiveOldLogFiles,2024-01-22,2,Congo,CRI
FitnessAndWellnessGuide,monitorNetworkLatency,2023-12-31,1,Cuba,CMR
DermatologyTreatmentPlanner,simulateLoadBalancing,2022-02-01,2,"Bonaire, Sint Eustatius and Saba",FJI
GeriatricCarePlanner,calculateOptimalPathways,2024-03-14,1,Panama,IRN
ObstetricsLaborTracker,manageResourceAllocation,2023-11-27,2,Sint Maarten (Dutch part),DMA
FertilityAndIVFHelper,reportSystemHealthStatus,2022-09-01,1,Monaco,GRD
RadiologyImagingCenter,onGenerateFibulaPlanesTimerTimeout,2024-04-16,2,Tajikistan,GGY
SubstanceAbuseCounselor,makeBooleanOperationsToFibulaSurgicalGuideBase,2024-07-22,1,Colombia,FLK
MedicalResearchDatabase,initializeSystemDiagnostics,2023-08-22,2,Bahrain,NCL
OrthopedicProcedureSimulator,archiveOldLogFiles,2024-06-28,1,Monaco,GUM
PediatricCareAssistant,calculateOptimalPathways,2024-10-28,1,Switzerland,SWZ
BloodPressureRegulator,cleanTemporaryFiles,2022-11-22,2,Faroe Islands,TGO
UrologyManagementSystem,auditSecurityCompliance,2022-10-18,2,Canada,GIB
InfectiousDiseaseMapper,generateEncryptionKeys,2023-11-19,2,Bouvet Island,COG
OncologyTreatmentOptimizer,manageResourceAllocation,2022-02-14,2,Turkmenistan,MOZ
SleepDisorderAnalyzer,validateUserPermissions,2023-11-21,2,Switzerland,ROU
CardiovascularAssessmentTool,initializeSystemDiagnostics,2024-10-24,2,South Korea,LIE
MedicalWasteManagement,configureVirtualMachines,2023-12-29,1,Finland,AND
SubstanceAbuseCounselor,generateEncryptionKeys,2023-09-27,2,Tanzania,TON
PulmonaryFunctionTester,validateUserPermissions,2022-04-07,1,Guadeloupe,TUV
RehabilitationExercisePlanner,trackApplicationDependencies,2022-03-01,2,China,IRQ
MedicalWasteManagement,calculateOptimalPathways,2024-12-28,2,Israel,YEM
AllergyReactionTracker,deploySoftwareUpdates,2023-07-30,1,Togo,ABW
OncologyTreatmentOptimizer,scheduleSystemBackups,2024-08-22,2,Comoros,FLK
EndocrineHealthMonitor,monitorNetworkLatency,2024-08-12,2,Zambia,ABW
SubstanceAbuseCounselor,verifyDataIntegrity,2023-09-09,1,Bhutan,CUB
PainManagementAdvisor,archiveOldLogFiles,2022-07-07,2,Congo,BHS
PatientFeedbackAnalyzer,analyzeServerPerformance,2023-08-25,2,Malawi,MNG
NutritionAndDietPlanner,scheduleSystemBackups,2022-12-16,2,Heard Island and McDonald Islands,AIA
HealthcarePolicyLibrary,restoreArchivedData,2024-05-09,1,Rwanda,PAN
MedicalEducationSimulator,sendFunctionCountToServer,2024-06-08,2,South Sudan,KNA
ImmunologyResponseEvaluator,sendFunctionCountToServer,2024-03-23,2,Ecuador,MKD
VaccineAdministrationLog,validateUserPermissions,2023-06-24,2,Italy,VEN
VaccineAdministrationLog,generateEncryptionKeys,2023-09-02,1,Uzbekistan,CIV
PharmacyInventoryManager,configureVirtualMachines,2024-11-04,1,Cayman Islands,IOT
PulmonaryFunctionTester,deploySoftwareUpdates,2023-07-07,1,Albania,MCO
DentalHealthProfiler,makeBooleanOperationsToFibulaSurgicalGuideBase,2023-06-06,1,Belarus,BFA
HealthcarePolicyLibrary,auditSecurityCompliance,2024-08-18,2,Hungary,DZA
PulmonaryFunctionTester,sendFunctionCountToServer,2023-05-11,2,Ecuador,RUS
GeriatricCarePlanner,deploySoftwareUpdates,2024-08-06,1,Cambodia,LCA
OphthalmologyVisionAnalyzer,auditSecurityCompliance,2024-11-09,1,Barbados,AIA
ObstetricsLaborTracker,makeBooleanOperationsToFibulaSurgicalGuideBase,2022-08-26,1,Montserrat,TUR
FitnessAndWellnessGuide,initializeSystemDiagnostics,2023-01-31,2,Liechtenstein,CZE
MedicalEducationSimulator,sendFunctionCountToServer,2022-02-14,2,Mexico,BGR
AllergyReactionTracker,reportSystemHealthStatus,2023-04-01,2,Pitcairn,TWN
PainManagementAdvisor,makeBooleanOperationsToFibulaSurgicalGuideBase,2022-08-17,2,Nicaragua,TGO
AllergyReactionTracker,configureVirtualMachines,2024-06-24,1,Suriname,RUS
ENTProcedureGuide,simulateLoadBalancing,2023-04-19,1,Ukraine,BEL
PulmonaryFunctionTester,sendFunctionCountToServer,2023-06-26,1,Serbia,PRT
VaccineAdministrationLog,archiveOldLogFiles,2022-09-16,1,Kyrgyzstan,USA
RehabilitationExercisePlanner,analyzeServerPerformance,2023-09-13,1,Chad,SSD
FertilityAndIVFHelper,initializeSystemDiagnostics,2024-11-18,2,Congo,VNM
GastrointestinalTracker,onGenerateFibulaPlanesTimerTimeout,2024-12-22,1,Côte d'Ivoire,BIH
AmbulanceDispatchSystem,deploySoftwareUpdates,2023-02-20,2,South Korea,FRO
FitnessAndWellnessGuide,generateEncryptionKeys,2023-10-10,2,Niue,LBN
TelemedicineConsultationPortal,archiveOldLogFiles,2023-12-16,2,Luxembourg,BMU
EndocrineHealthMonitor,simulateLoadBalancing,2023-09-25,1,Nigeria,SRB
MedicalWasteManagement,analyzeServerPerformance,2022-02-07,2,Papua New Guinea,CYP
NeuralNetworkDiagnostics,analyzeServerPerformance,2024-09-23,1,Svalbard and Jan Mayen,VNM
AllergyReactionTracker,trackApplicationDependencies,2023-05-07,2,Bulgaria,HTI
NutritionAndDietPlanner,initializeSystemDiagnostics,2022-11-16,2,India,GEO
FitnessAndWellnessGuide,updateFirmwareVersions,2024-03-29,2,China,AND
ENTProcedureGuide,analyzeServerPerformance,2022-09-29,2,French Polynesia,ECU
MentalHealthTherapyAssistant,optimizeDatabaseQueries,2022-03-22,1,Argentina,LKA
OrthopedicProcedureSimulator,onGenerateFibulaPlanesTimerTimeout,2022-07-02,1,Norfolk Island,VUT
NeurosurgeryNavigationSystem,reportSystemHealthStatus,2023-09-10,1,Gibraltar,NIU
NeurosurgeryNavigationSystem,scheduleSystemBackups,2023-04-26,1,Congo,HTI
VaccineAdministrationLog,simulateLoadBalancing,2022-10-14,2,Macedonia,IND
ImmunologyResponseEvaluator,auditSecurityCompliance,2024-02-03,2,Ukraine,LCA
NutritionAndDietPlanner,monitorNetworkLatency,2023-08-06,2,Bahrain,ASM
WoundCareToolkit,scheduleSystemBackups,2023-10-13,1,Fiji,GEO
TelemedicineConsultationPortal,manageResourceAllocation,2023-01-18,1,Cabo Verde,ERI
PatientEngagementHub,validateUserPermissions,2023-03-06,1,Yemen,MKD
MedicalEducationSimulator,reportSystemHealthStatus,2024-09-12,1,Cocos (Keeling) Islands,HTI
MedicalBillingAndCoding,makeBooleanOperationsToFibulaSurgicalGuideBase,2024-06-27,2,Macedonia,ISR
AllergyReactionTracker,updateFirmwareVersions,2022-02-12,1,Guam,LBN
PediatricCareAssistant,initializeSystemDiagnostics,2023-06-23,2,South Africa,SVK
ImmunologyResponseEvaluator,optimizeDatabaseQueries,2022-03-24,2,Maldives,NFK
HealthcarePolicyLibrary,trackApplicationDependencies,2024-08-08,2,Qatar,MCO
WoundCareToolkit,generateEncryptionKeys,2022-05-04,2,Antarctica,COD
EndocrineHealthMonitor,manageResourceAllocation,2022-01-22,2,Guam,HKG
HospitalRoomAllocationSystem,restoreArchivedData,2022-08-13,2,Sint Maarten (Dutch part),HMD
SleepDisorderAnalyzer,initializeSystemDiagnostics,2023-09-06,2,Romania,AGO
OphthalmologyVisionAnalyzer,reportSystemHealthStatus,2022-01-14,1,Eritrea,NPL
SportsInjuryPreventor,scheduleSystemBackups,2024-03-07,2,Viet Nam,BTN
AllergyReactionTracker,manageResourceAllocation,2023-10-04,1,Brunei Darussalam,CXR
BloodPressureRegulator,validateUserPermissions,2024-04-11,1,Cameroon,SEN
AmbulanceDispatchSystem,deploySoftwareUpdates,2022-11-16,1,Greenland,SPM
HealthcarePolicyLibrary,calculateOptimalPathways,2024-04-29,1,Bangladesh,CRI
NeurosurgeryNavigationSystem,trackApplicationDependencies,2023-12-19,2,South Africa,SWZ
OphthalmologyVisionAnalyzer,calculateOptimalPathways,2022-09-05,2,Svalbard and Jan Mayen,IMN
OncologyTreatmentOptimizer,archiveOldLogFiles,2023-03-19,1,Grenada,CYM
WoundCareToolkit,generateEncryptionKeys,2024-07-27,1,Kazakhstan,NPL
AmbulanceDispatchSystem,initializeSystemDiagnostics,2023-05-24,2,Germany,CCK
ImmunologyResponseEvaluator,trackApplicationDependencies,2024-04-11,1,British Indian Ocean Territory,CPV
SubstanceAbuseCounselor,deploySoftwareUpdates,2024-01-30,1,British Indian Ocean Territory,ATA
RehabilitationExercisePlanner,calculateOptimalPathways,2024-02-06,1,Czech Republic,UZB
SportsInjuryPreventor,reportSystemHealthStatus,2024-12-22,2,Niger,MWI
UrologyManagementSystem,makeBooleanOperationsToFibulaSurgicalGuideBase,2022-06-29,2,Solomon Islands,ARM
FertilityAndIVFHelper,verifyDataIntegrity,2024-11-22,2,Ecuador,BEL
FitnessAndWellnessGuide,optimizeDatabaseQueries,2024-09-07,2,Greece,MNE
SurgicalInstrumentTracker,archiveOldLogFiles,2024-05-21,2,Sweden,VGB
NeurosurgeryNavigationSystem,monitorNetworkLatency,2023-01-09,1,Palau,NCL
AmbulanceDispatchSystem,generateEncryptionKeys,2024-10-25,1,Albania,NRU
ImmunologyResponseEvaluator,onGenerateFibulaPlanesTimerTimeout,2022-08-11,1,Saint Pierre and Miquelon,AUS
HealthcarePolicyLibrary,archiveOldLogFiles,2023-07-10,1,Guernsey,RWA
OphthalmologyVisionAnalyzer,auditSecurityCompliance,2024-11-29,1,Italy,SAU
SubstanceAbuseCounselor,calculateOptimalPathways,2023-12-09,1,Sao Tome and Principe,DNK
HealthcarePolicyLibrary,onGenerateFibulaPlanesTimerTimeout,2022-09-10,2,Madagascar,BWA
ClinicalTrialManager,optimizeDatabaseQueries,2023-02-07,2,Monaco,TUN
FitnessAndWellnessGuide,generateEncryptionKeys,2024-04-13,1,Tokelau,BVT
HematologyAnalyzer,auditSecurityCompliance,2024-03-24,1,Luxembourg,BRB
RehabilitationExercisePlanner,manageResourceAllocation,2022-02-04,2,Timor-Leste,BGR
FertilityAndIVFHelper,manageResourceAllocation,2022-11-29,1,Norway,UKR
PulmonaryFunctionTester,generateEncryptionKeys,2023-07-26,1,Guadeloupe,PRT
AllergyReactionTracker,configureVirtualMachines,2022-09-21,1,Lao People's Democratic Republic,NFK
SleepDisorderAnalyzer,monitorNetworkLatency,2023-08-10,1,Andorra,HUN
HealthcarePolicyLibrary,deploySoftwareUpdates,2022-08-01,2,Syrian Arab Republic,MOZ
TelemedicineConsultationPortal,deploySoftwareUpdates,2022-02-24,1,Romania,WSM
GeneticDisorderExplorer,optimizeDatabaseQueries,2022-02-04,2,Niue,AGO
HematologyAnalyzer,simulateLoadBalancing,2022-02-05,2,Moldova,NFK
NeurosurgeryNavigationSystem,archiveOldLogFiles,2023-10-09,1,Montserrat,ALB
RadiologyImagingCenter,makeBooleanOperationsToFibulaSurgicalGuideBase,2023-09-29,2,Sri Lanka,PCN
OncologyTreatmentOptimizer,calculateOptimalPathways,2023-05-12,1,Saint Martin (French part),PAN
GeriatricCarePlanner,monitorNetworkLatency,2024-05-20,1,Guadeloupe,DZA
PharmacyInventoryManager,auditSecurityCompliance,2024-01-16,2,Canada,GMB
SubstanceAbuseCounselor,onGenerateFibulaPlanesTimerTimeout,2022-01-21,1,Antigua and Barbuda,SMR
FitnessAndWellnessGuide,manageResourceAllocation,2023-04-13,2,Malawi,SGS
InfectiousDiseaseMapper,analyzeServerPerformance,2023-05-30,2,Djibouti,PNG
SubstanceAbuseCounselor,initializeSystemDiagnostics,2022-01-01,1,Pakistan,AUT
PainManagementAdvisor,optimizeDatabaseQueries,2022-08-15,2,Comoros,IRN
DermatologyTreatmentPlanner,verifyDataIntegrity,2022-12-14,1,Montserrat,BRN
ObstetricsLaborTracker,analyzeServerPerformance,2023-06-03,1,Uruguay,KHM
MedicalEducationSimulator,generateEncryptionKeys,2022-01-21,1,Canada,JEY
VaccineAdministrationLog,scheduleSystemBackups,2024-02-11,1,Dominican Republic,NFK
FitnessAndWellnessGuide,validateUserPermissions,2022-03-25,1,Virgin Islands (British),ABW
DiabetesCareManager,sendFunctionCountToServer,2024-11-16,1,Libya,LBN
HealthcarePolicyLibrary,scheduleSystemBackups,2024-03-11,1,Maldives,SGP
OncologyTreatmentOptimizer,sendFunctionCountToServer,2024-05-18,1,United Kingdom,TCA
InfectiousDiseaseMapper,simulateLoadBalancing,2024-02-07,1,Christmas Island,ABW
RadiologyImagingCenter,makeBooleanOperationsToFibulaSurgicalGuideBase,2024-05-08,2,Hungary,TUN
MedicalBillingAndCoding,scheduleSystemBackups,2022-08-08,2,Antigua and Barbuda,BGR
OncologyTreatmentOptimizer,validateUserPermissions,2023-05-29,2,Croatia,HKG
HealthcareComplianceMonitor,archiveOldLogFiles,2023-12-22,2,Gibraltar,ERI
ClinicalTrialManager,simulateLoadBalancing,2024-09-01,1,Jamaica,LTU
FitnessAndWellnessGuide,verifyDataIntegrity,2022-10-06,2,"Taiwan, Province of China",KHM
PulmonaryFunctionTester,analyzeServerPerformance,2023-02-08,2,Comoros,UGA
GastrointestinalTracker,auditSecurityCompliance,2024-06-12,1,Somalia,LUX
PharmacyInventoryManager,deploySoftwareUpdates,2022-01-10,2,Kazakhstan,IND
MedicalEducationSimulator,simulateLoadBalancing,2024-02-28,2,Belize,CAF
CardiovascularAssessmentTool,updateFirmwareVersions,2023-12-08,1,Ethiopia,MOZ
OrthopedicProcedureSimulator,monitorNetworkLatency,2024-04-16,1,Sierra Leone,BOL
PharmacyInventoryManager,cleanTemporaryFiles,2023-05-21,2,United States,HKG
FertilityAndIVFHelper,optimizeDatabaseQueries,2023-01-21,2,Tokelau,BTN
DermatologyTreatmentPlanner,archiveOldLogFiles,2022-06-10,1,Venezuela,MLT
ObstetricsLaborTracker,updateFirmwareVersions,2022-09-11,1,Netherlands,SYR
DentalHealthProfiler,manageResourceAllocation,2023-12-26,2,Isle of Man,USA
MedicalWasteManagement,analyzeServerPerformance,2023-03-03,1,Bahrain,BRA
MedicalBillingAndCoding,makeBooleanOperationsToFibulaSurgicalGuideBase,2022-01-29,2,Guinea-Bissau,EGY
DiabetesCareManager,cleanTemporaryFiles,2022-07-19,2,Åland Islands,FIN
RadiologyImagingCenter,trackApplicationDependencies,2024-11-18,1,Lao People's Democratic Republic,AUS
RehabilitationExercisePlanner,optimizeDatabaseQueries,2024-10-30,2,Cayman Islands,HRV
OphthalmologyVisionAnalyzer,initializeSystemDiagnostics,2024-10-21,1,Japan,GRL
UrologyManagementSystem,validateUserPermissions,2022-08-16,2,Montserrat,AGO
FitnessAndWellnessGuide,trackApplicationDependencies,2023-02-17,1,South Korea,FIN
ENTProcedureGuide,initializeSystemDiagnostics,2024-04-19,1,Belize,MAC
BloodPressureRegulator,monitorNetworkLatency,2024-03-07,1,India,COG
ENTProcedureGuide,onGenerateFibulaPlanesTimerTimeout,2023-08-15,1,Solomon Islands,ISL
SportsInjuryPreventor,simulateLoadBalancing,2023-06-27,1,Hungary,PRY
MedicalEducationSimulator,generateEncryptionKeys,2024-01-18,1,Cocos (Keeling) Islands,KOR
EmergencyResponseCoordinator,verifyDataIntegrity,2024-04-30,2,Chad,BWA
MedicalResearchDatabase,auditSecurityCompliance,2024-04-09,1,Faroe Islands,GUY
GeriatricCarePlanner,verifyDataIntegrity,2022-03-21,1,Romania,GIB
PainManagementAdvisor,cleanTemporaryFiles,2023-08-19,2,Syrian Arab Republic,TLS
AmbulanceDispatchSystem,onGenerateFibulaPlanesTimerTimeout,2023-01-12,2,Saudi Arabia,NZL
FertilityAndIVFHelper,optimizeDatabaseQueries,2023-07-23,2,Turks and Caicos Islands,AGO
VaccineAdministrationLog,calculateOptimalPathways,2024-12-29,2,Mauritania,BHS
HematologyAnalyzer,trackApplicationDependencies,2022-04-11,2,Denmark,THA
OrthopedicProcedureSimulator,monitorNetworkLatency,2023-03-09,2,Saint Vincent and the Grenadines,GAB
GeneticDisorderExplorer,scheduleSystemBackups,2023-12-11,2,Poland,BES
EmergencyResponseCoordinator,auditSecurityCompliance,2024-07-06,1,Myanmar,NLD
ObstetricsLaborTracker,onGenerateFibulaPlanesTimerTimeout,2024-03-05,1,Faroe Islands,BEL
NutritionAndDietPlanner,archiveOldLogFiles,2024-12-02,2,Jordan,BHR
PatientFeedbackAnalyzer,deploySoftwareUpdates,2022-09-17,1,Luxembourg,BRA
MedicalWasteManagement,archiveOldLogFiles,2022-08-13,1,Georgia,SUR
DermatologyTreatmentPlanner,cleanTemporaryFiles,2024-07-02,2,Malaysia,AUS
UrologyManagementSystem,sendFunctionCountToServer,2023-02-02,1,Burkina Faso,AUS
SubstanceAbuseCounselor,optimizeDatabaseQueries,2022-02-26,2,Ecuador,MYS
SubstanceAbuseCounselor,optimizeDatabaseQueries,2023-05-13,2,Mexico,BEN
MedicalWasteManagement,scheduleSystemBackups,2022-08-28,1,Saint Martin (French part),LBN
PainManagementAdvisor,sendFunctionCountToServer,2023-08-06,1,Switzerland,ARG
HospitalRoomAllocationSystem,manageResourceAllocation,2024-09-11,1,Gibraltar,MLT
AmbulanceDispatchSystem,calculateOptimalPathways,2023-08-31,1,El Salvador,URY
CardiovascularAssessmentTool,auditSecurityCompliance,2022-09-15,1,Sri Lanka,GGY
ImmunologyResponseEvaluator,initializeSystemDiagnostics,2024-10-18,1,Virgin Islands (British),CHN
PainManagementAdvisor,optimizeDatabaseQueries,2022-08-26,1,Mozambique,EST
MedicalBillingAndCoding,deploySoftwareUpdates,2024-04-01,2,Sierra Leone,ASM
HealthcareComplianceMonitor,verifyDataIntegrity,2022-11-26,2,Brunei Darussalam,LKA
DermatologyTreatmentPlanner,makeBooleanOperationsToFibulaSurgicalGuideBase,2023-07-17,2,Mali,FRO
EndocrineHealthMonitor,makeBooleanOperationsToFibulaSurgicalGuideBase,2023-01-17,2,South Georgia and the South Sandwich Islands,TUR
UrologyManagementSystem,deploySoftwareUpdates,2023-05-16,1,Bermuda,CHN
UrologyManagementSystem,deploySoftwareUpdates,2023-10-22,2,French Polynesia,CYM
DermatologyTreatmentPlanner,analyzeServerPerformance,2024-11-30,2,United Kingdom,WLF
AllergyReactionTracker,makeBooleanOperationsToFibulaSurgicalGuideBase,2022-06-27,2,Georgia,RWA
MedicalBillingAndCoding,onGenerateFibulaPlanesTimerTimeout,2023-11-16,1,Eritrea,GUF
DiabetesCareManager,manageResourceAllocation,2022-10-10,1,Trinidad and Tobago,WLF
FitnessAndWellnessGuide,verifyDataIntegrity,2023-06-08,1,China,UMI
EndocrineHealthMonitor,updateFirmwareVersions,2024-03-19,2,Tajikistan,RWA
ClinicalTrialManager,updateFirmwareVersions,2022-05-06,2,United Arab Emirates,BRN
UrologyManagementSystem,initializeSystemDiagnostics,2022-10-08,2,Côte d'Ivoire,IOT
PatientFeedbackAnalyzer,generateEncryptionKeys,2024-08-14,2,Guyana,IRL
FitnessAndWellnessGuide,scheduleSystemBackups,2024-01-02,2,Italy,KGZ
HospitalRoomAllocationSystem,restoreArchivedData,2022-07-26,2,Serbia,DNK
OrthopedicProcedureSimulator,validateUserPermissions,2024-04-21,1,Haiti,ECU
PatientEngagementHub,configureVirtualMachines,2024-09-11,1,Réunion,FRO
OncologyTreatmentOptimizer,sendFunctionCountToServer,2023-01-16,2,Svalbard and Jan Mayen,MDV
PatientFeedbackAnalyzer,reportSystemHealthStatus,2024-07-19,1,Martinique,TKL
VaccineAdministrationLog,onGenerateFibulaPlanesTimerTimeout,2023-07-13,2,India,PSE
InfectiousDiseaseMapper,optimizeDatabaseQueries,2024-05-31,1,Samoa,BLM
EmergencyResponseCoordinator,optimizeDatabaseQueries,2022-12-15,1,Mongolia,GRC
FitnessAndWellnessGuide,reportSystemHealthStatus,2023-04-22,2,Georgia,CMR
DentalHealthProfiler,monitorNetworkLatency,2022-11-24,2,Croatia,CYP
OphthalmologyVisionAnalyzer,auditSecurityCompliance,2022-10-15,1,Gabon,UKR
BloodPressureRegulator,calculateOptimalPathways,2024-02-14,2,Saint Helena,ZMB
TelemedicineConsultationPortal,validateUserPermissions,2024-04-19,2,Antarctica,BGD
EmergencyResponseCoordinator,restoreArchivedData,2024-01-29,2,Cambodia,PAN
MedicalEducationSimulator,auditSecurityCompliance,2024-09-20,2,Iran,SWE
FitnessAndWellnessGuide,analyzeServerPerformance,2022-04-26,2,Antigua and Barbuda,BLZ
OrthopedicProcedureSimulator,manageResourceAllocation,2022-06-17,2,Niger,MMR
AmbulanceDispatchSystem,reportSystemHealthStatus,2024-06-08,1,Turkmenistan,VUT
MedicalBillingAndCoding,generateEncryptionKeys,2022-10-02,2,Turkmenistan,TGO
MedicalWasteManagement,monitorNetworkLatency,2024-11-18,2,Thailand,LVA
AllergyReactionTracker,manageResourceAllocation,2024-07-12,2,Côte d'Ivoire,VCT
MedicalResearchDatabase,validateUserPermissions,2024-07-30,2,Congo,ESH
GeneticDisorderExplorer,reportSystemHealthStatus,2023-07-13,1,Trinidad and Tobago,IOT
FertilityAndIVFHelper,onGenerateFibulaPlanesTimerTimeout,2023-10-14,2,El Salvador,NOR
PatientEngagementHub,generateEncryptionKeys,2023-12-03,2,Turks and Caicos Islands,GAB
MedicalWasteManagement,verifyDataIntegrity,2024-02-16,1,Tanzania,PLW
ImmunologyResponseEvaluator,reportSystemHealthStatus,2022-03-22,2,Fiji,TLS
DermatologyTreatmentPlanner,calculateOptimalPathways,2024-01-26,1,Guam,PRI
ImmunologyResponseEvaluator,configureVirtualMachines,2022-10-25,1,Argentina,CHE
ImmunologyResponseEvaluator,makeBooleanOperationsToFibulaSurgicalGuideBase,2024-11-20,1,Bangladesh,THA
SportsInjuryPreventor,makeBooleanOperationsToFibulaSurgicalGuideBase,2023-08-25,2,Congo,GRC
EmergencyResponseCoordinator,onGenerateFibulaPlanesTimerTimeout,2022-02-10,1,Serbia,TUR
NeuralNetworkDiagnostics,deploySoftwareUpdates,2024-05-21,1,Pakistan,TGO
RehabilitationExercisePlanner,initializeSystemDiagnostics,2023-12-15,2,Aruba,JOR
HealthcarePolicyLibrary,analyzeServerPerformance,2024-09-18,1,Guadeloupe,GUF
NeurosurgeryNavigationSystem,calculateOptimalPathways,2023-02-17,1,Paraguay,PAK
PainManagementAdvisor,validateUserPermissions,2024-07-17,1,Antarctica,GNB
DentalHealthProfiler,simulateLoadBalancing,2024-01-17,2,Turks and Caicos Islands,CPV
OphthalmologyVisionAnalyzer,sendFunctionCountToServer,2024-04-04,1,Iran,PRY
GastrointestinalTracker,trackApplicationDependencies,2024-07-07,1,Mexico,MKD
BloodPressureRegulator,manageResourceAllocation,2023-02-07,1,Marshall Islands,GIB
TelemedicineConsultationPortal,initializeSystemDiagnostics,2024-03-16,1,Samoa,GHA
PatientEngagementHub,scheduleSystemBackups,2023-12-06,2,Vanuatu,IOT
MedicalEducationSimulator,cleanTemporaryFiles,2024-12-03,2,North Korea,CAF
VaccineAdministrationLog,trackApplicationDependencies,2024-03-12,1,Burundi,JEY
ImmunologyResponseEvaluator,makeBooleanOperationsToFibulaSurgicalGuideBase,2024-09-22,2,Heard Island and McDonald Islands,USA
NutritionAndDietPlanner,updateFirmwareVersions,2024-06-09,1,Iraq,CMR
AmbulanceDispatchSystem,reportSystemHealthStatus,2024-01-29,1,Zimbabwe,PNG
InfectiousDiseaseMapper,makeBooleanOperationsToFibulaSurgicalGuideBase,2022-01-14,2,Netherlands,KGZ
RadiologyImagingCenter,optimizeDatabaseQueries,2022-01-18,2,Denmark,REU
EmergencyResponseCoordinator,simulateLoadBalancing,2023-10-27,1,Russian Federation,SPM
OncologyTreatmentOptimizer,sendFunctionCountToServer,2023-04-25,1,Cameroon,SLE
SurgicalInstrumentTracker,deploySoftwareUpdates,2022-07-03,2,Cuba,NCL
HealthcareComplianceMonitor,onGenerateFibulaPlanesTimerTimeout,2024-01-25,1,Jordan,SMR
NeuralNetworkDiagnostics,onGenerateFibulaPlanesTimerTimeout,2022-12-17,1,Serbia,GRC
BloodPressureRegulator,reportSystemHealthStatus,2022-06-06,2,Indonesia,FRO
MedicalResearchDatabase,sendFunctionCountToServer,2023-02-18,1,South Sudan,BRA
FertilityAndIVFHelper,manageResourceAllocation,2022-05-26,2,Honduras,SMR
FitnessAndWellnessGuide,restoreArchivedData,2023-12-10,2,Northern Mariana Islands,TCD
MedicalWasteManagement,validateUserPermissions,2022-10-08,1,Paraguay,TUV
DermatologyTreatmentPlanner,sendFunctionCountToServer,2024-10-04,2,Bermuda,PHL
MedicalEducationSimulator,generateEncryptionKeys,2022-08-19,1,Kyrgyzstan,BLR
WoundCareToolkit,makeBooleanOperationsToFibulaSurgicalGuideBase,2024-02-06,1,Palau,DNK
TelemedicineConsultationPortal,verifyDataIntegrity,2022-08-17,2,Ethiopia,UMI
MentalHealthTherapyAssistant,configureVirtualMachines,2024-10-15,1,"Palestine, State of",MAC
EmergencyResponseCoordinator,deploySoftwareUpdates,2023-05-28,2,Svalbard and Jan Mayen,COK
PatientFeedbackAnalyzer,archiveOldLogFiles,2022-04-21,2,Guinea-Bissau,KHM
HospitalRoomAllocationSystem,trackApplicationDependencies,2024-10-19,1,Kyrgyzstan,IOT
DentalHealthProfiler,manageResourceAllocation,2023-09-05,2,Namibia,MLT
HospitalRoomAllocationSystem,validateUserPermissions,2022-11-13,2,Aruba,GUM
PulmonaryFunctionTester,archiveOldLogFiles,2023-08-24,1,Monaco,CUW
OncologyTreatmentOptimizer,auditSecurityCompliance,2023-08-06,2,Guadeloupe,HTI
OphthalmologyVisionAnalyzer,scheduleSystemBackups,2022-06-06,1,Sierra Leone,BGD
PatientFeedbackAnalyzer,makeBooleanOperationsToFibulaSurgicalGuideBase,2023-04-14,1,Svalbard and Jan Mayen,MKD
HospitalRoomAllocationSystem,makeBooleanOperationsToFibulaSurgicalGuideBase,2023-08-29,1,Cayman Islands,SXM
HematologyAnalyzer,deploySoftwareUpdates,2024-11-29,2,Samoa,VCT
NutritionAndDietPlanner,configureVirtualMachines,2024-11-28,1,"Palestine, State of",HND
OphthalmologyVisionAnalyzer,analyzeServerPerformance,2023-12-30,1,Israel,JPN
BloodPressureRegulator,trackApplicationDependencies,2024-10-31,2,Swaziland,THA
PharmacyInventoryManager,trackApplicationDependencies,2024-02-27,2,Ghana,JAM
OphthalmologyVisionAnalyzer,analyzeServerPerformance,2024-03-29,1,Gambia,ITA
FertilityAndIVFHelper,reportSystemHealthStatus,2023-11-06,2,Macao,ALA
PharmacyInventoryManager,scheduleSystemBackups,2024-12-06,2,Namibia,COK
MedicalEducationSimulator,sendFunctionCountToServer,2024-05-17,2,Guadeloupe,ARE
NutritionAndDietPlanner,initializeSystemDiagnostics,2024-06-20,2,Greece,BRN
InfectiousDiseaseMapper,validateUserPermissions,2024-12-02,2,Côte d'Ivoire,MYS
AmbulanceDispatchSystem,restoreArchivedData,2024-08-15,1,Cambodia,ARM
FitnessAndWellnessGuide,initializeSystemDiagnostics,2022-09-29,1,Macao,TUR
AmbulanceDispatchSystem,deploySoftwareUpdates,2024-03-16,2,Curaçao,TKL
ENTProcedureGuide,optimizeDatabaseQueries,2023-10-17,1,Lao People's Democratic Republic,CAN
MedicalResearchDatabase,makeBooleanOperationsToFibulaSurgicalGuideBase,2022-01-16,2,Jamaica,BRN
NutritionAndDietPlanner,calculateOptimalPathways,2024-08-11,2,Honduras,SUR
BloodPressureRegulator,verifyDataIntegrity,2024-11-02,1,Uganda,PLW
BloodPressureRegulator,onGenerateFibulaPlanesTimerTimeout,2022-10-17,1,Réunion,KHM
ClinicalTrialManager,simulateLoadBalancing,2023-01-04,1,Sudan,CAN
GeriatricCarePlanner,verifyDataIntegrity,2024-06-03,1,Saint Pierre and Miquelon,ARG
HealthcareComplianceMonitor,simulateLoadBalancing,2024-10-11,1,Guinea-Bissau,BHR
CardiovascularAssessmentTool,configureVirtualMachines,2024-02-21,2,Libya,SPM
RehabilitationExercisePlanner,deploySoftwareUpdates,2022-07-30,2,Saint Helena,TKM
RadiologyImagingCenter,auditSecurityCompliance,2024-11-24,1,South Korea,BLZ
EndocrineHealthMonitor,analyzeServerPerformance,2024-09-29,2,Saint Barthélemy,NAM
TelemedicineConsultationPortal,auditSecurityCompliance,2022-10-03,1,Western Sahara,GUY
FertilityAndIVFHelper,validateUserPermissions,2023-01-28,1,Venezuela,NZL
HematologyAnalyzer,initializeSystemDiagnostics,2022-04-27,1,Botswana,PYF
SportsInjuryPreventor,analyzeServerPerformance,2022-04-13,2,Mongolia,GIN
NutritionAndDietPlanner,simulateLoadBalancing,2024-01-26,1,Greece,ETH
CardiovascularAssessmentTool,deploySoftwareUpdates,2022-08-06,1,Mali,CXR
HospitalRoomAllocationSystem,trackApplicationDependencies,2024-12-16,2,Austria,ARE
FitnessAndWellnessGuide,optimizeDatabaseQueries,2023-09-08,1,Estonia,COG
HospitalRoomAllocationSystem,configureVirtualMachines,2023-09-05,1,North Korea,ARM
EndocrineHealthMonitor,analyzeServerPerformance,2023-01-19,2,New Caledonia,VCT
ObstetricsLaborTracker,analyzeServerPerformance,2022-08-02,1,Czech Republic,DNK
TelemedicineConsultationPortal,manageResourceAllocation,2024-01-06,1,Armenia,ROU
SportsInjuryPreventor,scheduleSystemBackups,2024-09-02,1,Libya,ALA
EndocrineHealthMonitor,makeBooleanOperationsToFibulaSurgicalGuideBase,2023-04-02,1,San Marino,LAO
MedicalBillingAndCoding,deploySoftwareUpdates,2022-06-16,1,Hong Kong,SGS
MedicalEducationSimulator,makeBooleanOperationsToFibulaSurgicalGuideBase,2023-05-24,1,Ireland,BRA
DermatologyTreatmentPlanner,scheduleSystemBackups,2024-01-29,2,Côte d'Ivoire,KIR
DentalHealthProfiler,restoreArchivedData,2024-03-25,1,Belgium,CXR
MedicalWasteManagement,sendFunctionCountToServer,2022-07-16,2,Mexico,MMR
HealthcareComplianceMonitor,archiveOldLogFiles,2024-12-27,2,New Zealand,SMR
GastrointestinalTracker,configureVirtualMachines,2023-05-05,2,Cocos (Keeling) Islands,AZE
PatientFeedbackAnalyzer,scheduleSystemBackups,2022-03-28,1,Libya,BEL
UrologyManagementSystem,deploySoftwareUpdates,2022-06-10,1,Burundi,SMR
EndocrineHealthMonitor,archiveOldLogFiles,2023-11-29,2,Romania,ALB
VaccineAdministrationLog,verifyDataIntegrity,2023-03-21,2,Serbia,COL
DiabetesCareManager,analyzeServerPerformance,2024-01-25,2,Equatorial Guinea,FSM
GastrointestinalTracker,makeBooleanOperationsToFibulaSurgicalGuideBase,2023-03-22,1,Nigeria,PSE
MedicalResearchDatabase,initializeSystemDiagnostics,2022-08-06,2,Bangladesh,BLM
MedicalResearchDatabase,initializeSystemDiagnostics,2024-06-06,1,United States,NLD
SleepDisorderAnalyzer,updateFirmwareVersions,2024-02-08,2,Uzbekistan,DZA
RehabilitationExercisePlanner,initializeSystemDiagnostics,2024-04-24,1,Niger,GUM
AmbulanceDispatchSystem,archiveOldLogFiles,2023-07-17,2,Saint Helena,PNG
RehabilitationExercisePlanner,monitorNetworkLatency,2022-01-11,2,Viet Nam,CRI
FitnessAndWellnessGuide,sendFunctionCountToServer,2024-02-21,1,Antarctica,TKM
MedicalBillingAndCoding,deploySoftwareUpdates,2023-10-08,1,Botswana,ESH
ClinicalTrialManager,onGenerateFibulaPlanesTimerTimeout,2022-03-06,2,Norway,HRV
PulmonaryFunctionTester,archiveOldLogFiles,2022-07-31,1,Benin,ASM
PatientEngagementHub,makeBooleanOperationsToFibulaSurgicalGuideBase,2023-06-07,1,Benin,COM
OncologyTreatmentOptimizer,sendFunctionCountToServer,2023-01-04,1,Turkmenistan,AGO
PainManagementAdvisor,initializeSystemDiagnostics,2022-01-19,1,Chad,MOZ
FertilityAndIVFHelper,calculateOptimalPathways,2024-07-15,2,Ireland,YEM
VaccineAdministrationLog,reportSystemHealthStatus,2023-05-05,2,Italy,PCN
PainManagementAdvisor,generateEncryptionKeys,2022-05-18,1,Senegal,GHA
DentalHealthProfiler,cleanTemporaryFiles,2022-10-21,2,Tonga,IOT
OncologyTreatmentOptimizer,analyzeServerPerformance,2022-06-08,2,Kenya,GUM
EndocrineHealthMonitor,initializeSystemDiagnostics,2023-10-30,2,Antigua and Barbuda,VAT
RadiologyImagingCenter,monitorNetworkLatency,2024-02-05,2,Guadeloupe,QAT
DentalHealthProfiler,configureVirtualMachines,2024-03-15,2,Saint Helena,KGZ
DentalHealthProfiler,trackApplicationDependencies,2024-09-26,2,Belarus,SLB
OncologyTreatmentOptimizer,archiveOldLogFiles,2023-10-11,2,Burundi,CYM
WoundCareToolkit,optimizeDatabaseQueries,2024-12-04,1,Nicaragua,MCO
GastrointestinalTracker,onGenerateFibulaPlanesTimerTimeout,2024-09-15,1,French Southern Territories,AFG
GeneticDisorderExplorer,auditSecurityCompliance,2023-01-06,1,Panama,BEN
RadiologyImagingCenter,archiveOldLogFiles,2024-09-28,1,Liechtenstein,TLS
EndocrineHealthMonitor,scheduleSystemBackups,2022-11-07,2,Falkland Islands (Malvinas),KNA
HematologyAnalyzer,generateEncryptionKeys,2023-05-21,2,Tanzania,EGY
MentalHealthTherapyAssistant,updateFirmwareVersions,2023-12-07,1,Zimbabwe,TCD
NeurosurgeryNavigationSystem,deploySoftwareUpdates,2022-06-17,1,South Georgia and the South Sandwich Islands,DMA
InfectiousDiseaseMapper,makeBooleanOperationsToFibulaSurgicalGuideBase,2023-05-02,2,Georgia,MDV
TelemedicineConsultationPortal,monitorNetworkLatency,2022-12-15,1,Congo,WLF
SubstanceAbuseCounselor,scheduleSystemBackups,2024-12-25,1,Andorra,BEN
RadiologyImagingCenter,simulateLoadBalancing,2023-10-21,1,Cambodia,DNK
HospitalRoomAllocationSystem,updateFirmwareVersions,2024-06-21,1,Macedonia,MNG
CardiovascularAssessmentTool,optimizeDatabaseQueries,2023-10-18,2,Saint Kitts and Nevis,CUB
SurgicalInstrumentTracker,restoreArchivedData,2022-08-22,2,United States,NOR
SurgicalInstrumentTracker,cleanTemporaryFiles,2022-09-26,1,French Guiana,BMU
DiabetesCareManager,optimizeDatabaseQueries,2022-01-02,1,Fiji,LBN
GeriatricCarePlanner,analyzeServerPerformance,2024-07-11,2,Botswana,CAF
MedicalWasteManagement,simulateLoadBalancing,2022-04-04,2,Saint Lucia,FSM
NeurosurgeryNavigationSystem,trackApplicationDependencies,2023-08-17,1,Panama,MRT
HematologyAnalyzer,monitorNetworkLatency,2024-05-13,2,Nicaragua,SXM
DiabetesCareManager,archiveOldLogFiles,2024-12-16,1,Jordan,LKA
SleepDisorderAnalyzer,simulateLoadBalancing,2024-06-18,2,Sudan,UKR
MedicalEducationSimulator,auditSecurityCompliance,2024-09-14,2,Georgia,LTU
DentalHealthProfiler,onGenerateFibulaPlanesTimerTimeout,2023-06-07,2,Côte d'Ivoire,SMR
MedicalWasteManagement,optimizeDatabaseQueries,2024-06-09,1,Russian Federation,EST
DentalHealthProfiler,restoreArchivedData,2024-09-03,2,Saint Barthélemy,CIV
ENTProcedureGuide,initializeSystemDiagnostics,2022-12-18,2,Montenegro,LTU
SleepDisorderAnalyzer,simulateLoadBalancing,2022-06-11,2,Lebanon,SJM
BloodPressureRegulator,sendFunctionCountToServer,2023-04-08,2,Zambia,SLE
ENTProcedureGuide,generateEncryptionKeys,2024-03-01,2,Isle of Man,SHN
HealthcarePolicyLibrary,updateFirmwareVersions,2023-03-14,1,Eritrea,PRK
MedicalWasteManagement,sendFunctionCountToServer,2024-04-12,2,Guam,UGA
FitnessAndWellnessGuide,updateFirmwareVersions,2024-02-12,2,Guinea,LUX
EmergencyResponseCoordinator,scheduleSystemBackups,2023-03-02,2,Slovenia,NER
PatientEngagementHub,validateUserPermissions,2022-10-09,2,Panama,ESP
FertilityAndIVFHelper,restoreArchivedData,2022-05-01,2,New Zealand,GUM
ObstetricsLaborTracker,calculateOptimalPathways,2022-09-21,2,Greenland,PLW
UrologyManagementSystem,restoreArchivedData,2023-01-27,2,Ethiopia,GTM
EmergencyResponseCoordinator,scheduleSystemBackups,2022-06-09,2,Turkmenistan,QAT
MedicalEducationSimulator,manageResourceAllocation,2023-03-28,2,Pitcairn,NCL
SleepDisorderAnalyzer,restoreArchivedData,2023-01-04,2,French Polynesia,LBR
NeurosurgeryNavigationSystem,manageResourceAllocation,2024-03-26,1,Isle of Man,GUM
GeriatricCarePlanner,generateEncryptionKeys,2023-11-06,1,Belgium,MMR
SubstanceAbuseCounselor,sendFunctionCountToServer,2022-04-14,1,Swaziland,MTQ
CardiovascularAssessmentTool,archiveOldLogFiles,2023-09-02,1,Nepal,KNA
MedicalWasteManagement,manageResourceAllocation,2024-04-19,1,Niger,KNA
ObstetricsLaborTracker,monitorNetworkLatency,2024-12-31,1,Niue,ISR
ENTProcedureGuide,sendFunctionCountToServer,2024-06-25,2,South Sudan,KNA
PatientEngagementHub,updateFirmwareVersions,2022-11-28,1,Micronesia,FRA
AllergyReactionTracker,deploySoftwareUpdates,2024-07-05,2,Lebanon,MAR
HematologyAnalyzer,monitorNetworkLatency,2024-12-17,2,Namibia,AIA
PatientEngagementHub,generateEncryptionKeys,2023-09-03,1,Slovakia,BEN
GeriatricCarePlanner,configureVirtualMachines,2023-10-24,1,Antarctica,PRT
ENTProcedureGuide,onGenerateFibulaPlanesTimerTimeout,2023-01-01,2,Poland,GMB
ENTProcedureGuide,validateUserPermissions,2022-03-31,1,Antarctica,CMR
SubstanceAbuseCounselor,initializeSystemDiagnostics,2024-05-07,1,Madagascar,SOM
SportsInjuryPreventor,simulateLoadBalancing,2024-01-25,2,Belize,MDA
PatientFeedbackAnalyzer,trackApplicationDependencies,2022-05-19,2,Lebanon,BES
SleepDisorderAnalyzer,sendFunctionCountToServer,2024-10-23,2,Costa Rica,MNG
SubstanceAbuseCounselor,trackApplicationDependencies,2024-03-08,1,"Taiwan, Province of China",VUT
TelemedicineConsultationPortal,sendFunctionCountToServer,2023-02-22,1,Cayman Islands,PHL
EmergencyResponseCoordinator,onGenerateFibulaPlanesTimerTimeout,2023-10-03,2,Finland,MWI
DiabetesCareManager,reportSystemHealthStatus,2023-11-21,2,Dominica,BOL
NutritionAndDietPlanner,monitorNetworkLatency,2022-12-02,2,Gabon,HRV
PatientEngagementHub,sendFunctionCountToServer,2024-08-08,1,Guinea,PAK
MedicalWasteManagement,sendFunctionCountToServer,2023-09-30,2,Côte d'Ivoire,GUF
ENTProcedureGuide,validateUserPermissions,2022-10-05,1,Ecuador,VUT
ObstetricsLaborTracker,restoreArchivedData,2022-03-28,1,Cocos (Keeling) Islands,MCO
MedicalBillingAndCoding,trackApplicationDependencies,2022-01-11,1,Eritrea,GRL
MedicalEducationSimulator,archiveOldLogFiles,2024-04-07,1,Faroe Islands,POL
OphthalmologyVisionAnalyzer,makeBooleanOperationsToFibulaSurgicalGuideBase,2022-02-21,2,Mauritius,STP
RadiologyImagingCenter,auditSecurityCompliance,2022-02-06,2,Brazil,ZMB
UrologyManagementSystem,generateEncryptionKeys,2022-01-12,2,Saint Lucia,MOZ
RadiologyImagingCenter,initializeSystemDiagnostics,2022-10-07,2,Jamaica,KHM
GeriatricCarePlanner,calculateOptimalPathways,2024-01-05,1,Côte d'Ivoire,BRA
MentalHealthTherapyAssistant,restoreArchivedData,2024-05-18,2,Ireland,PAN
ClinicalTrialManager,verifyDataIntegrity,2023-04-25,2,Morocco,HMD
PulmonaryFunctionTester,auditSecurityCompliance,2022-12-23,2,Ecuador,UGA
InfectiousDiseaseMapper,archiveOldLogFiles,2022-10-28,2,French Polynesia,AUT
GeriatricCarePlanner,updateFirmwareVersions,2023-11-30,1,Montenegro,IRL
PharmacyInventoryManager,generateEncryptionKeys,2024-06-19,1,Latvia,SPM
NeurosurgeryNavigationSystem,auditSecurityCompliance,2022-05-17,1,Sierra Leone,CYP
HospitalRoomAllocationSystem,verifyDataIntegrity,2022-08-05,2,Azerbaijan,KHM
SleepDisorderAnalyzer,calculateOptimalPathways,2023-08-31,1,Tuvalu,LBR
PediatricCareAssistant,monitorNetworkLatency,2023-08-19,2,El Salvador,COL
WoundCareToolkit,calculateOptimalPathways,2023-12-07,1,Guinea,ZMB
EmergencyResponseCoordinator,calculateOptimalPathways,2023-02-10,1,Zambia,PHL
PharmacyInventoryManager,scheduleSystemBackups,2023-03-02,1,United Kingdom,SPM
CardiovascularAssessmentTool,auditSecurityCompliance,2022-04-10,2,Nepal,RWA
CardiovascularAssessmentTool,auditSecurityCompliance,2024-12-24,2,Uganda,MSR
MentalHealthTherapyAssistant,initializeSystemDiagnostics,2022-12-31,1,Bolivia,ATF
RadiologyImagingCenter,initializeSystemDiagnostics,2023-03-05,1,Nicaragua,ASM
FitnessAndWellnessGuide,simulateLoadBalancing,2024-03-13,1,Martinique,VIR
CardiovascularAssessmentTool,deploySoftwareUpdates,2023-08-14,1,American Samoa,GLP
DiabetesCareManager,analyzeServerPerformance,2024-01-17,1,Wallis and Futuna,AUS
DiabetesCareManager,trackApplicationDependencies,2023-02-11,1,Grenada,GUM
PulmonaryFunctionTester,manageResourceAllocation,2022-08-11,2,Greenland,KOR
CardiovascularAssessmentTool,optimizeDatabaseQueries,2024-11-09,1,Saudi Arabia,CHL
RadiologyImagingCenter,cleanTemporaryFiles,2023-08-02,2,Tajikistan,MNG
BloodPressureRegulator,simulateLoadBalancing,2023-04-09,1,Virgin Islands (U.S.),HTI
ObstetricsLaborTracker,archiveOldLogFiles,2023-10-30,1,Bosnia and Herzegovina,ZAF
NutritionAndDietPlanner,configureVirtualMachines,2024-08-04,1,Indonesia,EST
FertilityAndIVFHelper,reportSystemHealthStatus,2023-11-18,2,Nigeria,TON
RehabilitationExercisePlanner,simulateLoadBalancing,2023-09-14,2,Brunei Darussalam,CUW
DentalHealthProfiler,archiveOldLogFiles,2024-12-29,1,Venezuela,CYM
ImmunologyResponseEvaluator,configureVirtualMachines,2022-12-15,1,Djibouti,BGD
SleepDisorderAnalyzer,generateEncryptionKeys,2024-07-19,1,Czech Republic,ZWE
AmbulanceDispatchSystem,onGenerateFibulaPlanesTimerTimeout,2024-02-04,2,French Guiana,CUB
SubstanceAbuseCounselor,auditSecurityCompliance,2022-09-13,2,French Polynesia,BEN
EmergencyResponseCoordinator,optimizeDatabaseQueries,2022-07-19,1,Cocos (Keeling) Islands,BGD
ClinicalTrialManager,auditSecurityCompliance,2023-09-01,1,Yemen,TCD
PatientEngagementHub,initializeSystemDiagnostics,2024-07-26,1,Tokelau,NER
NeurosurgeryNavigationSystem,cleanTemporaryFiles,2022-09-16,1,Guinea-Bissau,LKA
OrthopedicProcedureSimulator,manageResourceAllocation,2023-05-24,1,British Indian Ocean Territory,MAC
EndocrineHealthMonitor,verifyDataIntegrity,2023-03-27,2,Indonesia,KOR
NutritionAndDietPlanner,initializeSystemDiagnostics,2022-01-03,1,Pitcairn,WLF
SubstanceAbuseCounselor,scheduleSystemBackups,2022-12-19,2,Dominican Republic,YEM
ENTProcedureGuide,initializeSystemDiagnostics,2023-04-26,2,South Korea,TJK
MedicalWasteManagement,monitorNetworkLatency,2022-08-18,1,Japan,VUT
GastrointestinalTracker,optimizeDatabaseQueries,2024-10-18,1,Saint Helena,TUR
UrologyManagementSystem,trackApplicationDependencies,2022-10-16,1,Portugal,BLR
DiabetesCareManager,onGenerateFibulaPlanesTimerTimeout,2022-03-21,1,Niger,VUT
PediatricCareAssistant,archiveOldLogFiles,2023-06-07,2,Gibraltar,SAU
InfectiousDiseaseMapper,verifyDataIntegrity,2022-05-29,1,Northern Mariana Islands,YEM
AmbulanceDispatchSystem,calculateOptimalPathways,2023-02-23,2,Turkmenistan,DOM
SubstanceAbuseCounselor,simulateLoadBalancing,2022-11-18,1,Czech Republic,MUS
ObstetricsLaborTracker,onGenerateFibulaPlanesTimerTimeout,2024-12-08,1,Martinique,EST
PainManagementAdvisor,manageResourceAllocation,2022-12-10,1,Cabo Verde,ITA
OphthalmologyVisionAnalyzer,configureVirtualMachines,2024-04-30,2,Burkina Faso,STP
FertilityAndIVFHelper,trackApplicationDependencies,2022-02-12,1,"Palestine, State of",BOL
BloodPressureRegulator,initializeSystemDiagnostics,2022-05-19,1,Costa Rica,ASM
MentalHealthTherapyAssistant,scheduleSystemBackups,2023-05-04,2,Japan,GEO
DermatologyTreatmentPlanner,manageResourceAllocation,2023-07-21,2,Benin,MRT
HematologyAnalyzer,archiveOldLogFiles,2024-06-04,2,Macedonia,AND
GastrointestinalTracker,simulateLoadBalancing,2024-05-11,1,Egypt,HND
FitnessAndWellnessGuide,trackApplicationDependencies,2024-10-04,1,Turkmenistan,KHM
OrthopedicProcedureSimulator,trackApplicationDependencies,2024-03-10,1,United Kingdom,COG
NutritionAndDietPlanner,archiveOldLogFiles,2024-11-07,1,Christmas Island,VAT
ENTProcedureGuide,updateFirmwareVersions,2022-12-03,2,Tajikistan,LUX
ObstetricsLaborTracker,configureVirtualMachines,2022-01-12,1,Liberia,RWA
HospitalRoomAllocationSystem,archiveOldLogFiles,2024-03-09,1,Ethiopia,PLW
HospitalRoomAllocationSystem,cleanTemporaryFiles,2024-11-26,1,Heard Island and McDonald Islands,BRB
SleepDisorderAnalyzer,configureVirtualMachines,2022-10-04,2,Svalbard and Jan Mayen,GGY
PulmonaryFunctionTester,generateEncryptionKeys,2024-03-12,1,American Samoa,TJK
MedicalWasteManagement,makeBooleanOperationsToFibulaSurgicalGuideBase,2024-01-22,2,Ukraine,KAZ
OrthopedicProcedureSimulator,analyzeServerPerformance,2024-08-04,2,Azerbaijan,PRI
InfectiousDiseaseMapper,analyzeServerPerformance,2023-11-13,2,South Sudan,BRA
RadiologyImagingCenter,calculateOptimalPathways,2022-05-24,2,Albania,PCN
FertilityAndIVFHelper,scheduleSystemBackups,2022-10-12,2,Sweden,ITA
SurgicalInstrumentTracker,cleanTemporaryFiles,2022-12-15,2,Ukraine,PCN
HematologyAnalyzer,scheduleSystemBackups,2024-11-05,1,Guernsey,ASM
SportsInjuryPreventor,validateUserPermissions,2024-04-13,2,Italy,KAZ
GeneticDisorderExplorer,verifyDataIntegrity,2024-05-30,2,Holy See,LSO
BloodPressureRegulator,optimizeDatabaseQueries,2022-03-22,1,Seychelles,VAT
TelemedicineConsultationPortal,optimizeDatabaseQueries,2024-01-07,2,Albania,PYF
OphthalmologyVisionAnalyzer,reportSystemHealthStatus,2022-01-23,1,Georgia,VAT
GeriatricCarePlanner,sendFunctionCountToServer,2023-02-02,2,Haiti,IMN
PharmacyInventoryManager,monitorNetworkLatency,2023-10-16,1,Poland,GIB
DermatologyTreatmentPlanner,verifyDataIntegrity,2022-11-23,1,Iraq,FSM
SleepDisorderAnalyzer,verifyDataIntegrity,2024-11-04,1,Åland Islands,BDI
OphthalmologyVisionAnalyzer,trackApplicationDependencies,2024-03-23,2,Marshall Islands,KOR
UrologyManagementSystem,manageResourceAllocation,2024-01-25,1,Sweden,NOR
NeurosurgeryNavigationSystem,manageResourceAllocation,2024-05-13,1,Sierra Leone,BWA
ENTProcedureGuide,manageResourceAllocation,2023-04-22,2,China,CHN
VaccineAdministrationLog,analyzeServerPerformance,2022-06-22,2,Algeria,YEM
MedicalBillingAndCoding,trackApplicationDependencies,2022-06-04,2,San Marino,IRN
ImmunologyResponseEvaluator,simulateLoadBalancing,2024-11-05,2,Northern Mariana Islands,MNE
PulmonaryFunctionTester,validateUserPermissions,2022-10-02,1,Mayotte,MCO
SubstanceAbuseCounselor,manageResourceAllocation,2024-07-11,2,Macao,HMD
MedicalBillingAndCoding,restoreArchivedData,2023-07-04,2,Greenland,ESH
HealthcareComplianceMonitor,manageResourceAllocation,2024-02-15,1,Mozambique,POL
PatientFeedbackAnalyzer,initializeSystemDiagnostics,2023-08-05,1,Cabo Verde,MNG
SportsInjuryPreventor,manageResourceAllocation,2022-08-15,1,Uganda,COM
EndocrineHealthMonitor,validateUserPermissions,2024-10-27,1,Liechtenstein,NIU
HematologyAnalyzer,monitorNetworkLatency,2024-05-15,1,Gambia,PSE
GastrointestinalTracker,updateFirmwareVersions,2023-10-10,1,Barbados,TUV
DiabetesCareManager,reportSystemHealthStatus,2022-04-04,2,Northern Mariana Islands,IND
SubstanceAbuseCounselor,calculateOptimalPathways,2024-09-02,2,Libya,IRQ
ObstetricsLaborTracker,analyzeServerPerformance,2024-04-21,1,Maldives,IRL
CardiovascularAssessmentTool,reportSystemHealthStatus,2022-05-10,1,Morocco,SJM
MentalHealthTherapyAssistant,simulateLoadBalancing,2024-04-04,2,Croatia,WLF
EndocrineHealthMonitor,sendFunctionCountToServer,2022-10-14,2,Uruguay,CCK
HospitalRoomAllocationSystem,makeBooleanOperationsToFibulaSurgicalGuideBase,2022-07-07,2,Montserrat,PCN
MentalHealthTherapyAssistant,manageResourceAllocation,2024-12-04,2,Libya,YEM
PatientEngagementHub,initializeSystemDiagnostics,2022-11-27,1,Guernsey,LBN
ClinicalTrialManager,simulateLoadBalancing,2023-12-03,1,Barbados,LCA
PharmacyInventoryManager,sendFunctionCountToServer,2024-07-01,1,Congo,CIV
PainManagementAdvisor,updateFirmwareVersions,2024-01-12,1,Albania,BEL
BloodPressureRegulator,auditSecurityCompliance,2024-05-31,2,Saint Martin (French part),EGY
PainManagementAdvisor,initializeSystemDiagnostics,2023-09-08,1,Kiribati,ISR
AllergyReactionTracker,trackApplicationDependencies,2024-01-02,2,Colombia,FRO
SubstanceAbuseCounselor,auditSecurityCompliance,2022-08-24,2,Bermuda,EGY
GeriatricCarePlanner,auditSecurityCompliance,2024-03-04,1,Burundi,KGZ
MedicalEducationSimulator,configureVirtualMachines,2024-05-16,2,Indonesia,ABW
ENTProcedureGuide,restoreArchivedData,2023-12-20,2,Bolivia,YEM
GastrointestinalTracker,simulateLoadBalancing,2023-02-10,1,Afghanistan,FIN
MentalHealthTherapyAssistant,monitorNetworkLatency,2024-03-06,1,South Georgia and the South Sandwich Islands,UMI
EmergencyResponseCoordinator,optimizeDatabaseQueries,2024-06-30,2,Saint Helena,ZMB
RadiologyImagingCenter,initializeSystemDiagnostics,2024-11-11,1,Rwanda,TON
PharmacyInventoryManager,generateEncryptionKeys,2022-08-23,2,Costa Rica,IRL
HospitalRoomAllocationSystem,cleanTemporaryFiles,2024-12-30,2,Suriname,ATG
GeneticDisorderExplorer,onGenerateFibulaPlanesTimerTimeout,2024-11-20,2,Greenland,LBY
SportsInjuryPreventor,trackApplicationDependencies,2024-10-15,2,Djibouti,BHR
PatientFeedbackAnalyzer,configureVirtualMachines,2023-10-22,1,Ethiopia,ISL
DentalHealthProfiler,archiveOldLogFiles,2022-08-11,2,Ghana,BEN
BloodPressureRegulator,cleanTemporaryFiles,2022-05-09,1,Honduras,IRQ
HospitalRoomAllocationSystem,simulateLoadBalancing,2023-02-12,2,Albania,ERI
InfectiousDiseaseMapper,verifyDataIntegrity,2022-01-29,1,Cuba,HKG
RadiologyImagingCenter,reportSystemHealthStatus,2023-11-15,2,Italy,BOL
AllergyReactionTracker,initializeSystemDiagnostics,2022-02-07,2,Bosnia and Herzegovina,GRL
OphthalmologyVisionAnalyzer,initializeSystemDiagnostics,2023-12-16,2,Seychelles,BIH
SurgicalInstrumentTracker,onGenerateFibulaPlanesTimerTimeout,2024-02-10,1,Nepal,NGA
EndocrineHealthMonitor,makeBooleanOperationsToFibulaSurgicalGuideBase,2022-03-14,2,Sri Lanka,ZWE
HospitalRoomAllocationSystem,manageResourceAllocation,2022-07-23,2,Turkey,NLD
PainManagementAdvisor,generateEncryptionKeys,2023-01-23,1,Singapore,STP
MentalHealthTherapyAssistant,manageResourceAllocation,2024-08-19,1,Hong Kong,CHN
CardiovascularAssessmentTool,verifyDataIntegrity,2022-01-11,2,Saint Lucia,WSM
OncologyTreatmentOptimizer,monitorNetworkLatency,2024-10-05,1,Bermuda,DZA
HematologyAnalyzer,validateUserPermissions,2023-06-01,1,Norfolk Island,ZWE
AllergyReactionTracker,generateEncryptionKeys,2024-02-04,1,Georgia,GUM
MedicalBillingAndCoding,makeBooleanOperationsToFibulaSurgicalGuideBase,2024-07-18,2,Brazil,AND
DiabetesCareManager,verifyDataIntegrity,2023-12-20,2,Kazakhstan,CAF
OphthalmologyVisionAnalyzer,archiveOldLogFiles,2022-08-13,1,Bolivia,NZL
MedicalEducationSimulator,monitorNetworkLatency,2024-05-20,2,Israel,HKG
BloodPressureRegulator,initializeSystemDiagnostics,2024-11-28,1,Barbados,POL
EmergencyResponseCoordinator,reportSystemHealthStatus,2022-11-17,1,Western Sahara,CHL
ClinicalTrialManager,makeBooleanOperationsToFibulaSurgicalGuideBase,2023-08-22,1,Aruba,NZL
MedicalWasteManagement,scheduleSystemBackups,2022-10-21,2,Azerbaijan,UMI
RadiologyImagingCenter,onGenerateFibulaPlanesTimerTimeout,2023-12-16,1,Jersey,CAN
PulmonaryFunctionTester,verifyDataIntegrity,2023-01-19,2,Iraq,BDI
HospitalRoomAllocationSystem,scheduleSystemBackups,2024-08-13,1,New Caledonia,TGO
OphthalmologyVisionAnalyzer,restoreArchivedData,2022-10-17,2,Ireland,MOZ
DiabetesCareManager,simulateLoadBalancing,2023-06-10,1,Philippines,RUS
MedicalWasteManagement,manageResourceAllocation,2024-01-08,1,Tajikistan,PRI
GastrointestinalTracker,makeBooleanOperationsToFibulaSurgicalGuideBase,2024-03-17,2,Macao,CAN
PatientFeedbackAnalyzer,makeBooleanOperationsToFibulaSurgicalGuideBase,2022-03-21,1,Yemen,FRO
HealthcarePolicyLibrary,generateEncryptionKeys,2024-10-23,2,Paraguay,BDI
CardiovascularAssessmentTool,initializeSystemDiagnostics,2023-04-03,2,Congo,SXM
FitnessAndWellnessGuide,cleanTemporaryFiles,2023-02-23,1,Lesotho,NFK
HospitalRoomAllocationSystem,monitorNetworkLatency,2024-03-10,1,Madagascar,KOR
EmergencyResponseCoordinator,cleanTemporaryFiles,2023-03-22,1,Virgin Islands (British),CHE
BloodPressureRegulator,monitorNetworkLatency,2024-04-05,2,Russian Federation,KEN
WoundCareToolkit,simulateLoadBalancing,2023-06-27,1,Guinea,CCK
PatientFeedbackAnalyzer,deploySoftwareUpdates,2023-11-05,1,Saint Lucia,WLF
PatientFeedbackAnalyzer,archiveOldLogFiles,2023-10-12,1,Cambodia,BDI
GeneticDisorderExplorer,reportSystemHealthStatus,2024-09-22,1,Indonesia,PAK
NeuralNetworkDiagnostics,auditSecurityCompliance,2023-04-13,1,South Georgia and the South Sandwich Islands,CIV
ObstetricsLaborTracker,validateUserPermissions,2022-05-27,2,Gabon,CXR
ImmunologyResponseEvaluator,analyzeServerPerformance,2024-09-14,1,Kiribati,MHL
PainManagementAdvisor,generateEncryptionKeys,2024-05-14,1,Tonga,CAN
EmergencyResponseCoordinator,analyzeServerPerformance,2024-11-14,2,Romania,MTQ
ENTProcedureGuide,auditSecurityCompliance,2024-05-16,1,Brazil,TCD
SportsInjuryPreventor,analyzeServerPerformance,2022-10-01,1,Monaco,FLK
GeriatricCarePlanner,analyzeServerPerformance,2022-03-09,2,Christmas Island,LUX
DentalHealthProfiler,updateFirmwareVersions,2022-03-15,2,Vanuatu,TCD
AmbulanceDispatchSystem,scheduleSystemBackups,2022-08-11,2,Cocos (Keeling) Islands,PNG
MentalHealthTherapyAssistant,monitorNetworkLatency,2023-05-28,1,Vanuatu,RUS
MentalHealthTherapyAssistant,scheduleSystemBackups,2024-12-15,2,Somalia,RWA
HematologyAnalyzer,updateFirmwareVersions,2024-05-20,2,Trinidad and Tobago,PRY
TelemedicineConsultationPortal,archiveOldLogFiles,2022-12-17,1,New Caledonia,MCO
HealthcareComplianceMonitor,verifyDataIntegrity,2024-02-20,2,Vanuatu,GRL
MedicalResearchDatabase,reportSystemHealthStatus,2023-06-23,2,Nepal,IMN
WoundCareToolkit,cleanTemporaryFiles,2023-02-13,1,Georgia,URY
ClinicalTrialManager,analyzeServerPerformance,2024-11-14,1,Saint Martin (French part),NCL
BloodPressureRegulator,restoreArchivedData,2022-04-08,2,Iraq,URY
GastrointestinalTracker,scheduleSystemBackups,2024-03-18,1,Czech Republic,VUT
GeneticDisorderExplorer,generateEncryptionKeys,2024-02-24,2,Timor-Leste,MAR
FitnessAndWellnessGuide,auditSecurityCompliance,2022-10-12,1,Palau,BOL
PatientEngagementHub,trackApplicationDependencies,2024-06-14,2,Somalia,ARM
SportsInjuryPreventor,analyzeServerPerformance,2022-08-12,2,Finland,RWA
PulmonaryFunctionTester,simulateLoadBalancing,2023-03-10,1,Israel,MNE
MedicalResearchDatabase,optimizeDatabaseQueries,2023-10-04,2,Congo,KEN
HospitalRoomAllocationSystem,cleanTemporaryFiles,2024-07-12,2,El Salvador,CRI
HealthcarePolicyLibrary,analyzeServerPerformance,2023-02-06,2,Hungary,MHL
OrthopedicProcedureSimulator,configureVirtualMachines,2024-05-04,2,Switzerland,WSM
PharmacyInventoryManager,calculateOptimalPathways,2023-04-05,1,Liberia,SOM
GeneticDisorderExplorer,updateFirmwareVersions,2023-05-29,2,United Kingdom,ESP
ImmunologyResponseEvaluator,calculateOptimalPathways,2022-12-16,2,Micronesia,MAR
MedicalResearchDatabase,trackApplicationDependencies,2023-08-18,1,Cocos (Keeling) Islands,CYP
MedicalResearchDatabase,updateFirmwareVersions,2022-03-10,1,Oman,DEU
SurgicalInstrumentTracker,verifyDataIntegrity,2023-03-09,1,Cuba,COD
FitnessAndWellnessGuide,deploySoftwareUpdates,2024-07-19,2,South Georgia and the South Sandwich Islands,KWT
RadiologyImagingCenter,configureVirtualMachines,2024-03-24,1,Zimbabwe,BOL
GastrointestinalTracker,reportSystemHealthStatus,2023-06-17,2,Bahamas,LAO
HospitalRoomAllocationSystem,sendFunctionCountToServer,2023-02-27,2,Seychelles,TUN
OncologyTreatmentOptimizer,makeBooleanOperationsToFibulaSurgicalGuideBase,2024-04-14,2,Djibouti,URY
BloodPressureRegulator,configureVirtualMachines,2023-11-28,2,Kenya,TKM
MedicalEducationSimulator,scheduleSystemBackups,2022-09-29,2,Spain,NIU
ENTProcedureGuide,makeBooleanOperationsToFibulaSurgicalGuideBase,2022-01-16,2,Lesotho,DEU
AllergyReactionTracker,restoreArchivedData,2023-05-11,1,Cayman Islands,VEN
BloodPressureRegulator,manageResourceAllocation,2022-10-23,2,Iraq,KHM
SurgicalInstrumentTracker,restoreArchivedData,2023-09-01,1,Moldova,SGP
MedicalResearchDatabase,analyzeServerPerformance,2024-05-01,1,Seychelles,MWI
SleepDisorderAnalyzer,monitorNetworkLatency,2024-06-01,1,Russian Federation,SJM
OrthopedicProcedureSimulator,validateUserPermissions,2022-01-23,1,Kiribati,GIN
DentalHealthProfiler,cleanTemporaryFiles,2022-06-25,2,Christmas Island,IND
PainManagementAdvisor,generateEncryptionKeys,2022-01-10,1,Ethiopia,UKR
PatientEngagementHub,analyzeServerPerformance,2023-11-01,2,Morocco,COG
ClinicalTrialManager,auditSecurityCompliance,2024-05-04,1,Tanzania,TON
WoundCareToolkit,manageResourceAllocation,2023-11-16,1,South Korea,BIH
ENTProcedureGuide,sendFunctionCountToServer,2024-08-15,1,Egypt,MYS
TelemedicineConsultationPortal,sendFunctionCountToServer,2024-08-15,1,South Africa,CHE
OncologyTreatmentOptimizer,archiveOldLogFiles,2023-06-26,1,Saint Martin (French part),BOL
WoundCareToolkit,updateFirmwareVersions,2024-10-07,2,American Samoa,FJI
AmbulanceDispatchSystem,auditSecurityCompliance,2023-10-25,1,Albania,KNA
MentalHealthTherapyAssistant,manageResourceAllocation,2023-09-12,1,Andorra,ERI
ENTProcedureGuide,initializeSystemDiagnostics,2023-11-27,2,Jordan,GUM
HospitalRoomAllocationSystem,trackApplicationDependencies,2024-12-10,2,Mozambique,LBN
RehabilitationExercisePlanner,restoreArchivedData,2022-10-26,2,United Arab Emirates,NRU
SurgicalInstrumentTracker,initializeSystemDiagnostics,2023-01-11,1,Réunion,MDG
DiabetesCareManager,validateUserPermissions,2023-07-28,2,Cook Islands,UGA
HematologyAnalyzer,restoreArchivedData,2022-06-29,2,American Samoa,MHL
EndocrineHealthMonitor,analyzeServerPerformance,2024-11-12,2,Martinique,BDI
PainManagementAdvisor,optimizeDatabaseQueries,2024-07-07,2,Australia,NCL
SubstanceAbuseCounselor,deploySoftwareUpdates,2022-08-21,1,Cayman Islands,PYF
HematologyAnalyzer,calculateOptimalPathways,2024-07-25,2,Chile,KIR
SportsInjuryPreventor,onGenerateFibulaPlanesTimerTimeout,2023-01-06,1,Bhutan,BMU
MedicalEducationSimulator,initializeSystemDiagnostics,2022-05-09,2,Nepal,THA
UrologyManagementSystem,analyzeServerPerformance,2024-06-29,1,Bermuda,BLR
NeuralNetworkDiagnostics,onGenerateFibulaPlanesTimerTimeout,2023-02-11,1,Anguilla,NIC
ClinicalTrialManager,analyzeServerPerformance,2024-10-30,1,Burundi,GUF
DermatologyTreatmentPlanner,verifyDataIntegrity,2022-07-27,2,Timor-Leste,BOL
PharmacyInventoryManager,verifyDataIntegrity,2022-04-21,2,Bangladesh,DOM
OrthopedicProcedureSimulator,generateEncryptionKeys,2024-09-13,1,Jersey,SOM
CardiovascularAssessmentTool,trackApplicationDependencies,2022-09-05,1,Japan,ARG
PatientFeedbackAnalyzer,makeBooleanOperationsToFibulaSurgicalGuideBase,2022-04-20,1,Togo,MAR
PatientFeedbackAnalyzer,trackApplicationDependencies,2022-03-24,2,Puerto Rico,BHS
OrthopedicProcedureSimulator,restoreArchivedData,2024-06-30,2,Cocos (Keeling) Islands,AGO
MedicalResearchDatabase,auditSecurityCompliance,2024-12-16,2,Brazil,COG
DermatologyTreatmentPlanner,cleanTemporaryFiles,2024-10-21,1,Greece,SLE
MedicalEducationSimulator,deploySoftwareUpdates,2023-08-25,2,Benin,BHS
PainManagementAdvisor,sendFunctionCountToServer,2024-03-09,1,Switzerland,PCN
NeurosurgeryNavigationSystem,manageResourceAllocation,2023-09-02,1,Vanuatu,CYP
GeneticDisorderExplorer,initializeSystemDiagnostics,2022-08-06,1,Norfolk Island,HMD
CardiovascularAssessmentTool,analyzeServerPerformance,2024-09-05,1,Serbia,SEN
SurgicalInstrumentTracker,validateUserPermissions,2022-07-28,1,Comoros,TZA
PatientFeedbackAnalyzer,onGenerateFibulaPlanesTimerTimeout,2024-02-29,1,Micronesia,DOM
MedicalEducationSimulator,scheduleSystemBackups,2022-11-21,1,Viet Nam,BGD
HematologyAnalyzer,analyzeServerPerformance,2023-04-09,1,Samoa,GRC
AllergyReactionTracker,validateUserPermissions,2022-12-12,2,Slovenia,KEN
VaccineAdministrationLog,calculateOptimalPathways,2023-10-17,1,Sudan,TUN
MentalHealthTherapyAssistant,calculateOptimalPathways,2023-03-02,1,Guinea,CAN
NutritionAndDietPlanner,simulateLoadBalancing,2024-06-09,2,Bhutan,LAO
FertilityAndIVFHelper,calculateOptimalPathways,2023-04-02,1,Jamaica,PNG
DentalHealthProfiler,configureVirtualMachines,2022-05-01,1,Jamaica,GTM
PainManagementAdvisor,analyzeServerPerformance,2022-06-16,1,Georgia,CYP
MentalHealthTherapyAssistant,verifyDataIntegrity,2023-11-29,2,Saudi Arabia,IOT
EndocrineHealthMonitor,verifyDataIntegrity,2022-09-25,1,Georgia,GRL
AmbulanceDispatchSystem,scheduleSystemBackups,2022-05-09,2,Gabon,JEY
FitnessAndWellnessGuide,simulateLoadBalancing,2024-01-04,2,Denmark,TKM
OrthopedicProcedureSimulator,initializeSystemDiagnostics,2023-09-23,2,Vanuatu,TKL
GastrointestinalTracker,cleanTemporaryFiles,2024-02-17,1,Georgia,PRK
MedicalBillingAndCoding,manageResourceAllocation,2022-10-17,1,Yemen,ECU
MentalHealthTherapyAssistant,trackApplicationDependencies,2024-09-28,2,Djibouti,ECU
VaccineAdministrationLog,analyzeServerPerformance,2024-09-16,1,Panama,BHR
EmergencyResponseCoordinator,monitorNetworkLatency,2022-01-12,1,Brunei Darussalam,ARM
HospitalRoomAllocationSystem,reportSystemHealthStatus,2022-01-21,2,Curaçao,GLP
WoundCareToolkit,initializeSystemDiagnostics,2024-11-01,1,American Samoa,VAT
InfectiousDiseaseMapper,deploySoftwareUpdates,2023-01-29,1,Tokelau,SYC
PainManagementAdvisor,monitorNetworkLatency,2023-10-27,1,United States,GUF
BloodPressureRegulator,onGenerateFibulaPlanesTimerTimeout,2024-03-23,1,Svalbard and Jan Mayen,PAK
DentalHealthProfiler,initializeSystemDiagnostics,2024-03-01,1,Pakistan,BLM
NutritionAndDietPlanner,verifyDataIntegrity,2023-02-28,2,Kazakhstan,MDA
ObstetricsLaborTracker,optimizeDatabaseQueries,2023-08-08,1,Yemen,MKD
NeurosurgeryNavigationSystem,optimizeDatabaseQueries,2024-09-16,2,Nepal,GRD
SurgicalInstrumentTracker,cleanTemporaryFiles,2024-02-03,1,Andorra,BEL
NeuralNetworkDiagnostics,configureVirtualMachines,2022-07-15,2,Burundi,SJM
FertilityAndIVFHelper,sendFunctionCountToServer,2023-11-11,2,United Kingdom,LVA
OphthalmologyVisionAnalyzer,analyzeServerPerformance,2024-06-05,1,Mexico,GGY
MedicalResearchDatabase,auditSecurityCompliance,2024-10-06,2,Liechtenstein,ECU
DentalHealthProfiler,auditSecurityCompliance,2023-09-29,2,Wallis and Futuna,SWE
AmbulanceDispatchSystem,sendFunctionCountToServer,2022-08-28,2,Isle of Man,DNK
TelemedicineConsultationPortal,makeBooleanOperationsToFibulaSurgicalGuideBase,2023-12-09,1,Tokelau,PER
PainManagementAdvisor,restoreArchivedData,2024-11-16,1,Samoa,RWA
GastrointestinalTracker,simulateLoadBalancing,2022-04-01,2,United Arab Emirates,VUT
PainManagementAdvisor,reportSystemHealthStatus,2022-09-28,2,Saint Barthélemy,URY
EndocrineHealthMonitor,sendFunctionCountToServer,2022-03-20,1,Nicaragua,GLP
SleepDisorderAnalyzer,cleanTemporaryFiles,2023-10-12,2,China,IRQ
NeuralNetworkDiagnostics,restoreArchivedData,2023-03-07,2,American Samoa,GIN
NutritionAndDietPlanner,optimizeDatabaseQueries,2023-11-30,2,Greece,BLR
MedicalBillingAndCoding,manageResourceAllocation,2024-06-26,2,Denmark,TJK
SportsInjuryPreventor,deploySoftwareUpdates,2023-08-12,1,Papua New Guinea,PRI
MentalHealthTherapyAssistant,simulateLoadBalancing,2022-08-12,2,Thailand,TON
PatientFeedbackAnalyzer,configureVirtualMachines,2022-08-21,1,New Caledonia,ESP
PediatricCareAssistant,verifyDataIntegrity,2023-06-06,1,Iraq,IDN
DermatologyTreatmentPlanner,sendFunctionCountToServer,2022-12-24,2,Isle of Man,NFK
DentalHealthProfiler,updateFirmwareVersions,2023-05-22,1,Sweden,BEN
NutritionAndDietPlanner,manageResourceAllocation,2022-03-20,1,Antigua and Barbuda,SLE
FitnessAndWellnessGuide,reportSystemHealthStatus,2023-10-05,1,Heard Island and McDonald Islands,NIC
PediatricCareAssistant,optimizeDatabaseQueries,2022-07-17,1,Norway,CAN
ObstetricsLaborTracker,reportSystemHealthStatus,2023-01-31,2,Mongolia,JPN
GeriatricCarePlanner,onGenerateFibulaPlanesTimerTimeout,2022-10-03,1,Guinea,BRA
MedicalBillingAndCoding,onGenerateFibulaPlanesTimerTimeout,2024-03-11,1,Costa Rica,PSE
SleepDisorderAnalyzer,deploySoftwareUpdates,2022-05-30,1,Nauru,IND
VaccineAdministrationLog,manageResourceAllocation,2022-01-04,1,Cambodia,FRA
ObstetricsLaborTracker,scheduleSystemBackups,2022-06-30,2,"Taiwan, Province of China",PLW
FitnessAndWellnessGuide,verifyDataIntegrity,2022-01-08,2,Australia,KWT
MedicalEducationSimulator,scheduleSystemBackups,2022-11-17,1,Chile,PER
FitnessAndWellnessGuide,simulateLoadBalancing,2022-01-25,1,Cook Islands,DOM
RadiologyImagingCenter,onGenerateFibulaPlanesTimerTimeout,2024-09-22,1,Mauritania,ITA
HospitalRoomAllocationSystem,reportSystemHealthStatus,2024-06-29,2,Guatemala,POL
ObstetricsLaborTracker,validateUserPermissions,2022-09-21,2,Jordan,ETH
GastrointestinalTracker,optimizeDatabaseQueries,2022-03-04,1,Jamaica,BLR
HealthcarePolicyLibrary,onGenerateFibulaPlanesTimerTimeout,2022-07-09,1,Falkland Islands (Malvinas),GBR
BloodPressureRegulator,deploySoftwareUpdates,2022-04-02,2,Macao,PCN
GeneticDisorderExplorer,sendFunctionCountToServer,2022-01-19,1,Nicaragua,BRB
MedicalBillingAndCoding,deploySoftwareUpdates,2023-02-12,1,United Arab Emirates,KGZ
DermatologyTreatmentPlanner,archiveOldLogFiles,2023-11-18,1,Iceland,TWN
MedicalWasteManagement,optimizeDatabaseQueries,2023-05-27,2,Cambodia,BMU
OphthalmologyVisionAnalyzer,initializeSystemDiagnostics,2023-06-10,1,Faroe Islands,CZE
SubstanceAbuseCounselor,sendFunctionCountToServer,2022-07-02,1,Uruguay,CYP
SurgicalInstrumentTracker,simulateLoadBalancing,2022-06-15,1,Poland,SLE
RehabilitationExercisePlanner,trackApplicationDependencies,2022-09-18,2,Gibraltar,MDA
DentalHealthProfiler,monitorNetworkLatency,2023-11-26,1,Bolivia,AZE
AllergyReactionTracker,reportSystemHealthStatus,2024-02-24,1,Azerbaijan,GMB
MedicalBillingAndCoding,verifyDataIntegrity,2024-02-18,1,Saint Helena,ARM
FitnessAndWellnessGuide,auditSecurityCompliance,2023-11-27,1,Suriname,NIU
EmergencyResponseCoordinator,deploySoftwareUpdates,2022-12-16,1,Curaçao,AFG
NutritionAndDietPlanner,analyzeServerPerformance,2024-08-04,1,New Zealand,SWE
VaccineAdministrationLog,restoreArchivedData,2024-12-08,2,Cabo Verde,COK
CardiovascularAssessmentTool,calculateOptimalPathways,2023-03-11,1,France,GAB
PulmonaryFunctionTester,validateUserPermissions,2022-08-24,1,Botswana,LIE
NutritionAndDietPlanner,configureVirtualMachines,2022-02-25,2,Greece,THA
NutritionAndDietPlanner,archiveOldLogFiles,2022-01-11,2,Palau,TKL
VaccineAdministrationLog,manageResourceAllocation,2023-01-09,2,Estonia,BHS
SleepDisorderAnalyzer,validateUserPermissions,2024-10-03,2,Australia,ECU
WoundCareToolkit,makeBooleanOperationsToFibulaSurgicalGuideBase,2022-04-11,1,Ghana,AIA
OrthopedicProcedureSimulator,optimizeDatabaseQueries,2024-05-11,1,Sweden,BLM
MedicalEducationSimulator,archiveOldLogFiles,2023-08-06,1,Pitcairn,CCK
ImmunologyResponseEvaluator,trackApplicationDependencies,2022-10-02,1,Cayman Islands,TKL
RadiologyImagingCenter,verifyDataIntegrity,2022-08-15,2,Latvia,COM
GeneticDisorderExplorer,configureVirtualMachines,2024-03-10,1,Somalia,UKR
OrthopedicProcedureSimulator,optimizeDatabaseQueries,2022-07-11,1,Chad,RUS
NeurosurgeryNavigationSystem,archiveOldLogFiles,2023-09-21,1,Martinique,DNK
BloodPressureRegulator,restoreArchivedData,2022-03-23,1,Cocos (Keeling) Islands,MDA
MedicalWasteManagement,onGenerateFibulaPlanesTimerTimeout,2024-05-18,2,South Africa,KOR
HematologyAnalyzer,verifyDataIntegrity,2023-10-12,2,Thailand,LBR
AllergyReactionTracker,simulateLoadBalancing,2024-04-11,2,Dominica,TKL
SubstanceAbuseCounselor,trackApplicationDependencies,2023-09-01,2,Canada,LIE
FertilityAndIVFHelper,monitorNetworkLatency,2023-02-13,1,Bahrain,PAN
EmergencyResponseCoordinator,analyzeServerPerformance,2023-11-13,2,Falkland Islands (Malvinas),GMB
ImmunologyResponseEvaluator,verifyDataIntegrity,2024-02-06,1,Australia,CCK
VaccineAdministrationLog,reportSystemHealthStatus,2022-07-23,2,Viet Nam,ERI
CardiovascularAssessmentTool,configureVirtualMachines,2022-11-28,1,Nepal,COD
WoundCareToolkit,makeBooleanOperationsToFibulaSurgicalGuideBase,2024-08-06,2,Cabo Verde,JAM
PulmonaryFunctionTester,generateEncryptionKeys,2023-12-03,2,Malaysia,SUR
GeriatricCarePlanner,makeBooleanOperationsToFibulaSurgicalGuideBase,2023-09-24,2,Malta,BRN
GastrointestinalTracker,sendFunctionCountToServer,2023-07-23,2,Bhutan,COM
CardiovascularAssessmentTool,optimizeDatabaseQueries,2024-09-17,1,Canada,MTQ
NutritionAndDietPlanner,auditSecurityCompliance,2024-09-30,2,Lesotho,CRI
PediatricCareAssistant,auditSecurityCompliance,2023-07-20,2,Switzerland,MYS
WoundCareToolkit,calculateOptimalPathways,2024-12-04,2,Argentina,PRY
DiabetesCareManager,restoreArchivedData,2024-08-23,2,Kyrgyzstan,MLT
DentalHealthProfiler,restoreArchivedData,2024-12-08,2,French Southern Territories,COK
MedicalResearchDatabase,updateFirmwareVersions,2023-02-15,2,Cocos (Keeling) Islands,BMU
TelemedicineConsultationPortal,verifyDataIntegrity,2022-06-10,2,Mexico,KGZ
InfectiousDiseaseMapper,sendFunctionCountToServer,2024-07-30,1,Mauritius,NLD
SurgicalInstrumentTracker,scheduleSystemBackups,2023-12-15,1,Liechtenstein,SUR
InfectiousDiseaseMapper,trackApplicationDependencies,2022-10-28,1,Bahrain,ATF
HospitalRoomAllocationSystem,monitorNetworkLatency,2023-04-18,1,Belgium,MOZ
GeriatricCarePlanner,makeBooleanOperationsToFibulaSurgicalGuideBase,2022-04-24,2,Sweden,MHL
EmergencyResponseCoordinator,reportSystemHealthStatus,2022-11-19,1,Tokelau,SWZ
InfectiousDiseaseMapper,auditSecurityCompliance,2022-02-06,2,Singapore,NAM
CardiovascularAssessmentTool,cleanTemporaryFiles,2024-09-18,2,Greece,MWI
SurgicalInstrumentTracker,sendFunctionCountToServer,2023-09-07,2,Estonia,MMR
OrthopedicProcedureSimulator,simulateLoadBalancing,2023-07-04,2,Egypt,BVT
AllergyReactionTracker,configureVirtualMachines,2022-11-25,2,Rwanda,DNK
AllergyReactionTracker,sendFunctionCountToServer,2024-09-10,1,Guadeloupe,ARG
DiabetesCareManager,updateFirmwareVersions,2024-12-09,1,Congo,PSE
AllergyReactionTracker,trackApplicationDependencies,2022-08-23,2,Congo,FSM
DiabetesCareManager,calculateOptimalPathways,2022-08-29,1,Heard Island and McDonald Islands,KGZ
OncologyTreatmentOptimizer,onGenerateFibulaPlanesTimerTimeout,2023-01-22,2,Argentina,BDI
ENTProcedureGuide,simulateLoadBalancing,2023-08-06,2,Germany,TWN
TelemedicineConsultationPortal,auditSecurityCompliance,2024-05-15,2,Sweden,MNG
SportsInjuryPreventor,makeBooleanOperationsToFibulaSurgicalGuideBase,2023-11-09,2,"Bonaire, Sint Eustatius and Saba",MNG
GastrointestinalTracker,initializeSystemDiagnostics,2022-03-20,1,Slovakia,TUN
FitnessAndWellnessGuide,restoreArchivedData,2023-03-25,2,Saint Barthélemy,MAF
PharmacyInventoryManager,validateUserPermissions,2024-11-13,2,Algeria,MUS
MedicalBillingAndCoding,reportSystemHealthStatus,2022-11-22,2,Kuwait,BRB
MentalHealthTherapyAssistant,verifyDataIntegrity,2024-12-12,1,Russian Federation,LVA
AllergyReactionTracker,cleanTemporaryFiles,2022-09-06,1,Argentina,DEU
ClinicalTrialManager,monitorNetworkLatency,2024-08-25,1,Equatorial Guinea,OMN
DiabetesCareManager,auditSecurityCompliance,2022-05-06,2,Swaziland,ZAF
DiabetesCareManager,simulateLoadBalancing,2023-12-15,2,Niue,IRN
DiabetesCareManager,initializeSystemDiagnostics,2023-11-27,1,Macedonia,TJK
SurgicalInstrumentTracker,onGenerateFibulaPlanesTimerTimeout,2024-07-07,2,Bangladesh,ARE
WoundCareToolkit,cleanTemporaryFiles,2024-05-01,2,Guatemala,GIN
PainManagementAdvisor,archiveOldLogFiles,2024-06-16,2,Finland,TON
ClinicalTrialManager,optimizeDatabaseQueries,2024-08-24,2,Ireland,MLI
NutritionAndDietPlanner,scheduleSystemBackups,2022-03-18,2,Uganda,GNB
HealthcarePolicyLibrary,initializeSystemDiagnostics,2022-01-06,2,Nigeria,DZA
MedicalWasteManagement,trackApplicationDependencies,2022-03-10,1,Central African Republic,CAF
UrologyManagementSystem,initializeSystemDiagnostics,2022-06-12,1,Isle of Man,BTN
MedicalEducationSimulator,calculateOptimalPathways,2023-11-23,1,Burundi,BOL
MentalHealthTherapyAssistant,auditSecurityCompliance,2023-09-16,2,Suriname,QAT
ImmunologyResponseEvaluator,onGenerateFibulaPlanesTimerTimeout,2023-04-09,1,Réunion,BFA
DermatologyTreatmentPlanner,validateUserPermissions,2023-01-06,2,Azerbaijan,GRC
SleepDisorderAnalyzer,onGenerateFibulaPlanesTimerTimeout,2023-04-28,1,South Africa,ISL
RehabilitationExercisePlanner,analyzeServerPerformance,2023-04-06,1,Canada,CIV
AmbulanceDispatchSystem,configureVirtualMachines,2024-11-20,2,North Korea,TUN
MedicalWasteManagement,auditSecurityCompliance,2024-01-06,2,Gibraltar,PRY
VaccineAdministrationLog,onGenerateFibulaPlanesTimerTimeout,2022-06-03,2,Iraq,BMU
EmergencyResponseCoordinator,sendFunctionCountToServer,2024-03-25,2,Guinea,WSM
OphthalmologyVisionAnalyzer,calculateOptimalPathways,2023-09-13,1,Aruba,RUS
DiabetesCareManager,auditSecurityCompliance,2022-12-19,2,Nepal,GEO
OrthopedicProcedureSimulator,auditSecurityCompliance,2024-09-05,1,Indonesia,YEM
MentalHealthTherapyAssistant,initializeSystemDiagnostics,2024-10-06,1,Madagascar,FRA
MedicalResearchDatabase,cleanTemporaryFiles,2022-03-03,2,Costa Rica,THA
PharmacyInventoryManager,archiveOldLogFiles,2022-08-03,2,Nauru,GRD
WoundCareToolkit,monitorNetworkLatency,2023-04-23,2,Lebanon,GAB
DiabetesCareManager,cleanTemporaryFiles,2023-10-25,2,Cayman Islands,DZA
PatientEngagementHub,archiveOldLogFiles,2023-11-14,2,Heard Island and McDonald Islands,CRI
TelemedicineConsultationPortal,simulateLoadBalancing,2024-03-09,1,Åland Islands,IRQ
MentalHealthTherapyAssistant,manageResourceAllocation,2024-09-30,1,Grenada,CYM
OrthopedicProcedureSimulator,scheduleSystemBackups,2024-07-06,2,Seychelles,ETH
WoundCareToolkit,validateUserPermissions,2023-05-05,1,Netherlands,GAB
NeuralNetworkDiagnostics,makeBooleanOperationsToFibulaSurgicalGuideBase,2024-12-17,1,Lithuania,MWI
HealthcarePolicyLibrary,deploySoftwareUpdates,2023-02-11,2,Sri Lanka,SRB
GastrointestinalTracker,monitorNetworkLatency,2024-09-13,2,Nauru,SVN
DentalHealthProfiler,sendFunctionCountToServer,2023-03-18,2,Estonia,RUS
ImmunologyResponseEvaluator,makeBooleanOperationsToFibulaSurgicalGuideBase,2023-07-19,2,Bosnia and Herzegovina,CRI
WoundCareToolkit,cleanTemporaryFiles,2022-11-30,1,Mauritius,ISL
GeneticDisorderExplorer,restoreArchivedData,2023-11-05,2,Sao Tome and Principe,AZE
ObstetricsLaborTracker,scheduleSystemBackups,2024-12-23,1,Luxembourg,AFG
WoundCareToolkit,reportSystemHealthStatus,2022-01-04,1,Saint Pierre and Miquelon,MAF
GeneticDisorderExplorer,generateEncryptionKeys,2023-06-13,2,Iceland,AFG
PulmonaryFunctionTester,updateFirmwareVersions,2022-12-20,2,Micronesia,FLK
HealthcareComplianceMonitor,simulateLoadBalancing,2024-09-27,1,Northern Mariana Islands,LBR
RadiologyImagingCenter,onGenerateFibulaPlanesTimerTimeout,2022-12-15,2,Côte d'Ivoire,ITA
EndocrineHealthMonitor,calculateOptimalPathways,2022-12-14,1,Philippines,EST
NeurosurgeryNavigationSystem,reportSystemHealthStatus,2022-12-03,1,Iran,KNA
GeriatricCarePlanner,verifyDataIntegrity,2023-09-03,2,Honduras,AUT
MedicalBillingAndCoding,reportSystemHealthStatus,2023-03-05,2,Martinique,BLM
VaccineAdministrationLog,sendFunctionCountToServer,2022-02-14,1,South Africa,TCD
HealthcareComplianceMonitor,configureVirtualMachines,2023-04-24,2,Sri Lanka,NFK
AllergyReactionTracker,optimizeDatabaseQueries,2023-09-15,2,Trinidad and Tobago,MNP
WoundCareToolkit,sendFunctionCountToServer,2024-11-08,1,China,CCK
OphthalmologyVisionAnalyzer,analyzeServerPerformance,2023-03-18,2,Tokelau,SPM
ENTProcedureGuide,sendFunctionCountToServer,2023-06-02,2,Greece,BHS
PharmacyInventoryManager,scheduleSystemBackups,2022-04-28,1,Comoros,MSR
HematologyAnalyzer,makeBooleanOperationsToFibulaSurgicalGuideBase,2022-04-07,2,Azerbaijan,COL
MedicalBillingAndCoding,auditSecurityCompliance,2023-12-12,1,Isle of Man,GNB
MedicalResearchDatabase,auditSecurityCompliance,2023-02-27,1,Cambodia,CMR
HospitalRoomAllocationSystem,reportSystemHealthStatus,2024-05-17,2,Antarctica,RUS
OrthopedicProcedureSimulator,reportSystemHealthStatus,2024-05-07,2,Wallis and Futuna,GMB
AllergyReactionTracker,auditSecurityCompliance,2024-05-28,2,Moldova,KHM
AllergyReactionTracker,validateUserPermissions,2023-04-06,1,Belize,TUR
HealthcarePolicyLibrary,auditSecurityCompliance,2024-08-05,2,Antarctica,THA
MedicalResearchDatabase,scheduleSystemBackups,2023-01-04,1,"Bonaire, Sint Eustatius and Saba",URY
PatientEngagementHub,reportSystemHealthStatus,2022-01-20,1,Tuvalu,CIV
OrthopedicProcedureSimulator,validateUserPermissions,2024-03-03,1,Norfolk Island,NIC
GeneticDisorderExplorer,analyzeServerPerformance,2023-02-25,1,Kyrgyzstan,KWT
InfectiousDiseaseMapper,reportSystemHealthStatus,2024-05-01,1,Åland Islands,GUF
SurgicalInstrumentTracker,archiveOldLogFiles,2024-10-27,2,Dominican Republic,BDI
TelemedicineConsultationPortal,reportSystemHealthStatus,2023-02-14,2,Panama,NER
HospitalRoomAllocationSystem,generateEncryptionKeys,2023-12-16,2,Zambia,SYC
WoundCareToolkit,configureVirtualMachines,2024-12-02,1,Iran,RWA
SleepDisorderAnalyzer,initializeSystemDiagnostics,2023-02-27,2,Kiribati,MNG
OncologyTreatmentOptimizer,simulateLoadBalancing,2023-09-05,2,Mongolia,GHA
FitnessAndWellnessGuide,reportSystemHealthStatus,2024-05-09,1,Bosnia and Herzegovina,LBR
UrologyManagementSystem,manageResourceAllocation,2023-07-17,1,French Southern Territories,CHL
PediatricCareAssistant,onGenerateFibulaPlanesTimerTimeout,2023-06-26,2,Belgium,TWN
UrologyManagementSystem,restoreArchivedData,2022-02-02,1,Lesotho,KEN
ImmunologyResponseEvaluator,simulateLoadBalancing,2024-11-01,2,Suriname,SHN
EndocrineHealthMonitor,deploySoftwareUpdates,2023-10-21,1,Senegal,CXR
PainManagementAdvisor,deploySoftwareUpdates,2024-07-15,1,"Bonaire, Sint Eustatius and Saba",PSE
NeuralNetworkDiagnostics,updateFirmwareVersions,2024-09-17,2,Guinea,CUB
InfectiousDiseaseMapper,simulateLoadBalancing,2023-02-06,2,Kuwait,GRL
PainManagementAdvisor,generateEncryptionKeys,2023-08-24,2,Namibia,BEN
HematologyAnalyzer,archiveOldLogFiles,2022-08-22,1,Greenland,SHN
DiabetesCareManager,onGenerateFibulaPlanesTimerTimeout,2023-10-06,1,Somalia,VAT
PatientEngagementHub,updateFirmwareVersions,2024-05-07,2,Dominican Republic,URY
PatientEngagementHub,verifyDataIntegrity,2024-10-23,1,Panama,VAT
InfectiousDiseaseMapper,monitorNetworkLatency,2024-08-03,2,Ghana,USA
HealthcarePolicyLibrary,makeBooleanOperationsToFibulaSurgicalGuideBase,2024-07-12,2,Iraq,IRL
GastrointestinalTracker,validateUserPermissions,2023-12-05,2,Jamaica,MDA
FitnessAndWellnessGuide,restoreArchivedData,2024-12-22,2,Lithuania,KGZ
PatientFeedbackAnalyzer,validateUserPermissions,2022-05-06,2,Brazil,GIB
EmergencyResponseCoordinator,reportSystemHealthStatus,2023-07-31,1,"Bonaire, Sint Eustatius and Saba",BVT
WoundCareToolkit,generateEncryptionKeys,2022-06-06,2,Ecuador,KHM
HospitalRoomAllocationSystem,monitorNetworkLatency,2023-07-13,2,Tonga,VAT
RadiologyImagingCenter,onGenerateFibulaPlanesTimerTimeout,2022-02-10,2,Hong Kong,SEN
NutritionAndDietPlanner,trackApplicationDependencies,2023-07-01,2,Andorra,COM
ENTProcedureGuide,restoreArchivedData,2022-04-11,1,Hong Kong,GRD
DentalHealthProfiler,deploySoftwareUpdates,2023-01-31,2,Benin,TLS
AmbulanceDispatchSystem,cleanTemporaryFiles,2022-03-15,2,Kuwait,FSM
PediatricCareAssistant,generateEncryptionKeys,2023-06-04,1,Falkland Islands (Malvinas),GBR
MedicalBillingAndCoding,generateEncryptionKeys,2024-03-10,1,Madagascar,ISL
TelemedicineConsultationPortal,reportSystemHealthStatus,2023-07-11,2,Dominica,SMR
DentalHealthProfiler,updateFirmwareVersions,2024-01-03,2,British Indian Ocean Territory,BLZ
PainManagementAdvisor,auditSecurityCompliance,2024-01-21,1,Western Sahara,ZWE
OrthopedicProcedureSimulator,analyzeServerPerformance,2024-09-04,1,Bhutan,NER
SubstanceAbuseCounselor,reportSystemHealthStatus,2024-10-19,1,Vanuatu,BEN
RadiologyImagingCenter,initializeSystemDiagnostics,2023-01-05,2,Qatar,AND
EmergencyResponseCoordinator,trackApplicationDependencies,2024-01-05,1,Lithuania,DJI
PharmacyInventoryManager,makeBooleanOperationsToFibulaSurgicalGuideBase,2024-11-08,1,Virgin Islands (U.S.),KGZ
PainManagementAdvisor,trackApplicationDependencies,2024-06-20,2,Saudi Arabia,NAM
DermatologyTreatmentPlanner,auditSecurityCompliance,2023-01-19,2,Lesotho,ATG
PatientEngagementHub,calculateOptimalPathways,2024-06-12,1,Dominica,TUR
OncologyTreatmentOptimizer,scheduleSystemBackups,2023-04-27,1,South Korea,REU
GeriatricCarePlanner,makeBooleanOperationsToFibulaSurgicalGuideBase,2023-09-30,2,Grenada,VCT
HospitalRoomAllocationSystem,verifyDataIntegrity,2024-10-29,1,Belize,SMR
HospitalRoomAllocationSystem,monitorNetworkLatency,2024-02-22,1,Egypt,VEN
InfectiousDiseaseMapper,scheduleSystemBackups,2023-03-26,1,Holy See,TUR
ENTProcedureGuide,restoreArchivedData,2024-05-04,1,Monaco,MAR
PulmonaryFunctionTester,validateUserPermissions,2022-08-29,2,Canada,TCA
BloodPressureRegulator,monitorNetworkLatency,2023-04-06,1,South Georgia and the South Sandwich Islands,AFG
UrologyManagementSystem,optimizeDatabaseQueries,2024-01-22,1,Lithuania,BVT
OncologyTreatmentOptimizer,calculateOptimalPathways,2023-04-05,1,Saint Helena,EST
EndocrineHealthMonitor,cleanTemporaryFiles,2024-12-22,2,Greenland,GMB
PatientEngagementHub,restoreArchivedData,2023-05-24,2,Martinique,BLR
SleepDisorderAnalyzer,analyzeServerPerformance,2023-06-08,1,French Southern Territories,FSM
GeneticDisorderExplorer,restoreArchivedData,2024-12-25,1,Estonia,IND
MedicalWasteManagement,sendFunctionCountToServer,2023-04-14,2,Bulgaria,ERI
ClinicalTrialManager,updateFirmwareVersions,2022-01-19,1,Netherlands,MSR
HospitalRoomAllocationSystem,analyzeServerPerformance,2024-08-29,1,Georgia,MEX
DermatologyTreatmentPlanner,calculateOptimalPathways,2023-12-05,1,Congo,BGD
MedicalResearchDatabase,monitorNetworkLatency,2022-04-23,1,Myanmar,GMB
RehabilitationExercisePlanner,updateFirmwareVersions,2022-07-09,1,American Samoa,USA
MedicalBillingAndCoding,optimizeDatabaseQueries,2024-02-08,2,Sri Lanka,SYR
HealthcarePolicyLibrary,reportSystemHealthStatus,2024-06-02,2,Portugal,ITA
WoundCareToolkit,optimizeDatabaseQueries,2022-07-12,1,Congo,ATA
PediatricCareAssistant,trackApplicationDependencies,2024-10-17,1,Guinea,NFK
PharmacyInventoryManager,configureVirtualMachines,2022-09-28,1,Central African Republic,GGY
FertilityAndIVFHelper,archiveOldLogFiles,2024-11-04,2,Jordan,SXM
SurgicalInstrumentTracker,restoreArchivedData,2022-10-27,1,Bermuda,ETH
HealthcareComplianceMonitor,configureVirtualMachines,2023-10-14,1,Bhutan,CRI
ClinicalTrialManager,restoreArchivedData,2023-05-11,1,Marshall Islands,MSR
MedicalResearchDatabase,trackApplicationDependencies,2022-07-17,2,Barbados,ETH
MedicalEducationSimulator,makeBooleanOperationsToFibulaSurgicalGuideBase,2022-10-26,1,"Palestine, State of",CHL
HematologyAnalyzer,onGenerateFibulaPlanesTimerTimeout,2023-05-08,2,Poland,STP
MedicalResearchDatabase,scheduleSystemBackups,2022-05-07,1,South Georgia and the South Sandwich Islands,LBN
CardiovascularAssessmentTool,deploySoftwareUpdates,2023-05-17,1,Nicaragua,CHL
NeurosurgeryNavigationSystem,initializeSystemDiagnostics,2024-07-04,2,Serbia,SDN
HematologyAnalyzer,sendFunctionCountToServer,2023-12-18,1,Malta,FJI
OphthalmologyVisionAnalyzer,cleanTemporaryFiles,2024-06-13,2,Seychelles,ETH
GeriatricCarePlanner,verifyDataIntegrity,2024-06-18,1,Serbia,ARM
FitnessAndWellnessGuide,initializeSystemDiagnostics,2022-01-07,1,Grenada,PCN
HospitalRoomAllocationSystem,generateEncryptionKeys,2024-09-26,1,Slovenia,DMA
DentalHealthProfiler,scheduleSystemBackups,2023-07-29,1,Bermuda,BOL
PediatricCareAssistant,configureVirtualMachines,2024-01-01,1,Isle of Man,NRU
EmergencyResponseCoordinator,sendFunctionCountToServer,2024-05-30,2,French Guiana,IND
EndocrineHealthMonitor,initializeSystemDiagnostics,2022-05-15,2,Uruguay,LUX
AllergyReactionTracker,onGenerateFibulaPlanesTimerTimeout,2023-08-06,1,Aruba,NIC
VaccineAdministrationLog,verifyDataIntegrity,2023-08-14,2,Argentina,GUF
SleepDisorderAnalyzer,cleanTemporaryFiles,2023-05-01,2,Spain,DNK
FertilityAndIVFHelper,monitorNetworkLatency,2022-08-13,1,Panama,SVN
AllergyReactionTracker,updateFirmwareVersions,2024-11-09,2,American Samoa,GMB
DermatologyTreatmentPlanner,trackApplicationDependencies,2023-03-17,2,South Africa,QAT
SurgicalInstrumentTracker,updateFirmwareVersions,2022-02-12,2,Spain,BDI
MedicalWasteManagement,generateEncryptionKeys,2023-11-13,2,Norfolk Island,DEU
EmergencyResponseCoordinator,generateEncryptionKeys,2024-05-03,1,Mauritania,PSE
PainManagementAdvisor,trackApplicationDependencies,2023-02-14,2,Ireland,MNG
RadiologyImagingCenter,generateEncryptionKeys,2022-05-26,1,Pitcairn,ZAF
BloodPressureRegulator,updateFirmwareVersions,2024-11-16,1,Malaysia,MLT
HealthcarePolicyLibrary,monitorNetworkLatency,2022-06-15,1,Turkmenistan,WSM
MentalHealthTherapyAssistant,verifyDataIntegrity,2024-11-27,1,Iceland,TLS
FertilityAndIVFHelper,configureVirtualMachines,2022-04-07,1,San Marino,PLW
MedicalResearchDatabase,onGenerateFibulaPlanesTimerTimeout,2024-02-03,2,Svalbard and Jan Mayen,MNG
PediatricCareAssistant,simulateLoadBalancing,2022-08-21,1,Jersey,GGY
OncologyTreatmentOptimizer,onGenerateFibulaPlanesTimerTimeout,2023-07-06,2,Gibraltar,ISL
FitnessAndWellnessGuide,sendFunctionCountToServer,2023-01-12,1,French Polynesia,PCN
OphthalmologyVisionAnalyzer,generateEncryptionKeys,2023-07-13,1,Wallis and Futuna,NZL
UrologyManagementSystem,calculateOptimalPathways,2022-07-16,2,Mauritius,AFG
NeurosurgeryNavigationSystem,onGenerateFibulaPlanesTimerTimeout,2024-05-09,1,Chile,MAF
HematologyAnalyzer,verifyDataIntegrity,2024-10-29,1,Antigua and Barbuda,MNP
OphthalmologyVisionAnalyzer,sendFunctionCountToServer,2023-09-11,1,Central African Republic,AUT
WoundCareToolkit,optimizeDatabaseQueries,2024-06-21,1,Tanzania,PRT
HematologyAnalyzer,calculateOptimalPathways,2023-06-09,2,Iraq,POL
SubstanceAbuseCounselor,generateEncryptionKeys,2022-02-04,1,Belarus,FIN
DiabetesCareManager,generateEncryptionKeys,2023-03-27,1,Hong Kong,ARG
NutritionAndDietPlanner,restoreArchivedData,2024-02-25,1,Myanmar,PNG
HealthcareComplianceMonitor,restoreArchivedData,2024-10-27,1,Belgium,LAO
InfectiousDiseaseMapper,analyzeServerPerformance,2024-06-14,1,Jersey,JAM
PediatricCareAssistant,makeBooleanOperationsToFibulaSurgicalGuideBase,2022-11-22,2,Puerto Rico,COM
HealthcareComplianceMonitor,generateEncryptionKeys,2024-07-15,1,Mongolia,BOL
InfectiousDiseaseMapper,scheduleSystemBackups,2024-07-24,1,Liberia,TWN
RehabilitationExercisePlanner,generateEncryptionKeys,2024-08-24,1,Isle of Man,COD
ENTProcedureGuide,restoreArchivedData,2023-04-17,1,Cayman Islands,PRT
OphthalmologyVisionAnalyzer,scheduleSystemBackups,2023-05-15,1,Belize,FRA
VaccineAdministrationLog,validateUserPermissions,2022-05-29,2,Bangladesh,POL
PulmonaryFunctionTester,initializeSystemDiagnostics,2022-11-04,2,Norway,BHS
OncologyTreatmentOptimizer,scheduleSystemBackups,2024-01-20,2,Côte d'Ivoire,CHN
MedicalResearchDatabase,generateEncryptionKeys,2024-08-07,1,Montserrat,LBN
OncologyTreatmentOptimizer,reportSystemHealthStatus,2023-02-01,1,India,ISL
ENTProcedureGuide,sendFunctionCountToServer,2022-02-20,2,Saint Kitts and Nevis,SWE
ObstetricsLaborTracker,restoreArchivedData,2022-01-30,2,Guyana,BLM
AmbulanceDispatchSystem,analyzeServerPerformance,2023-06-13,1,Sudan,AIA
HealthcarePolicyLibrary,cleanTemporaryFiles,2024-05-03,2,Grenada,GIN
HematologyAnalyzer,auditSecurityCompliance,2023-11-17,1,Venezuela,ARM
HospitalRoomAllocationSystem,monitorNetworkLatency,2022-11-13,1,Slovenia,UGA
NeuralNetworkDiagnostics,sendFunctionCountToServer,2024-02-27,1,British Indian Ocean Territory,PRI
PatientFeedbackAnalyzer,scheduleSystemBackups,2023-08-20,2,Romania,PNG
EndocrineHealthMonitor,simulateLoadBalancing,2023-05-13,1,Bosnia and Herzegovina,MLI
NeuralNetworkDiagnostics,monitorNetworkLatency,2023-08-15,2,Guinea-Bissau,JAM
NutritionAndDietPlanner,sendFunctionCountToServer,2024-06-04,2,Lithuania,MNG
PediatricCareAssistant,simulateLoadBalancing,2024-07-08,1,French Polynesia,MCO
MedicalBillingAndCoding,deploySoftwareUpdates,2024-06-27,2,Mauritania,HND
DentalHealthProfiler,deploySoftwareUpdates,2024-03-14,2,Egypt,ERI
TelemedicineConsultationPortal,analyzeServerPerformance,2024-12-01,2,Micronesia,CXR
RadiologyImagingCenter,manageResourceAllocation,2024-02-06,1,Puerto Rico,SAU
AmbulanceDispatchSystem,optimizeDatabaseQueries,2022-06-22,1,Paraguay,VIR
CardiovascularAssessmentTool,calculateOptimalPathways,2024-12-13,1,Viet Nam,LKA
HospitalRoomAllocationSystem,validateUserPermissions,2023-04-01,2,United Kingdom,PRK
ClinicalTrialManager,scheduleSystemBackups,2022-01-03,1,Bermuda,CCK
HealthcarePolicyLibrary,calculateOptimalPathways,2023-07-22,1,Norfolk Island,ARG
AmbulanceDispatchSystem,calculateOptimalPathways,2024-07-28,2,Viet Nam,SHN
SportsInjuryPreventor,sendFunctionCountToServer,2023-06-30,2,Réunion,GUM
OrthopedicProcedureSimulator,validateUserPermissions,2023-05-15,1,Gibraltar,ABW
HealthcareComplianceMonitor,trackApplicationDependencies,2022-07-26,2,Saint Lucia,BDI
DentalHealthProfiler,trackApplicationDependencies,2022-04-08,2,Paraguay,SLB
GeneticDisorderExplorer,reportSystemHealthStatus,2023-03-24,1,Sao Tome and Principe,NFK
FitnessAndWellnessGuide,restoreArchivedData,2022-04-13,2,Pakistan,SGP
EndocrineHealthMonitor,validateUserPermissions,2024-05-03,2,Mali,SRB
ClinicalTrialManager,optimizeDatabaseQueries,2024-07-22,1,Comoros,MOZ
PatientEngagementHub,initializeSystemDiagnostics,2024-07-11,2,Guadeloupe,NGA
SportsInjuryPreventor,restoreArchivedData,2023-04-30,1,Iran,PRK
PharmacyInventoryManager,generateEncryptionKeys,2024-11-07,1,Maldives,SPM
NeuralNetworkDiagnostics,validateUserPermissions,2022-06-30,2,Cayman Islands,JOR
VaccineAdministrationLog,archiveOldLogFiles,2022-01-01,1,Lebanon,ESH
DentalHealthProfiler,calculateOptimalPathways,2022-09-16,2,Russian Federation,HRV
MentalHealthTherapyAssistant,deploySoftwareUpdates,2024-06-10,1,Equatorial Guinea,BHS
SportsInjuryPreventor,scheduleSystemBackups,2022-06-08,1,Sierra Leone,GLP
FertilityAndIVFHelper,initializeSystemDiagnostics,2022-02-22,2,Bolivia,BLR
EmergencyResponseCoordinator,manageResourceAllocation,2024-04-06,1,Guinea,CPV
EndocrineHealthMonitor,manageResourceAllocation,2022-09-23,1,Malawi,BFA
ObstetricsLaborTracker,makeBooleanOperationsToFibulaSurgicalGuideBase,2022-10-22,2,Honduras,COK
OrthopedicProcedureSimulator,reportSystemHealthStatus,2024-02-27,2,Sweden,PRI
ImmunologyResponseEvaluator,optimizeDatabaseQueries,2023-07-23,1,American Samoa,ITA
ImmunologyResponseEvaluator,analyzeServerPerformance,2022-01-24,1,Togo,TKM
DentalHealthProfiler,manageResourceAllocation,2022-03-15,2,Samoa,BFA
OncologyTreatmentOptimizer,sendFunctionCountToServer,2024-09-05,1,Niue,AUS
FitnessAndWellnessGuide,initializeSystemDiagnostics,2024-01-21,1,Solomon Islands,BIH
TelemedicineConsultationPortal,deploySoftwareUpdates,2022-03-12,1,Iceland,PNG
DentalHealthProfiler,calculateOptimalPathways,2024-02-04,2,Zambia,SSD
DentalHealthProfiler,restoreArchivedData,2023-06-08,2,Saint Helena,USA
GastrointestinalTracker,sendFunctionCountToServer,2024-07-28,2,Suriname,TUR
NeurosurgeryNavigationSystem,deploySoftwareUpdates,2022-06-18,1,Mali,GUM
WoundCareToolkit,monitorNetworkLatency,2023-07-21,1,Germany,EGY
DentalHealthProfiler,trackApplicationDependencies,2022-12-04,1,Kenya,GIN
RadiologyImagingCenter,archiveOldLogFiles,2024-10-13,1,Martinique,PRY
HospitalRoomAllocationSystem,auditSecurityCompliance,2022-01-05,2,Belize,SYC
DiabetesCareManager,updateFirmwareVersions,2024-08-09,1,Cuba,ARG
PainManagementAdvisor,makeBooleanOperationsToFibulaSurgicalGuideBase,2024-06-08,1,Jersey,MRT
EndocrineHealthMonitor,calculateOptimalPathways,2022-01-23,1,Comoros,BRB
PulmonaryFunctionTester,makeBooleanOperationsToFibulaSurgicalGuideBase,2024-09-06,1,Syrian Arab Republic,LUX
PatientFeedbackAnalyzer,optimizeDatabaseQueries,2022-04-13,1,Albania,GNQ
GastrointestinalTracker,verifyDataIntegrity,2024-11-11,1,South Korea,PRT
InfectiousDiseaseMapper,archiveOldLogFiles,2024-02-24,1,Albania,SUR
PatientEngagementHub,deploySoftwareUpdates,2024-03-21,1,Bhutan,JPN
ObstetricsLaborTracker,onGenerateFibulaPlanesTimerTimeout,2024-02-19,1,South Sudan,HKG
TelemedicineConsultationPortal,restoreArchivedData,2022-01-07,1,Austria,CHL
HematologyAnalyzer,makeBooleanOperationsToFibulaSurgicalGuideBase,2024-04-06,2,Costa Rica,SLV
HematologyAnalyzer,generateEncryptionKeys,2024-02-12,2,Anguilla,TCA
NutritionAndDietPlanner,onGenerateFibulaPlanesTimerTimeout,2023-04-30,1,Antarctica,ZAF
HealthcarePolicyLibrary,cleanTemporaryFiles,2023-05-09,2,Viet Nam,GNQ
ImmunologyResponseEvaluator,validateUserPermissions,2022-01-06,2,South Georgia and the South Sandwich Islands,BEL
MedicalEducationSimulator,analyzeServerPerformance,2023-04-04,2,Rwanda,HUN
DentalHealthProfiler,updateFirmwareVersions,2024-06-15,2,Eritrea,KEN
OphthalmologyVisionAnalyzer,reportSystemHealthStatus,2022-04-05,2,American Samoa,DMA
MedicalBillingAndCoding,verifyDataIntegrity,2023-03-16,1,Albania,DNK
HealthcareComplianceMonitor,onGenerateFibulaPlanesTimerTimeout,2024-05-07,1,Ireland,MNG
MentalHealthTherapyAssistant,monitorNetworkLatency,2023-02-09,2,Nigeria,TUR
SportsInjuryPreventor,deploySoftwareUpdates,2023-07-15,1,Kiribati,ECU
OrthopedicProcedureSimulator,validateUserPermissions,2024-06-13,2,Wallis and Futuna,TCA
ImmunologyResponseEvaluator,analyzeServerPerformance,2022-11-06,1,Paraguay,TUN
EndocrineHealthMonitor,verifyDataIntegrity,2024-02-01,1,Ghana,PCN
BloodPressureRegulator,optimizeDatabaseQueries,2022-12-30,2,Luxembourg,FRA
DentalHealthProfiler,calculateOptimalPathways,2023-12-20,2,Wallis and Futuna,GUM
VaccineAdministrationLog,updateFirmwareVersions,2024-03-15,2,Saint Pierre and Miquelon,UGA
HealthcarePolicyLibrary,optimizeDatabaseQueries,2022-01-21,2,Hong Kong,LBR
AmbulanceDispatchSystem,validateUserPermissions,2024-09-28,1,Switzerland,NER
FertilityAndIVFHelper,onGenerateFibulaPlanesTimerTimeout,2024-06-23,1,Paraguay,SLE
FitnessAndWellnessGuide,cleanTemporaryFiles,2024-03-23,1,Singapore,KWT
SubstanceAbuseCounselor,configureVirtualMachines,2023-04-07,2,Somalia,BHS
SportsInjuryPreventor,calculateOptimalPathways,2023-10-17,1,Guadeloupe,GIB
FitnessAndWellnessGuide,verifyDataIntegrity,2024-10-30,2,Czech Republic,SVK
PharmacyInventoryManager,updateFirmwareVersions,2022-07-01,2,Réunion,NZL
EmergencyResponseCoordinator,generateEncryptionKeys,2022-09-15,1,Swaziland,ERI
MedicalResearchDatabase,makeBooleanOperationsToFibulaSurgicalGuideBase,2023-07-16,1,Pakistan,EST
SportsInjuryPreventor,analyzeServerPerformance,2023-09-24,2,"Taiwan, Province of China",FIN
HealthcareComplianceMonitor,optimizeDatabaseQueries,2024-06-11,2,Cook Islands,GRD
OrthopedicProcedureSimulator,sendFunctionCountToServer,2022-08-29,1,South Africa,ATG
AmbulanceDispatchSystem,scheduleSystemBackups,2023-03-21,2,Saint Martin (French part),ESP
PatientEngagementHub,verifyDataIntegrity,2022-08-17,1,Togo,ARM
ImmunologyResponseEvaluator,auditSecurityCompliance,2022-10-01,1,United States Minor Outlying Islands,IND
FitnessAndWellnessGuide,manageResourceAllocation,2024-02-01,2,Honduras,PRY
CardiovascularAssessmentTool,auditSecurityCompliance,2023-04-05,2,Angola,TZA
PharmacyInventoryManager,trackApplicationDependencies,2022-03-12,1,Mozambique,BEL
EmergencyResponseCoordinator,configureVirtualMachines,2023-12-25,1,Angola,CUW
SubstanceAbuseCounselor,analyzeServerPerformance,2022-11-16,1,Chile,GUF
CardiovascularAssessmentTool,generateEncryptionKeys,2023-05-14,2,Cabo Verde,CCK
NeuralNetworkDiagnostics,trackApplicationDependencies,2022-02-14,2,Singapore,TKM
AllergyReactionTracker,auditSecurityCompliance,2022-10-17,1,Germany,KAZ
PediatricCareAssistant,archiveOldLogFiles,2022-01-26,1,Pakistan,IRQ
DentalHealthProfiler,auditSecurityCompliance,2022-08-30,1,Iran,SMR
ImmunologyResponseEvaluator,deploySoftwareUpdates,2023-01-31,1,Bahrain,UMI
MedicalWasteManagement,reportSystemHealthStatus,2024-01-18,1,Guam,LBR
ClinicalTrialManager,deploySoftwareUpdates,2024-04-18,2,Gabon,BOL
PatientEngagementHub,analyzeServerPerformance,2024-04-04,2,Ireland,AUT
PulmonaryFunctionTester,updateFirmwareVersions,2022-04-09,1,Georgia,THA
VaccineAdministrationLog,analyzeServerPerformance,2024-12-29,2,Bolivia,SLE
PulmonaryFunctionTester,sendFunctionCountToServer,2023-12-11,2,Sierra Leone,DJI
BloodPressureRegulator,verifyDataIntegrity,2023-02-19,1,Slovenia,MTQ
GeriatricCarePlanner,sendFunctionCountToServer,2022-01-15,1,Chad,BEN
CardiovascularAssessmentTool,analyzeServerPerformance,2023-08-04,1,Niue,BEN
MentalHealthTherapyAssistant,calculateOptimalPathways,2023-02-08,1,Panama,POL
OrthopedicProcedureSimulator,restoreArchivedData,2024-05-23,1,Denmark,KHM
InfectiousDiseaseMapper,validateUserPermissions,2024-06-30,2,Saint Barthélemy,MLT
MedicalEducationSimulator,sendFunctionCountToServer,2023-06-15,2,Saint Martin (French part),DJI
BloodPressureRegulator,simulateLoadBalancing,2024-07-25,1,Cabo Verde,DOM
EmergencyResponseCoordinator,makeBooleanOperationsToFibulaSurgicalGuideBase,2024-03-08,1,Jamaica,GMB
CardiovascularAssessmentTool,monitorNetworkLatency,2023-10-21,2,Estonia,JAM
SleepDisorderAnalyzer,calculateOptimalPathways,2022-10-09,1,Pakistan,TLS
InfectiousDiseaseMapper,onGenerateFibulaPlanesTimerTimeout,2024-07-07,1,Norfolk Island,LTU
NeuralNetworkDiagnostics,makeBooleanOperationsToFibulaSurgicalGuideBase,2022-08-31,1,Aruba,RWA
PulmonaryFunctionTester,trackApplicationDependencies,2022-05-03,2,Falkland Islands (Malvinas),MHL
NutritionAndDietPlanner,generateEncryptionKeys,2022-01-16,2,Tuvalu,MNG
PulmonaryFunctionTester,scheduleSystemBackups,2024-09-28,2,Dominican Republic,SUR
MentalHealthTherapyAssistant,validateUserPermissions,2024-09-13,2,New Zealand,EGY
VaccineAdministrationLog,scheduleSystemBackups,2022-10-18,1,Svalbard and Jan Mayen,PLW
RadiologyImagingCenter,sendFunctionCountToServer,2022-02-23,1,El Salvador,TKM
VaccineAdministrationLog,cleanTemporaryFiles,2023-11-23,1,Bolivia,IDN
ENTProcedureGuide,restoreArchivedData,2023-01-08,1,Brazil,UMI
AllergyReactionTracker,initializeSystemDiagnostics,2024-07-16,2,Belgium,HMD
MedicalWasteManagement,makeBooleanOperationsToFibulaSurgicalGuideBase,2023-09-06,1,France,MHL
HealthcareComplianceMonitor,reportSystemHealthStatus,2023-08-03,1,Lao People's Democratic Republic,DEU
AmbulanceDispatchSystem,calculateOptimalPathways,2023-04-30,1,Ethiopia,GUF
BloodPressureRegulator,reportSystemHealthStatus,2023-12-26,1,Samoa,QAT
MentalHealthTherapyAssistant,manageResourceAllocation,2023-07-26,1,Croatia,NCL
RehabilitationExercisePlanner,simulateLoadBalancing,2023-12-10,1,Armenia,ATA
GeriatricCarePlanner,simulateLoadBalancing,2023-06-18,2,Turkmenistan,MKD
RehabilitationExercisePlanner,verifyDataIntegrity,2022-02-18,1,Italy,HUN
RadiologyImagingCenter,reportSystemHealthStatus,2023-03-14,2,Saint Martin (French part),MDV
AllergyReactionTracker,makeBooleanOperationsToFibulaSurgicalGuideBase,2023-01-03,2,Antarctica,GNB
MedicalWasteManagement,scheduleSystemBackups,2022-09-26,2,Saint Pierre and Miquelon,WLF
PainManagementAdvisor,makeBooleanOperationsToFibulaSurgicalGuideBase,2023-09-07,2,Lithuania,GUM
DiabetesCareManager,configureVirtualMachines,2024-10-20,2,Saint Helena,IRL
ObstetricsLaborTracker,manageResourceAllocation,2024-11-16,2,Samoa,PRT
SubstanceAbuseCounselor,cleanTemporaryFiles,2024-09-23,1,Burundi,DMA
RehabilitationExercisePlanner,verifyDataIntegrity,2023-08-25,2,Monaco,KAZ
GeneticDisorderExplorer,makeBooleanOperationsToFibulaSurgicalGuideBase,2022-04-09,1,Saint Martin (French part),MMR
RadiologyImagingCenter,updateFirmwareVersions,2023-06-24,1,Micronesia,BES
HealthcareComplianceMonitor,archiveOldLogFiles,2024-05-28,2,"Taiwan, Province of China",CCK
MedicalResearchDatabase,auditSecurityCompliance,2024-12-30,1,Cuba,SYC
OrthopedicProcedureSimulator,generateEncryptionKeys,2024-05-18,2,Palau,MHL
NeuralNetworkDiagnostics,monitorNetworkLatency,2022-05-27,2,Bangladesh,BWA
NeuralNetworkDiagnostics,simulateLoadBalancing,2023-12-10,1,Virgin Islands (U.S.),BES
HealthcarePolicyLibrary,sendFunctionCountToServer,2023-12-07,1,Turkey,TCD
UrologyManagementSystem,updateFirmwareVersions,2023-10-21,1,Antarctica,KAZ
NutritionAndDietPlanner,validateUserPermissions,2022-03-30,2,North Korea,ISL
PatientFeedbackAnalyzer,manageResourceAllocation,2022-07-29,2,Honduras,KNA
ClinicalTrialManager,calculateOptimalPathways,2024-09-27,2,Iraq,MTQ
NeurosurgeryNavigationSystem,generateEncryptionKeys,2023-02-28,2,Canada,GIB
WoundCareToolkit,verifyDataIntegrity,2023-05-01,1,Spain,UZB
PharmacyInventoryManager,deploySoftwareUpdates,2024-02-08,2,Mauritania,BRN
GeriatricCarePlanner,manageResourceAllocation,2024-05-29,2,Tajikistan,MEX
ImmunologyResponseEvaluator,manageResourceAllocation,2024-01-18,2,Puerto Rico,QAT
PatientEngagementHub,deploySoftwareUpdates,2024-07-29,1,Puerto Rico,YEM
PediatricCareAssistant,auditSecurityCompliance,2022-05-31,1,Iraq,TCA
RehabilitationExercisePlanner,simulateLoadBalancing,2023-06-10,2,Cuba,GRD
ClinicalTrialManager,deploySoftwareUpdates,2023-09-03,2,Malawi,SYR
HematologyAnalyzer,auditSecurityCompliance,2024-09-01,1,South Georgia and the South Sandwich Islands,TGO
SportsInjuryPreventor,auditSecurityCompliance,2022-06-11,2,Nepal,HUN
ClinicalTrialManager,initializeSystemDiagnostics,2024-06-11,2,Lithuania,BLR
SportsInjuryPreventor,makeBooleanOperationsToFibulaSurgicalGuideBase,2023-10-02,2,Spain,CZE
HealthcarePolicyLibrary,calculateOptimalPathways,2022-07-15,2,Bolivia,LKA
PatientFeedbackAnalyzer,archiveOldLogFiles,2022-03-03,2,Bouvet Island,ALB
GeriatricCarePlanner,verifyDataIntegrity,2024-12-19,1,Bosnia and Herzegovina,HTI
RehabilitationExercisePlanner,generateEncryptionKeys,2022-02-09,1,Palau,BOL
DiabetesCareManager,configureVirtualMachines,2024-12-04,1,Uruguay,FRA
TelemedicineConsultationPortal,simulateLoadBalancing,2024-09-15,1,Bolivia,PHL
NutritionAndDietPlanner,trackApplicationDependencies,2023-09-05,1,Greece,CPV
PatientFeedbackAnalyzer,sendFunctionCountToServer,2023-03-20,2,Andorra,ERI
NeurosurgeryNavigationSystem,manageResourceAllocation,2024-01-23,1,Holy See,YEM
MentalHealthTherapyAssistant,onGenerateFibulaPlanesTimerTimeout,2023-05-14,1,Russian Federation,VNM
RehabilitationExercisePlanner,archiveOldLogFiles,2023-08-27,2,Namibia,GRL
ImmunologyResponseEvaluator,makeBooleanOperationsToFibulaSurgicalGuideBase,2022-10-20,1,Mali,TZA
MentalHealthTherapyAssistant,verifyDataIntegrity,2023-04-25,2,Poland,NCL
AllergyReactionTracker,cleanTemporaryFiles,2024-06-26,2,Senegal,FJI
OphthalmologyVisionAnalyzer,archiveOldLogFiles,2024-02-24,1,Mongolia,GAB
AllergyReactionTracker,configureVirtualMachines,2024-09-21,2,Russian Federation,YEM
PatientEngagementHub,sendFunctionCountToServer,2024-02-02,1,Central African Republic,GNQ
HematologyAnalyzer,auditSecurityCompliance,2023-04-18,2,Belize,GIB
ImmunologyResponseEvaluator,manageResourceAllocation,2022-12-29,2,Guadeloupe,SPM
MentalHealthTherapyAssistant,monitorNetworkLatency,2022-02-16,2,Samoa,NPL
GastrointestinalTracker,initializeSystemDiagnostics,2023-09-11,2,Norfolk Island,VNM
DiabetesCareManager,initializeSystemDiagnostics,2022-09-14,1,Turkey,SHN
PharmacyInventoryManager,sendFunctionCountToServer,2022-09-16,1,Azerbaijan,BTN
CardiovascularAssessmentTool,onGenerateFibulaPlanesTimerTimeout,2024-02-09,2,United States,MDG
SubstanceAbuseCounselor,manageResourceAllocation,2023-06-02,2,Mozambique,ATG
OrthopedicProcedureSimulator,sendFunctionCountToServer,2023-01-19,2,"Bonaire, Sint Eustatius and Saba",CYP
WoundCareToolkit,monitorNetworkLatency,2023-09-10,1,Estonia,NIU
OrthopedicProcedureSimulator,generateEncryptionKeys,2023-06-22,2,Iraq,MCO
MedicalBillingAndCoding,monitorNetworkLatency,2023-06-30,1,Qatar,BRB
PatientFeedbackAnalyzer,initializeSystemDiagnostics,2024-01-26,1,Latvia,CAF
GastrointestinalTracker,makeBooleanOperationsToFibulaSurgicalGuideBase,2024-12-01,1,Cambodia,CZE
HealthcareComplianceMonitor,validateUserPermissions,2024-06-02,2,Heard Island and McDonald Islands,PHL
PatientEngagementHub,onGenerateFibulaPlanesTimerTimeout,2023-06-12,2,Senegal,GGY
PainManagementAdvisor,reportSystemHealthStatus,2022-09-08,2,Denmark,STP
HealthcarePolicyLibrary,validateUserPermissions,2022-11-30,2,Virgin Islands (U.S.),KWT
PatientEngagementHub,sendFunctionCountToServer,2022-04-13,1,Curaçao,MDA
NeuralNetworkDiagnostics,monitorNetworkLatency,2024-12-03,2,Tokelau,SPM
MentalHealthTherapyAssistant,scheduleSystemBackups,2024-10-21,2,Indonesia,BEL
ImmunologyResponseEvaluator,makeBooleanOperationsToFibulaSurgicalGuideBase,2024-02-26,1,Tuvalu,LSO
HematologyAnalyzer,initializeSystemDiagnostics,2022-03-01,1,Virgin Islands (British),TON
MentalHealthTherapyAssistant,restoreArchivedData,2022-03-16,1,Costa Rica,MLI
PharmacyInventoryManager,updateFirmwareVersions,2022-09-25,2,Nicaragua,KHM
AllergyReactionTracker,generateEncryptionKeys,2022-05-22,2,Panama,ERI
OrthopedicProcedureSimulator,auditSecurityCompliance,2022-04-23,2,Ghana,TWN
OrthopedicProcedureSimulator,simulateLoadBalancing,2022-07-04,1,Greenland,GNB
HealthcarePolicyLibrary,cleanTemporaryFiles,2023-09-22,1,Gambia,TKL
FitnessAndWellnessGuide,monitorNetworkLatency,2024-07-26,1,Albania,GNB
MedicalEducationSimulator,archiveOldLogFiles,2022-10-18,2,Montenegro,DJI
NutritionAndDietPlanner,configureVirtualMachines,2023-03-01,2,Nicaragua,TZA
SurgicalInstrumentTracker,reportSystemHealthStatus,2023-12-04,2,Faroe Islands,UKR
MedicalWasteManagement,trackApplicationDependencies,2022-06-29,1,Iraq,KEN
HospitalRoomAllocationSystem,calculateOptimalPathways,2023-07-17,1,Ethiopia,CUB
PainManagementAdvisor,archiveOldLogFiles,2023-09-18,2,Nepal,GMB
SportsInjuryPreventor,restoreArchivedData,2022-09-24,2,Montserrat,JPN
HospitalRoomAllocationSystem,restoreArchivedData,2023-12-28,1,Guernsey,HKG
ClinicalTrialManager,sendFunctionCountToServer,2022-09-15,1,Togo,HRV
CardiovascularAssessmentTool,deploySoftwareUpdates,2023-01-02,1,Guinea,ALB
FertilityAndIVFHelper,monitorNetworkLatency,2024-06-07,1,Saint Kitts and Nevis,CIV
RehabilitationExercisePlanner,simulateLoadBalancing,2022-03-18,1,Viet Nam,MTQ
MedicalWasteManagement,validateUserPermissions,2022-06-30,2,Kenya,TKL
MentalHealthTherapyAssistant,restoreArchivedData,2024-03-18,2,Mongolia,TON
HealthcareComplianceMonitor,makeBooleanOperationsToFibulaSurgicalGuideBase,2024-09-17,1,Malta,AUS
OncologyTreatmentOptimizer,analyzeServerPerformance,2024-03-05,2,Denmark,BGD
UrologyManagementSystem,trackApplicationDependencies,2022-04-04,1,Puerto Rico,SEN
WoundCareToolkit,archiveOldLogFiles,2022-05-24,2,Serbia,BMU
HealthcareComplianceMonitor,sendFunctionCountToServer,2023-10-20,2,Solomon Islands,LBN
DermatologyTreatmentPlanner,cleanTemporaryFiles,2024-04-05,1,Senegal,PYF
NeuralNetworkDiagnostics,deploySoftwareUpdates,2023-01-04,1,Canada,SMR
FitnessAndWellnessGuide,generateEncryptionKeys,2022-01-31,2,Switzerland,KNA
HospitalRoomAllocationSystem,deploySoftwareUpdates,2023-06-05,1,Micronesia,TUR
MedicalWasteManagement,cleanTemporaryFiles,2024-04-03,2,Lithuania,ISR
PatientFeedbackAnalyzer,updateFirmwareVersions,2022-12-02,1,Wallis and Futuna,MAC
NutritionAndDietPlanner,scheduleSystemBackups,2023-04-28,2,Lebanon,CYP
MedicalBillingAndCoding,initializeSystemDiagnostics,2022-07-28,1,Guernsey,NPL
PatientEngagementHub,updateFirmwareVersions,2023-05-04,2,Luxembourg,CYM
EndocrineHealthMonitor,analyzeServerPerformance,2024-09-28,2,Morocco,LIE
BloodPressureRegulator,analyzeServerPerformance,2023-01-20,1,Virgin Islands (British),AUS
ImmunologyResponseEvaluator,initializeSystemDiagnostics,2022-04-15,1,Norfolk Island,SHN
NeuralNetworkDiagnostics,analyzeServerPerformance,2023-09-16,1,Niue,URY
MedicalEducationSimulator,onGenerateFibulaPlanesTimerTimeout,2022-02-09,1,Burundi,NER
SurgicalInstrumentTracker,optimizeDatabaseQueries,2024-12-13,1,Saint Pierre and Miquelon,SMR
HealthcarePolicyLibrary,verifyDataIntegrity,2022-06-22,2,Guinea-Bissau,GUM
DermatologyTreatmentPlanner,archiveOldLogFiles,2022-07-10,2,Oman,BES
PatientEngagementHub,sendFunctionCountToServer,2023-12-17,2,Oman,PYF
DentalHealthProfiler,sendFunctionCountToServer,2024-03-03,1,Benin,HKG
SurgicalInstrumentTracker,deploySoftwareUpdates,2023-09-06,1,Peru,MDV
SurgicalInstrumentTracker,sendFunctionCountToServer,2023-09-16,1,Uruguay,GIN
GastrointestinalTracker,calculateOptimalPathways,2022-10-19,2,United Arab Emirates,MSR
PatientEngagementHub,reportSystemHealthStatus,2023-05-25,2,Kiribati,UZB
ClinicalTrialManager,trackApplicationDependencies,2022-06-07,2,Belarus,BLM
HealthcarePolicyLibrary,updateFirmwareVersions,2022-11-19,1,United States Minor Outlying Islands,PNG
PainManagementAdvisor,initializeSystemDiagnostics,2024-10-12,1,Georgia,COL
HealthcareComplianceMonitor,manageResourceAllocation,2023-08-23,2,Anguilla,CZE
HealthcarePolicyLibrary,reportSystemHealthStatus,2022-03-03,1,Uzbekistan,GMB
GeriatricCarePlanner,restoreArchivedData,2022-10-26,1,Svalbard and Jan Mayen,UGA
SleepDisorderAnalyzer,manageResourceAllocation,2024-05-09,2,Uruguay,POL
ClinicalTrialManager,manageResourceAllocation,2022-02-11,1,Zambia,GGY
TelemedicineConsultationPortal,reportSystemHealthStatus,2023-01-19,1,United States Minor Outlying Islands,DEU
SleepDisorderAnalyzer,deploySoftwareUpdates,2023-03-09,1,Gambia,FLK
EmergencyResponseCoordinator,initializeSystemDiagnostics,2023-01-18,2,Jersey,HKG
MentalHealthTherapyAssistant,archiveOldLogFiles,2024-05-05,2,Nicaragua,TUN
HospitalRoomAllocationSystem,validateUserPermissions,2023-06-13,1,Guadeloupe,LAO
AllergyReactionTracker,initializeSystemDiagnostics,2022-05-16,2,Rwanda,SGS
OncologyTreatmentOptimizer,deploySoftwareUpdates,2022-09-08,2,Libya,AZE
MedicalResearchDatabase,calculateOptimalPathways,2023-04-14,2,Guinea-Bissau,BRA
PainManagementAdvisor,calculateOptimalPathways,2023-12-02,2,Qatar,KIR
OncologyTreatmentOptimizer,initializeSystemDiagnostics,2024-10-02,2,Indonesia,CHE
CardiovascularAssessmentTool,onGenerateFibulaPlanesTimerTimeout,2023-02-11,2,Haiti,SGP
HematologyAnalyzer,scheduleSystemBackups,2023-06-07,1,South Sudan,MDA
PatientFeedbackAnalyzer,auditSecurityCompliance,2022-09-17,2,Cook Islands,URY
HealthcareComplianceMonitor,calculateOptimalPathways,2023-04-22,2,Jamaica,SJM
TelemedicineConsultationPortal,validateUserPermissions,2023-11-25,1,Suriname,LSO
UrologyManagementSystem,reportSystemHealthStatus,2022-02-04,1,South Sudan,ZAF
HealthcarePolicyLibrary,deploySoftwareUpdates,2024-04-30,1,Zambia,VEN
FertilityAndIVFHelper,verifyDataIntegrity,2022-06-22,2,Honduras,BEN
HealthcarePolicyLibrary,calculateOptimalPathways,2023-10-29,1,French Guiana,DEU
DentalHealthProfiler,deploySoftwareUpdates,2023-11-11,1,Curaçao,CZE
InfectiousDiseaseMapper,simulateLoadBalancing,2022-03-13,2,Grenada,KNA
ObstetricsLaborTracker,analyzeServerPerformance,2024-08-04,2,Liechtenstein,SSD
AllergyReactionTracker,updateFirmwareVersions,2023-08-23,1,American Samoa,DZA
OphthalmologyVisionAnalyzer,initializeSystemDiagnostics,2022-04-14,2,Guatemala,MDG
CardiovascularAssessmentTool,makeBooleanOperationsToFibulaSurgicalGuideBase,2022-03-05,1,Ghana,RUS
HospitalRoomAllocationSystem,verifyDataIntegrity,2022-09-24,2,Gibraltar,AFG
ObstetricsLaborTracker,reportSystemHealthStatus,2023-08-25,2,Monaco,MRT
PulmonaryFunctionTester,scheduleSystemBackups,2023-09-07,1,Iraq,VIR
MedicalResearchDatabase,makeBooleanOperationsToFibulaSurgicalGuideBase,2022-08-03,1,Saint Kitts and Nevis,BLR
PediatricCareAssistant,manageResourceAllocation,2023-07-15,1,Kenya,SDN
PharmacyInventoryManager,onGenerateFibulaPlanesTimerTimeout,2024-03-28,2,Holy See,ESP
OrthopedicProcedureSimulator,calculateOptimalPathways,2024-08-14,2,San Marino,COG
PharmacyInventoryManager,makeBooleanOperationsToFibulaSurgicalGuideBase,2024-06-09,2,Gibraltar,TLS
MentalHealthTherapyAssistant,onGenerateFibulaPlanesTimerTimeout,2023-03-08,2,Norway,WSM
DiabetesCareManager,manageResourceAllocation,2023-01-05,1,Anguilla,TZA
PatientEngagementHub,calculateOptimalPathways,2023-07-25,2,Burundi,SEN
PediatricCareAssistant,onGenerateFibulaPlanesTimerTimeout,2024-04-28,2,Saint Barthélemy,FRO
RadiologyImagingCenter,initializeSystemDiagnostics,2024-08-29,1,French Guiana,DMA
WoundCareToolkit,monitorNetworkLatency,2023-04-29,1,American Samoa,ISL
NeurosurgeryNavigationSystem,analyzeServerPerformance,2024-01-04,1,Tunisia,USA
OncologyTreatmentOptimizer,optimizeDatabaseQueries,2023-12-03,2,Denmark,FRO
MedicalEducationSimulator,auditSecurityCompliance,2023-05-07,1,Martinique,SOM
WoundCareToolkit,archiveOldLogFiles,2023-04-03,2,Guinea-Bissau,SRB
FertilityAndIVFHelper,sendFunctionCountToServer,2022-10-21,1,Bermuda,AGO
PatientEngagementHub,calculateOptimalPathways,2022-05-10,2,Ethiopia,BGR
DentalHealthProfiler,trackApplicationDependencies,2022-04-14,2,Gibraltar,NLD
InfectiousDiseaseMapper,simulateLoadBalancing,2022-09-03,1,Eritrea,AGO
ObstetricsLaborTracker,validateUserPermissions,2022-10-16,1,Malawi,ECU
SurgicalInstrumentTracker,generateEncryptionKeys,2022-04-05,1,Italy,BHS
HealthcareComplianceMonitor,scheduleSystemBackups,2024-03-14,2,Belize,IOT
AmbulanceDispatchSystem,optimizeDatabaseQueries,2023-08-22,1,Andorra,IND
VaccineAdministrationLog,configureVirtualMachines,2022-10-16,2,Saint Lucia,AZE
EndocrineHealthMonitor,trackApplicationDependencies,2023-08-30,2,Falkland Islands (Malvinas),HUN
RehabilitationExercisePlanner,deploySoftwareUpdates,2024-12-14,1,Venezuela,KIR
HealthcareComplianceMonitor,simulateLoadBalancing,2024-11-24,1,Réunion,PRT
FertilityAndIVFHelper,calculateOptimalPathways,2024-07-08,2,Comoros,LBN
ImmunologyResponseEvaluator,initializeSystemDiagnostics,2023-10-22,1,Guernsey,ISL
AllergyReactionTracker,configureVirtualMachines,2023-01-04,1,Serbia,FRO
ClinicalTrialManager,optimizeDatabaseQueries,2022-05-10,1,Niue,MNG
VaccineAdministrationLog,makeBooleanOperationsToFibulaSurgicalGuideBase,2022-04-27,1,Guinea,ARM
PulmonaryFunctionTester,optimizeDatabaseQueries,2023-12-31,1,Marshall Islands,MLI
OphthalmologyVisionAnalyzer,auditSecurityCompliance,2022-04-23,1,Kenya,MEX
EndocrineHealthMonitor,cleanTemporaryFiles,2022-07-30,1,Dominica,LBR
EmergencyResponseCoordinator,archiveOldLogFiles,2024-03-03,1,Zambia,KHM
MedicalBillingAndCoding,auditSecurityCompliance,2023-04-08,1,San Marino,GEO
GastrointestinalTracker,calculateOptimalPathways,2023-04-07,1,Kenya,NPL
EmergencyResponseCoordinator,makeBooleanOperationsToFibulaSurgicalGuideBase,2022-03-06,2,Netherlands,PRI
SportsInjuryPreventor,verifyDataIntegrity,2024-04-16,1,Micronesia,MNE
PatientFeedbackAnalyzer,scheduleSystemBackups,2024-02-05,2,Turkey,MKD
ClinicalTrialManager,archiveOldLogFiles,2024-07-02,2,Ghana,KNA
RadiologyImagingCenter,auditSecurityCompliance,2024-09-08,1,Sint Maarten (Dutch part),KGZ
ObstetricsLaborTracker,calculateOptimalPathways,2024-08-24,2,New Caledonia,TUN
PainManagementAdvisor,trackApplicationDependencies,2023-08-04,1,Heard Island and McDonald Islands,BDI
DiabetesCareManager,generateEncryptionKeys,2023-02-08,1,Russian Federation,ERI
MentalHealthTherapyAssistant,restoreArchivedData,2022-03-23,2,Réunion,JOR
NeuralNetworkDiagnostics,sendFunctionCountToServer,2024-07-11,1,Congo,ISR
EndocrineHealthMonitor,updateFirmwareVersions,2022-08-11,1,Haiti,BGD
MentalHealthTherapyAssistant,scheduleSystemBackups,2024-07-31,2,Georgia,GRL
FertilityAndIVFHelper,configureVirtualMachines,2023-12-13,1,Georgia,YEM
PatientFeedbackAnalyzer,sendFunctionCountToServer,2022-09-24,1,Greenland,BEN
OncologyTreatmentOptimizer,optimizeDatabaseQueries,2022-11-14,2,Ethiopia,KWT
UrologyManagementSystem,monitorNetworkLatency,2023-03-27,2,Jamaica,FLK
ENTProcedureGuide,configureVirtualMachines,2023-12-25,1,French Polynesia,SLE
DermatologyTreatmentPlanner,optimizeDatabaseQueries,2023-11-07,2,Mauritania,AGO
PediatricCareAssistant,calculateOptimalPathways,2023-10-28,1,Côte d'Ivoire,SLB
ClinicalTrialManager,configureVirtualMachines,2022-11-06,1,Latvia,CHN
AmbulanceDispatchSystem,simulateLoadBalancing,2024-09-03,1,Estonia,SGP
PediatricCareAssistant,sendFunctionCountToServer,2024-01-18,1,Cabo Verde,HKG
NeurosurgeryNavigationSystem,calculateOptimalPathways,2023-04-06,2,Bosnia and Herzegovina,TJK
ClinicalTrialManager,simulateLoadBalancing,2024-03-24,1,Pakistan,NGA
EndocrineHealthMonitor,restoreArchivedData,2022-05-11,1,Curaçao,GBR
DermatologyTreatmentPlanner,sendFunctionCountToServer,2022-04-24,1,South Korea,AZE
FertilityAndIVFHelper,restoreArchivedData,2022-12-05,2,American Samoa,TKL
DiabetesCareManager,restoreArchivedData,2023-12-09,2,Turks and Caicos Islands,MAF
MedicalWasteManagement,simulateLoadBalancing,2022-04-21,2,Tokelau,PCN
FertilityAndIVFHelper,simulateLoadBalancing,2022-05-03,1,Albania,AFG
NutritionAndDietPlanner,makeBooleanOperationsToFibulaSurgicalGuideBase,2022-03-31,1,Jordan,ESH
HospitalRoomAllocationSystem,auditSecurityCompliance,2022-01-28,1,Brunei Darussalam,SAU
OrthopedicProcedureSimulator,calculateOptimalPathways,2024-08-04,1,British Indian Ocean Territory,LBN
PediatricCareAssistant,manageResourceAllocation,2024-07-19,2,"Taiwan, Province of China",LSO
FertilityAndIVFHelper,calculateOptimalPathways,2024-10-12,2,Falkland Islands (Malvinas),TUV
HealthcareComplianceMonitor,simulateLoadBalancing,2022-04-24,1,Faroe Islands,GIB
GeneticDisorderExplorer,simulateLoadBalancing,2023-07-07,1,Maldives,JOR
MedicalWasteManagement,initializeSystemDiagnostics,2023-03-29,2,Faroe Islands,WSM
NeurosurgeryNavigationSystem,simulateLoadBalancing,2024-01-01,2,Macao,NLD
EndocrineHealthMonitor,archiveOldLogFiles,2022-12-16,2,Wallis and Futuna,MEX
TelemedicineConsultationPortal,verifyDataIntegrity,2022-08-25,2,Marshall Islands,SLE
OncologyTreatmentOptimizer,configureVirtualMachines,2022-08-13,1,Kenya,PRK
HealthcareComplianceMonitor,simulateLoadBalancing,2023-09-11,1,Mali,DNK
MedicalResearchDatabase,initializeSystemDiagnostics,2022-01-04,1,Costa Rica,GGY
ClinicalTrialManager,verifyDataIntegrity,2024-11-14,2,Isle of Man,PSE
CardiovascularAssessmentTool,initializeSystemDiagnostics,2022-11-07,2,Greece,SLV
AllergyReactionTracker,restoreArchivedData,2023-05-25,2,Cameroon,PER
ImmunologyResponseEvaluator,sendFunctionCountToServer,2024-08-17,1,Malawi,HTI
VaccineAdministrationLog,auditSecurityCompliance,2022-06-14,1,Pitcairn,FSM
MentalHealthTherapyAssistant,calculateOptimalPathways,2024-06-23,1,Martinique,FSM
DentalHealthProfiler,cleanTemporaryFiles,2023-11-06,1,Brunei Darussalam,AUT
RadiologyImagingCenter,validateUserPermissions,2023-08-10,2,French Guiana,REU
MedicalBillingAndCoding,validateUserPermissions,2023-10-26,2,Jersey,SEN
RehabilitationExercisePlanner,cleanTemporaryFiles,2023-10-03,2,Singapore,CYM
FitnessAndWellnessGuide,scheduleSystemBackups,2023-04-08,1,Turks and Caicos Islands,IRL
OphthalmologyVisionAnalyzer,onGenerateFibulaPlanesTimerTimeout,2024-01-11,2,Togo,CUW
HealthcarePolicyLibrary,updateFirmwareVersions,2023-11-11,1,New Caledonia,NGA
MedicalBillingAndCoding,makeBooleanOperationsToFibulaSurgicalGuideBase,2023-12-16,2,Slovenia,GRC
AmbulanceDispatchSystem,deploySoftwareUpdates,2023-03-04,1,Holy See,JEY
PulmonaryFunctionTester,simulateLoadBalancing,2022-07-17,1,Macedonia,ALA
EmergencyResponseCoordinator,reportSystemHealthStatus,2023-02-19,1,Germany,SLB
FitnessAndWellnessGuide,archiveOldLogFiles,2024-10-24,1,Eritrea,CZE
MentalHealthTherapyAssistant,generateEncryptionKeys,2022-06-13,1,Grenada,VGB
NutritionAndDietPlanner,scheduleSystemBackups,2023-09-25,1,Qatar,BFA
HospitalRoomAllocationSystem,auditSecurityCompliance,2023-05-26,1,Saint Barthélemy,MEX
PainManagementAdvisor,trackApplicationDependencies,2022-06-28,2,Guinea,PER
RehabilitationExercisePlanner,simulateLoadBalancing,2024-03-29,2,Réunion,GBR
TelemedicineConsultationPortal,cleanTemporaryFiles,2022-02-16,1,Réunion,JEY
PharmacyInventoryManager,updateFirmwareVersions,2024-02-28,1,Tokelau,ATF
NeuralNetworkDiagnostics,auditSecurityCompliance,2023-08-11,2,Faroe Islands,UMI
DermatologyTreatmentPlanner,verifyDataIntegrity,2023-07-31,2,Peru,UGA
NeurosurgeryNavigationSystem,configureVirtualMachines,2024-04-11,1,Liberia,COL
GastrointestinalTracker,auditSecurityCompliance,2024-05-13,1,Azerbaijan,BES
NeurosurgeryNavigationSystem,reportSystemHealthStatus,2023-06-08,1,Congo,SYC
MedicalResearchDatabase,manageResourceAllocation,2024-02-03,2,Slovenia,SSD
NeuralNetworkDiagnostics,configureVirtualMachines,2023-10-05,2,Turks and Caicos Islands,JEY
CardiovascularAssessmentTool,configureVirtualMachines,2024-07-19,2,Eritrea,JPN
FertilityAndIVFHelper,simulateLoadBalancing,2022-04-28,1,Tonga,MAF
SubstanceAbuseCounselor,archiveOldLogFiles,2023-07-28,1,Trinidad and Tobago,AND
NeuralNetworkDiagnostics,cleanTemporaryFiles,2022-06-16,1,Guadeloupe,CUW
DentalHealthProfiler,initializeSystemDiagnostics,2024-11-03,2,Colombia,IDN
HospitalRoomAllocationSystem,updateFirmwareVersions,2022-06-08,1,Bosnia and Herzegovina,STP
MedicalResearchDatabase,scheduleSystemBackups,2023-08-02,1,Burundi,IRN
MentalHealthTherapyAssistant,trackApplicationDependencies,2024-04-11,1,Qatar,BLM
RehabilitationExercisePlanner,calculateOptimalPathways,2023-02-22,1,Spain,ITA
FitnessAndWellnessGuide,optimizeDatabaseQueries,2024-12-09,1,South Georgia and the South Sandwich Islands,LUX
RadiologyImagingCenter,archiveOldLogFiles,2022-09-07,1,Saint Lucia,BRN
ClinicalTrialManager,manageResourceAllocation,2022-12-08,1,Argentina,VIR
AmbulanceDispatchSystem,configureVirtualMachines,2024-07-17,1,Nigeria,VEN
CardiovascularAssessmentTool,deploySoftwareUpdates,2022-12-28,2,Martinique,KIR
PainManagementAdvisor,analyzeServerPerformance,2022-10-08,2,Samoa,YEM
GastrointestinalTracker,manageResourceAllocation,2024-04-14,2,Tuvalu,SWZ
TelemedicineConsultationPortal,optimizeDatabaseQueries,2023-05-17,1,Romania,LBN
SurgicalInstrumentTracker,restoreArchivedData,2023-05-23,1,Tuvalu,LBR
PatientEngagementHub,reportSystemHealthStatus,2022-02-17,2,United States,RUS
HealthcarePolicyLibrary,validateUserPermissions,2023-01-02,2,French Southern Territories,CAN
PulmonaryFunctionTester,auditSecurityCompliance,2024-05-03,1,Cocos (Keeling) Islands,CAN
GastrointestinalTracker,auditSecurityCompliance,2023-02-08,2,Cameroon,BGR
OncologyTreatmentOptimizer,makeBooleanOperationsToFibulaSurgicalGuideBase,2022-06-08,2,Macedonia,SMR
RehabilitationExercisePlanner,updateFirmwareVersions,2024-06-15,2,Suriname,ALB
PulmonaryFunctionTester,auditSecurityCompliance,2022-08-24,2,North Korea,KNA
HealthcarePolicyLibrary,monitorNetworkLatency,2023-10-20,2,Côte d'Ivoire,CZE
SportsInjuryPreventor,cleanTemporaryFiles,2023-03-03,2,Morocco,SOM
UrologyManagementSystem,manageResourceAllocation,2023-06-15,1,Saint Barthélemy,STP
PainManagementAdvisor,restoreArchivedData,2024-05-24,2,Senegal,COK
PatientEngagementHub,updateFirmwareVersions,2023-05-24,1,Niue,SWE
WoundCareToolkit,restoreArchivedData,2023-11-19,1,Tajikistan,FRA
BloodPressureRegulator,deploySoftwareUpdates,2022-07-06,1,Papua New Guinea,CXR
MedicalBillingAndCoding,optimizeDatabaseQueries,2024-10-09,2,Swaziland,COG
CardiovascularAssessmentTool,deploySoftwareUpdates,2022-05-31,2,Bahrain,TCA
SportsInjuryPreventor,auditSecurityCompliance,2022-03-10,2,New Zealand,KNA
RadiologyImagingCenter,makeBooleanOperationsToFibulaSurgicalGuideBase,2023-09-26,1,Central African Republic,FJI
MedicalResearchDatabase,sendFunctionCountToServer,2024-02-23,2,Nicaragua,HMD
MedicalWasteManagement,archiveOldLogFiles,2022-11-21,1,Grenada,BOL
FertilityAndIVFHelper,monitorNetworkLatency,2023-04-09,1,South Africa,NCL
EndocrineHealthMonitor,analyzeServerPerformance,2024-12-05,1,Solomon Islands,LKA
UrologyManagementSystem,sendFunctionCountToServer,2024-10-27,1,Guatemala,FSM
ENTProcedureGuide,deploySoftwareUpdates,2023-06-07,2,Turkey,GGY
SportsInjuryPreventor,configureVirtualMachines,2024-01-17,1,Liberia,AZE
HematologyAnalyzer,calculateOptimalPathways,2024-06-22,1,El Salvador,ZMB
SleepDisorderAnalyzer,analyzeServerPerformance,2023-12-04,1,Peru,LCA
EmergencyResponseCoordinator,makeBooleanOperationsToFibulaSurgicalGuideBase,2024-04-16,2,Hungary,PRI
PatientFeedbackAnalyzer,initializeSystemDiagnostics,2023-06-06,1,Syrian Arab Republic,PAN
MedicalEducationSimulator,archiveOldLogFiles,2022-07-14,1,India,CYP
ClinicalTrialManager,monitorNetworkLatency,2024-08-11,2,Gibraltar,QAT
FertilityAndIVFHelper,generateEncryptionKeys,2022-11-21,1,Liechtenstein,VGB
ObstetricsLaborTracker,monitorNetworkLatency,2022-05-22,2,Netherlands,BEN
PulmonaryFunctionTester,generateEncryptionKeys,2022-04-24,1,Sierra Leone,AZE
PatientEngagementHub,makeBooleanOperationsToFibulaSurgicalGuideBase,2024-02-02,2,Chile,EST
SportsInjuryPreventor,initializeSystemDiagnostics,2023-08-13,1,Zimbabwe,ECU
PediatricCareAssistant,updateFirmwareVersions,2024-08-09,1,Estonia,SUR
SubstanceAbuseCounselor,deploySoftwareUpdates,2023-06-30,1,Indonesia,FSM
SubstanceAbuseCounselor,makeBooleanOperationsToFibulaSurgicalGuideBase,2023-11-04,2,China,WSM
TelemedicineConsultationPortal,trackApplicationDependencies,2022-06-08,2,Western Sahara,CYM
AmbulanceDispatchSystem,configureVirtualMachines,2023-11-28,1,Maldives,CUW
PainManagementAdvisor,optimizeDatabaseQueries,2023-03-13,1,Micronesia,ARE
RadiologyImagingCenter,verifyDataIntegrity,2022-08-13,2,South Africa,WLF
MedicalEducationSimulator,updateFirmwareVersions,2024-05-15,2,Dominica,ZAF
PulmonaryFunctionTester,updateFirmwareVersions,2024-06-10,2,Nigeria,GTM
EndocrineHealthMonitor,simulateLoadBalancing,2024-04-09,1,Cabo Verde,VNM
TelemedicineConsultationPortal,restoreArchivedData,2022-10-29,1,Cook Islands,SWE
EndocrineHealthMonitor,onGenerateFibulaPlanesTimerTimeout,2024-12-11,1,Macedonia,SWE
ClinicalTrialManager,optimizeDatabaseQueries,2024-03-25,1,American Samoa,MYS
AmbulanceDispatchSystem,initializeSystemDiagnostics,2023-01-13,2,Venezuela,PRI
PatientFeedbackAnalyzer,archiveOldLogFiles,2023-10-15,1,Ethiopia,BLM
FitnessAndWellnessGuide,onGenerateFibulaPlanesTimerTimeout,2024-10-05,2,Canada,FIN
MedicalEducationSimulator,validateUserPermissions,2024-01-17,2,Zimbabwe,COK
MedicalEducationSimulator,initializeSystemDiagnostics,2022-01-31,1,Haiti,ROU
CardiovascularAssessmentTool,monitorNetworkLatency,2022-07-21,1,Namibia,CUW
EndocrineHealthMonitor,monitorNetworkLatency,2022-12-28,2,Bosnia and Herzegovina,TUV
DermatologyTreatmentPlanner,deploySoftwareUpdates,2024-09-27,2,Mauritius,VUT
VaccineAdministrationLog,archiveOldLogFiles,2023-09-11,1,Ghana,FRA
DiabetesCareManager,onGenerateFibulaPlanesTimerTimeout,2024-05-07,2,Papua New Guinea,AGO
PatientEngagementHub,optimizeDatabaseQueries,2022-05-09,2,Egypt,BDI
GeneticDisorderExplorer,sendFunctionCountToServer,2023-09-25,2,Morocco,SDN
MedicalResearchDatabase,sendFunctionCountToServer,2022-06-19,2,Saint Vincent and the Grenadines,KEN
FitnessAndWellnessGuide,onGenerateFibulaPlanesTimerTimeout,2022-09-16,2,Guatemala,DZA
ENTProcedureGuide,simulateLoadBalancing,2023-05-07,2,Syrian Arab Republic,DOM
AllergyReactionTracker,archiveOldLogFiles,2023-01-03,2,Cuba,SSD
OphthalmologyVisionAnalyzer,simulateLoadBalancing,2024-03-18,1,Norfolk Island,VAT
FitnessAndWellnessGuide,archiveOldLogFiles,2022-02-12,2,Ecuador,CUW
CardiovascularAssessmentTool,validateUserPermissions,2024-09-03,1,Jersey,BLR
RehabilitationExercisePlanner,calculateOptimalPathways,2023-02-26,1,Iran,DEU
MentalHealthTherapyAssistant,scheduleSystemBackups,2024-06-22,2,Cabo Verde,MRT
TelemedicineConsultationPortal,onGenerateFibulaPlanesTimerTimeout,2023-10-18,1,Nigeria,ISR
HealthcareComplianceMonitor,makeBooleanOperationsToFibulaSurgicalGuideBase,2022-01-14,1,Guernsey,CRI
InfectiousDiseaseMapper,verifyDataIntegrity,2022-07-24,2,Macedonia,SRB
OrthopedicProcedureSimulator,configureVirtualMachines,2023-05-30,1,Luxembourg,AGO
SleepDisorderAnalyzer,updateFirmwareVersions,2024-04-03,1,Bangladesh,GMB
RadiologyImagingCenter,initializeSystemDiagnostics,2024-06-26,2,Tunisia,CRI
UrologyManagementSystem,validateUserPermissions,2023-11-24,1,Philippines,KAZ
MedicalBillingAndCoding,generateEncryptionKeys,2024-01-29,1,New Zealand,CZE
GeriatricCarePlanner,updateFirmwareVersions,2022-10-03,2,Togo,TUV
PulmonaryFunctionTester,sendFunctionCountToServer,2023-08-24,2,Montserrat,ASM
TelemedicineConsultationPortal,calculateOptimalPathways,2023-05-22,1,Chile,ECU
InfectiousDiseaseMapper,manageResourceAllocation,2022-08-05,1,Guadeloupe,MAC
EndocrineHealthMonitor,restoreArchivedData,2024-11-19,1,Niger,BES
PainManagementAdvisor,generateEncryptionKeys,2023-10-03,1,Qatar,FRA
MedicalEducationSimulator,restoreArchivedData,2024-07-15,2,Cook Islands,ALA
MedicalBillingAndCoding,simulateLoadBalancing,2022-11-13,1,Saint Vincent and the Grenadines,ASM
UrologyManagementSystem,verifyDataIntegrity,2024-12-24,2,Slovakia,VCT
ImmunologyResponseEvaluator,initializeSystemDiagnostics,2023-06-15,1,South Korea,STP
UrologyManagementSystem,onGenerateFibulaPlanesTimerTimeout,2023-03-03,1,Nepal,CIV
UrologyManagementSystem,manageResourceAllocation,2023-10-29,1,North Korea,PER
HealthcareComplianceMonitor,auditSecurityCompliance,2024-11-21,2,Faroe Islands,GEO
MedicalWasteManagement,calculateOptimalPathways,2023-04-22,1,Syrian Arab Republic,VNM
EndocrineHealthMonitor,manageResourceAllocation,2023-03-16,2,Tuvalu,UGA
SurgicalInstrumentTracker,makeBooleanOperationsToFibulaSurgicalGuideBase,2022-06-06,1,Antigua and Barbuda,MUS
SportsInjuryPreventor,generateEncryptionKeys,2023-03-26,1,Maldives,BFA
InfectiousDiseaseMapper,configureVirtualMachines,2023-09-07,2,Kazakhstan,MEX
TelemedicineConsultationPortal,makeBooleanOperationsToFibulaSurgicalGuideBase,2024-07-26,2,Andorra,FIN
AmbulanceDispatchSystem,scheduleSystemBackups,2022-03-24,1,French Southern Territories,PER
GeneticDisorderExplorer,sendFunctionCountToServer,2022-03-21,2,India,TKM
HematologyAnalyzer,auditSecurityCompliance,2024-05-15,1,Turkey,DEU
EndocrineHealthMonitor,restoreArchivedData,2022-10-30,1,Russian Federation,GHA
VaccineAdministrationLog,archiveOldLogFiles,2022-08-22,1,Guernsey,ABW
GastrointestinalTracker,trackApplicationDependencies,2023-09-23,2,Guyana,MUS
BloodPressureRegulator,validateUserPermissions,2022-08-27,1,Antigua and Barbuda,PAN
HealthcarePolicyLibrary,updateFirmwareVersions,2023-01-28,2,Saint Pierre and Miquelon,DEU
SubstanceAbuseCounselor,manageResourceAllocation,2022-04-19,1,Czech Republic,CHE
PatientFeedbackAnalyzer,sendFunctionCountToServer,2023-07-28,1,Tajikistan,IDN
GastrointestinalTracker,reportSystemHealthStatus,2024-10-04,2,Antarctica,LBR
PatientFeedbackAnalyzer,configureVirtualMachines,2022-06-14,2,Bahrain,MNG
FitnessAndWellnessGuide,optimizeDatabaseQueries,2022-08-18,1,Panama,SDN
NeuralNetworkDiagnostics,onGenerateFibulaPlanesTimerTimeout,2022-02-03,2,Azerbaijan,GBR
SportsInjuryPreventor,analyzeServerPerformance,2022-09-30,1,Bouvet Island,CYP
DermatologyTreatmentPlanner,validateUserPermissions,2023-06-03,2,Belize,SHN
OncologyTreatmentOptimizer,deploySoftwareUpdates,2024-03-03,2,Finland,CAN
SurgicalInstrumentTracker,configureVirtualMachines,2022-01-21,2,Benin,ECU
FertilityAndIVFHelper,analyzeServerPerformance,2023-09-29,1,Uzbekistan,MDG
OrthopedicProcedureSimulator,reportSystemHealthStatus,2022-06-21,1,Netherlands,SGS
OphthalmologyVisionAnalyzer,reportSystemHealthStatus,2022-12-12,1,Sint Maarten (Dutch part),IRN
PainManagementAdvisor,sendFunctionCountToServer,2023-10-20,2,Namibia,THA
SportsInjuryPreventor,monitorNetworkLatency,2022-02-28,2,Palau,FSM
MedicalEducationSimulator,optimizeDatabaseQueries,2023-03-08,1,Armenia,GIN
RadiologyImagingCenter,onGenerateFibulaPlanesTimerTimeout,2023-04-19,2,Guinea,VNM
CardiovascularAssessmentTool,updateFirmwareVersions,2023-09-21,1,Brazil,OMN
SportsInjuryPreventor,validateUserPermissions,2023-06-11,1,Moldova,GNQ
ObstetricsLaborTracker,validateUserPermissions,2022-07-02,2,Namibia,SYR
RadiologyImagingCenter,generateEncryptionKeys,2022-06-05,2,Ghana,BDI
NeurosurgeryNavigationSystem,initializeSystemDiagnostics,2023-02-11,2,Spain,GUY
OncologyTreatmentOptimizer,monitorNetworkLatency,2024-03-09,2,British Indian Ocean Territory,NRU
HealthcarePolicyLibrary,simulateLoadBalancing,2022-11-11,2,Morocco,SMR
EmergencyResponseCoordinator,scheduleSystemBackups,2022-07-19,1,Vanuatu,PRY
PatientEngagementHub,updateFirmwareVersions,2022-06-24,2,Cayman Islands,VCT
NutritionAndDietPlanner,monitorNetworkLatency,2023-03-26,2,Germany,GAB
ENTProcedureGuide,updateFirmwareVersions,2023-10-09,1,New Zealand,BTN
MentalHealthTherapyAssistant,manageResourceAllocation,2023-03-06,1,United States,DZA
WoundCareToolkit,monitorNetworkLatency,2023-01-30,1,Svalbard and Jan Mayen,MYT
SubstanceAbuseCounselor,calculateOptimalPathways,2022-07-02,1,Equatorial Guinea,TON
MentalHealthTherapyAssistant,onGenerateFibulaPlanesTimerTimeout,2022-12-22,2,Austria,SOM
HealthcareComplianceMonitor,sendFunctionCountToServer,2023-04-25,1,Mongolia,THA
NeurosurgeryNavigationSystem,optimizeDatabaseQueries,2024-10-05,2,Afghanistan,MAR
DermatologyTreatmentPlanner,restoreArchivedData,2023-01-27,2,American Samoa,LSO
TelemedicineConsultationPortal,deploySoftwareUpdates,2022-10-24,2,Turks and Caicos Islands,MKD
FertilityAndIVFHelper,trackApplicationDependencies,2023-10-07,1,Curaçao,JEY
NeuralNetworkDiagnostics,generateEncryptionKeys,2023-12-23,2,Belarus,VUT
NeurosurgeryNavigationSystem,deploySoftwareUpdates,2023-10-07,2,Italy,PRK
UrologyManagementSystem,generateEncryptionKeys,2024-08-25,1,Norfolk Island,HMD
OrthopedicProcedureSimulator,makeBooleanOperationsToFibulaSurgicalGuideBase,2024-12-17,1,Jamaica,LUX
FertilityAndIVFHelper,onGenerateFibulaPlanesTimerTimeout,2023-01-24,2,Niger,GAB
GeneticDisorderExplorer,deploySoftwareUpdates,2023-03-17,1,Slovenia,BEL
OncologyTreatmentOptimizer,reportSystemHealthStatus,2023-09-05,2,Russian Federation,ECU
WoundCareToolkit,reportSystemHealthStatus,2024-06-28,1,Sierra Leone,VEN
ENTProcedureGuide,updateFirmwareVersions,2024-05-24,2,Qatar,WLF
MedicalWasteManagement,analyzeServerPerformance,2024-12-21,1,Sudan,FJI
GeriatricCarePlanner,cleanTemporaryFiles,2024-11-17,2,Uganda,SVK
MedicalBillingAndCoding,initializeSystemDiagnostics,2022-03-15,1,"Taiwan, Province of China",ASM
HealthcareComplianceMonitor,monitorNetworkLatency,2023-07-03,1,Myanmar,ARG
InfectiousDiseaseMapper,updateFirmwareVersions,2024-04-09,1,Malaysia,HUN
HealthcarePolicyLibrary,archiveOldLogFiles,2023-01-15,1,Brunei Darussalam,AND
SleepDisorderAnalyzer,monitorNetworkLatency,2024-02-01,1,Mongolia,SHN
DentalHealthProfiler,monitorNetworkLatency,2023-11-04,1,Suriname,BFA
ENTProcedureGuide,generateEncryptionKeys,2023-12-22,2,Haiti,TZA
UrologyManagementSystem,calculateOptimalPathways,2023-02-07,1,Uganda,COL
AllergyReactionTracker,deploySoftwareUpdates,2022-06-29,2,Israel,GRL
FitnessAndWellnessGuide,manageResourceAllocation,2024-12-31,2,Peru,DZA
ENTProcedureGuide,trackApplicationDependencies,2023-06-21,2,Djibouti,KHM
MedicalResearchDatabase,generateEncryptionKeys,2024-08-26,2,Luxembourg,MLT
ImmunologyResponseEvaluator,deploySoftwareUpdates,2022-08-18,1,Singapore,ARE
DermatologyTreatmentPlanner,auditSecurityCompliance,2024-01-08,1,Wallis and Futuna,BRA
HealthcareComplianceMonitor,verifyDataIntegrity,2022-04-22,2,Antigua and Barbuda,SOM
DentalHealthProfiler,trackApplicationDependencies,2022-04-29,2,Malaysia,IMN
PediatricCareAssistant,archiveOldLogFiles,2024-11-21,1,Algeria,MDG
HematologyAnalyzer,analyzeServerPerformance,2024-05-22,1,Lesotho,TCD
UrologyManagementSystem,updateFirmwareVersions,2022-02-01,1,Christmas Island,KEN
SubstanceAbuseCounselor,analyzeServerPerformance,2023-06-20,2,Ghana,BLZ
RadiologyImagingCenter,reportSystemHealthStatus,2022-09-27,1,Singapore,ARE
HospitalRoomAllocationSystem,deploySoftwareUpdates,2022-01-04,1,Virgin Islands (British),DEU
AllergyReactionTracker,auditSecurityCompliance,2024-08-11,1,Congo,EST
MedicalBillingAndCoding,simulateLoadBalancing,2022-03-31,2,Lebanon,MCO
HospitalRoomAllocationSystem,initializeSystemDiagnostics,2022-09-22,1,Malawi,UKR
FitnessAndWellnessGuide,validateUserPermissions,2024-04-18,1,Sudan,HUN
GeriatricCarePlanner,monitorNetworkLatency,2022-10-11,1,Turkey,UKR
WoundCareToolkit,optimizeDatabaseQueries,2024-05-31,2,Dominica,BEL
EndocrineHealthMonitor,monitorNetworkLatency,2024-08-18,2,North Korea,NGA
MedicalResearchDatabase,optimizeDatabaseQueries,2024-01-20,2,Ethiopia,LVA
ENTProcedureGuide,generateEncryptionKeys,2023-08-21,2,Iraq,TON
MedicalEducationSimulator,onGenerateFibulaPlanesTimerTimeout,2023-10-27,1,Lao People's Democratic Republic,SEN
HealthcareComplianceMonitor,updateFirmwareVersions,2023-06-15,1,Kazakhstan,UMI
MedicalResearchDatabase,optimizeDatabaseQueries,2022-11-16,1,Sudan,CCK
CardiovascularAssessmentTool,onGenerateFibulaPlanesTimerTimeout,2022-11-08,2,Antigua and Barbuda,PRY
PatientFeedbackAnalyzer,manageResourceAllocation,2022-12-18,2,Serbia,KAZ
MedicalBillingAndCoding,analyzeServerPerformance,2024-10-10,2,"Palestine, State of",MYT
UrologyManagementSystem,verifyDataIntegrity,2022-01-03,1,Kazakhstan,FIN
GastrointestinalTracker,reportSystemHealthStatus,2023-07-01,2,Ireland,BHR
NeurosurgeryNavigationSystem,onGenerateFibulaPlanesTimerTimeout,2022-05-31,2,Solomon Islands,COK
HealthcareComplianceMonitor,monitorNetworkLatency,2023-10-07,1,Antarctica,MNE
FitnessAndWellnessGuide,scheduleSystemBackups,2024-08-15,2,Belize,LVA
MedicalBillingAndCoding,auditSecurityCompliance,2022-06-22,1,Curaçao,IOT
SleepDisorderAnalyzer,initializeSystemDiagnostics,2023-01-05,1,Congo,CYP
MedicalResearchDatabase,calculateOptimalPathways,2023-02-03,2,Ethiopia,ARG
RehabilitationExercisePlanner,analyzeServerPerformance,2022-02-03,2,Cambodia,KHM
OphthalmologyVisionAnalyzer,deploySoftwareUpdates,2023-10-23,1,India,GRD
PharmacyInventoryManager,analyzeServerPerformance,2022-06-12,1,Congo,CRI
MedicalResearchDatabase,calculateOptimalPathways,2024-05-18,2,Sint Maarten (Dutch part),GUF
SleepDisorderAnalyzer,generateEncryptionKeys,2024-08-18,1,Ecuador,EST
UrologyManagementSystem,deploySoftwareUpdates,2022-01-21,2,Burundi,AFG
OphthalmologyVisionAnalyzer,deploySoftwareUpdates,2023-05-06,2,Falkland Islands (Malvinas),ZWE
OrthopedicProcedureSimulator,cleanTemporaryFiles,2022-01-27,1,Oman,VGB
SportsInjuryPreventor,generateEncryptionKeys,2022-08-10,2,Bosnia and Herzegovina,COL
MedicalResearchDatabase,makeBooleanOperationsToFibulaSurgicalGuideBase,2022-03-30,2,South Korea,GNB
PatientEngagementHub,auditSecurityCompliance,2024-05-18,2,French Guiana,SMR
PainManagementAdvisor,deploySoftwareUpdates,2023-10-10,2,Nepal,ROU
SurgicalInstrumentTracker,reportSystemHealthStatus,2024-01-08,1,Cabo Verde,SJM
HealthcarePolicyLibrary,sendFunctionCountToServer,2024-03-30,1,Jamaica,IRQ
RehabilitationExercisePlanner,verifyDataIntegrity,2022-03-11,1,Moldova,GIB
AmbulanceDispatchSystem,calculateOptimalPathways,2022-08-14,2,Benin,HND
SurgicalInstrumentTracker,sendFunctionCountToServer,2022-09-07,1,Isle of Man,DMA
AmbulanceDispatchSystem,onGenerateFibulaPlanesTimerTimeout,2023-10-20,2,Réunion,KIR
NeuralNetworkDiagnostics,initializeSystemDiagnostics,2024-09-10,1,Switzerland,HND
OphthalmologyVisionAnalyzer,optimizeDatabaseQueries,2023-10-08,2,New Caledonia,MDV
MentalHealthTherapyAssistant,verifyDataIntegrity,2023-02-27,2,Jersey,BRB
EmergencyResponseCoordinator,analyzeServerPerformance,2024-03-15,2,New Zealand,MDA
TelemedicineConsultationPortal,monitorNetworkLatency,2023-02-13,1,United States,MRT
UrologyManagementSystem,deploySoftwareUpdates,2023-08-17,1,Norfolk Island,GIN
PharmacyInventoryManager,cleanTemporaryFiles,2022-06-20,2,Jersey,CHE
AllergyReactionTracker,auditSecurityCompliance,2022-10-17,2,North Korea,BES
PatientFeedbackAnalyzer,trackApplicationDependencies,2023-02-24,1,Cyprus,SAU
NeuralNetworkDiagnostics,optimizeDatabaseQueries,2022-08-29,1,Wallis and Futuna,SYC
SportsInjuryPreventor,trackApplicationDependencies,2022-02-20,2,Saint Helena,KNA
WoundCareToolkit,calculateOptimalPathways,2024-01-22,1,Spain,VIR
FitnessAndWellnessGuide,sendFunctionCountToServer,2023-10-07,1,Jordan,SLB
PulmonaryFunctionTester,monitorNetworkLatency,2022-04-21,1,American Samoa,USA
ClinicalTrialManager,manageResourceAllocation,2022-03-08,1,Gibraltar,KHM
TelemedicineConsultationPortal,validateUserPermissions,2023-10-26,1,Suriname,LUX
BloodPressureRegulator,calculateOptimalPathways,2023-11-06,2,Bangladesh,MTQ
ClinicalTrialManager,makeBooleanOperationsToFibulaSurgicalGuideBase,2023-06-30,1,Tuvalu,NGA
InfectiousDiseaseMapper,analyzeServerPerformance,2024-09-25,1,Vanuatu,SGS
DentalHealthProfiler,optimizeDatabaseQueries,2024-08-12,1,Greenland,SLE
VaccineAdministrationLog,reportSystemHealthStatus,2024-04-01,1,Aruba,KGZ
RehabilitationExercisePlanner,trackApplicationDependencies,2022-12-08,2,India,BOL
SportsInjuryPreventor,scheduleSystemBackups,2024-08-29,1,Solomon Islands,JAM
DentalHealthProfiler,deploySoftwareUpdates,2022-12-23,2,Vanuatu,ALB
MentalHealthTherapyAssistant,archiveOldLogFiles,2024-07-02,2,Portugal,HTI
UrologyManagementSystem,auditSecurityCompliance,2024-05-14,1,Maldives,LAO
PulmonaryFunctionTester,cleanTemporaryFiles,2024-05-29,2,Norfolk Island,KGZ
PainManagementAdvisor,deploySoftwareUpdates,2022-08-04,1,Estonia,CAN
PediatricCareAssistant,simulateLoadBalancing,2022-06-25,1,Dominica,FRO
MedicalResearchDatabase,verifyDataIntegrity,2023-06-04,1,Bermuda,AND
OrthopedicProcedureSimulator,archiveOldLogFiles,2022-11-14,2,Ecuador,BOL
AllergyReactionTracker,updateFirmwareVersions,2022-10-02,2,Chad,ARE
GastrointestinalTracker,calculateOptimalPathways,2024-07-17,1,Guyana,NCL
MedicalEducationSimulator,generateEncryptionKeys,2023-11-22,1,Uzbekistan,MLT
InfectiousDiseaseMapper,configureVirtualMachines,2022-01-23,1,Christmas Island,ECU
MedicalWasteManagement,makeBooleanOperationsToFibulaSurgicalGuideBase,2023-02-14,1,Tonga,THA
SubstanceAbuseCounselor,simulateLoadBalancing,2024-09-13,1,Bermuda,SJM
PharmacyInventoryManager,optimizeDatabaseQueries,2022-10-08,1,Guinea-Bissau,FJI
PatientEngagementHub,analyzeServerPerformance,2023-10-18,2,United Arab Emirates,SWE
MedicalWasteManagement,onGenerateFibulaPlanesTimerTimeout,2022-07-28,1,United Kingdom,GIB
DiabetesCareManager,onGenerateFibulaPlanesTimerTimeout,2023-07-11,1,Guinea,LKA
InfectiousDiseaseMapper,manageResourceAllocation,2023-04-02,2,Mali,SMR
SurgicalInstrumentTracker,optimizeDatabaseQueries,2022-04-01,1,Swaziland,UGA
PediatricCareAssistant,optimizeDatabaseQueries,2023-12-03,1,New Zealand,PRK
GeneticDisorderExplorer,deploySoftwareUpdates,2023-05-06,1,Brazil,SVK
ImmunologyResponseEvaluator,reportSystemHealthStatus,2022-04-17,2,Jersey,STP
SleepDisorderAnalyzer,trackApplicationDependencies,2023-08-15,2,Russian Federation,HND
NutritionAndDietPlanner,generateEncryptionKeys,2022-11-23,1,Tunisia,HMD
DiabetesCareManager,analyzeServerPerformance,2024-07-27,1,Italy,ALB
RadiologyImagingCenter,restoreArchivedData,2023-06-23,1,Chile,BHS
MentalHealthTherapyAssistant,reportSystemHealthStatus,2022-07-26,1,New Caledonia,IMN
TelemedicineConsultationPortal,scheduleSystemBackups,2024-06-10,2,Micronesia,AFG
SubstanceAbuseCounselor,verifyDataIntegrity,2023-05-09,2,Sint Maarten (Dutch part),ABW
FertilityAndIVFHelper,monitorNetworkLatency,2022-03-08,2,Burkina Faso,CPV
ObstetricsLaborTracker,simulateLoadBalancing,2024-06-27,1,Brazil,UKR
PharmacyInventoryManager,configureVirtualMachines,2022-02-03,1,"Bonaire, Sint Eustatius and Saba",PCN
HealthcarePolicyLibrary,onGenerateFibulaPlanesTimerTimeout,2022-09-14,2,Sweden,BIH
GeriatricCarePlanner,cleanTemporaryFiles,2024-11-20,2,American Samoa,MYT
DermatologyTreatmentPlanner,reportSystemHealthStatus,2024-01-22,2,Czech Republic,MLT
OphthalmologyVisionAnalyzer,calculateOptimalPathways,2022-08-04,1,Tanzania,PHL
PulmonaryFunctionTester,trackApplicationDependencies,2022-05-31,2,Antarctica,SHN
FertilityAndIVFHelper,archiveOldLogFiles,2024-07-15,2,Malta,ERI
PulmonaryFunctionTester,analyzeServerPerformance,2022-01-30,1,San Marino,KHM
NeurosurgeryNavigationSystem,initializeSystemDiagnostics,2023-04-08,1,Italy,BLR
FertilityAndIVFHelper,simulateLoadBalancing,2024-10-24,2,Sweden,ERI
MedicalEducationSimulator,simulateLoadBalancing,2023-11-20,1,Yemen,IDN
OrthopedicProcedureSimulator,makeBooleanOperationsToFibulaSurgicalGuideBase,2022-03-24,1,Colombia,MAC
AmbulanceDispatchSystem,makeBooleanOperationsToFibulaSurgicalGuideBase,2023-06-12,2,Eritrea,IRL
HospitalRoomAllocationSystem,initializeSystemDiagnostics,2024-12-31,1,Svalbard and Jan Mayen,KEN
MentalHealthTherapyAssistant,auditSecurityCompliance,2022-09-07,2,Albania,GGY
AllergyReactionTracker,generateEncryptionKeys,2024-11-24,2,Andorra,MEX
SleepDisorderAnalyzer,restoreArchivedData,2022-02-04,1,Germany,SAU
HealthcarePolicyLibrary,onGenerateFibulaPlanesTimerTimeout,2023-08-02,1,Holy See,GMB
HospitalRoomAllocationSystem,updateFirmwareVersions,2022-06-16,2,Gambia,HKG
RehabilitationExercisePlanner,monitorNetworkLatency,2023-04-17,2,Canada,IOT
ObstetricsLaborTracker,makeBooleanOperationsToFibulaSurgicalGuideBase,2022-03-27,1,Mongolia,RWA
CardiovascularAssessmentTool,optimizeDatabaseQueries,2023-10-08,2,Iran,PAN
FertilityAndIVFHelper,optimizeDatabaseQueries,2022-10-15,2,Romania,MLI
OncologyTreatmentOptimizer,restoreArchivedData,2024-01-05,2,Guinea,PCN
SleepDisorderAnalyzer,onGenerateFibulaPlanesTimerTimeout,2024-04-20,1,Nicaragua,HKG
HealthcarePolicyLibrary,scheduleSystemBackups,2022-10-20,2,Senegal,COM
SubstanceAbuseCounselor,validateUserPermissions,2022-10-08,1,Tokelau,SJM
PainManagementAdvisor,reportSystemHealthStatus,2023-06-06,2,Bahrain,KAZ
NeurosurgeryNavigationSystem,trackApplicationDependencies,2022-12-12,2,Vanuatu,LIE
DermatologyTreatmentPlanner,reportSystemHealthStatus,2023-11-16,1,Sweden,PRT
PatientFeedbackAnalyzer,verifyDataIntegrity,2023-02-05,1,Djibouti,NIU
GeneticDisorderExplorer,initializeSystemDiagnostics,2023-10-14,1,Estonia,ARE
PharmacyInventoryManager,trackApplicationDependencies,2024-04-10,2,Swaziland,DJI
GeriatricCarePlanner,auditSecurityCompliance,2023-04-03,1,Antarctica,THA
ClinicalTrialManager,calculateOptimalPathways,2023-09-13,1,Brunei Darussalam,QAT
WoundCareToolkit,updateFirmwareVersions,2022-12-23,1,Holy See,MTQ
SurgicalInstrumentTracker,manageResourceAllocation,2024-06-07,1,Iraq,GUF
GeneticDisorderExplorer,scheduleSystemBackups,2023-08-08,1,Bahamas,KOR
PatientFeedbackAnalyzer,deploySoftwareUpdates,2024-11-26,2,Jersey,SVK
OncologyTreatmentOptimizer,manageResourceAllocation,2022-12-13,2,Bulgaria,ISL
MedicalWasteManagement,verifyDataIntegrity,2022-03-31,2,Egypt,IRL
FitnessAndWellnessGuide,deploySoftwareUpdates,2023-10-20,1,Afghanistan,BTN
HealthcarePolicyLibrary,scheduleSystemBackups,2023-03-24,1,Switzerland,SWE
ENTProcedureGuide,trackApplicationDependencies,2023-04-24,1,Brunei Darussalam,BWA
OrthopedicProcedureSimulator,cleanTemporaryFiles,2023-08-21,2,Kuwait,BEN
MedicalEducationSimulator,onGenerateFibulaPlanesTimerTimeout,2022-10-27,1,Djibouti,PSE
HealthcarePolicyLibrary,trackApplicationDependencies,2023-01-28,1,Haiti,TLS
MedicalEducationSimulator,monitorNetworkLatency,2022-05-27,1,South Korea,PSE
InfectiousDiseaseMapper,updateFirmwareVersions,2023-11-04,2,Germany,SYC
HealthcarePolicyLibrary,sendFunctionCountToServer,2022-06-09,1,Viet Nam,LBY
EmergencyResponseCoordinator,validateUserPermissions,2023-05-16,2,Colombia,REU
PharmacyInventoryManager,makeBooleanOperationsToFibulaSurgicalGuideBase,2023-11-15,2,Macao,WSM
InfectiousDiseaseMapper,initializeSystemDiagnostics,2024-11-22,1,United States Minor Outlying Islands,HND
ObstetricsLaborTracker,auditSecurityCompliance,2023-01-29,1,Montserrat,BEN
HospitalRoomAllocationSystem,verifyDataIntegrity,2024-01-13,2,Tajikistan,ITA
HealthcarePolicyLibrary,sendFunctionCountToServer,2023-05-22,1,American Samoa,BLR
VaccineAdministrationLog,optimizeDatabaseQueries,2023-12-30,2,Sierra Leone,ECU
DentalHealthProfiler,restoreArchivedData,2024-08-06,1,Guatemala,HND
HospitalRoomAllocationSystem,cleanTemporaryFiles,2024-09-17,2,Romania,HTI
FertilityAndIVFHelper,manageResourceAllocation,2022-03-08,2,Iran,UKR
OncologyTreatmentOptimizer,verifyDataIntegrity,2022-08-17,1,Lao People's Democratic Republic,HUN
RehabilitationExercisePlanner,generateEncryptionKeys,2023-09-03,1,Uzbekistan,BFA
SportsInjuryPreventor,calculateOptimalPathways,2022-04-07,2,Nicaragua,MAR
MedicalBillingAndCoding,calculateOptimalPathways,2022-03-13,2,Hungary,CYM
PatientFeedbackAnalyzer,deploySoftwareUpdates,2023-09-03,2,Saint Pierre and Miquelon,PAN
HealthcarePolicyLibrary,trackApplicationDependencies,2023-12-20,1,Myanmar,CHN
MedicalResearchDatabase,initializeSystemDiagnostics,2024-10-30,2,Libya,LBR
WoundCareToolkit,onGenerateFibulaPlanesTimerTimeout,2022-01-24,1,Viet Nam,COK
SleepDisorderAnalyzer,updateFirmwareVersions,2023-04-08,1,Chad,PNG
MedicalResearchDatabase,updateFirmwareVersions,2024-04-13,1,Croatia,SWE
MentalHealthTherapyAssistant,reportSystemHealthStatus,2024-05-30,1,Heard Island and McDonald Islands,DZA
OrthopedicProcedureSimulator,scheduleSystemBackups,2024-06-19,2,Czech Republic,CIV
PulmonaryFunctionTester,analyzeServerPerformance,2022-09-20,2,Colombia,TLS
BloodPressureRegulator,archiveOldLogFiles,2023-01-28,1,Nigeria,MAC
MentalHealthTherapyAssistant,monitorNetworkLatency,2022-12-16,2,Chile,LBN
AllergyReactionTracker,restoreArchivedData,2024-07-11,2,Andorra,FSM
PainManagementAdvisor,manageResourceAllocation,2022-04-11,2,Bermuda,GLP
UrologyManagementSystem,analyzeServerPerformance,2022-12-31,2,Nepal,NER
ClinicalTrialManager,onGenerateFibulaPlanesTimerTimeout,2023-04-01,2,Pitcairn,BMU
RehabilitationExercisePlanner,reportSystemHealthStatus,2024-02-07,2,China,SPM
OrthopedicProcedureSimulator,restoreArchivedData,2023-06-13,2,Guadeloupe,CPV
HematologyAnalyzer,archiveOldLogFiles,2023-11-10,2,Russian Federation,VIR
SportsInjuryPreventor,makeBooleanOperationsToFibulaSurgicalGuideBase,2024-02-11,2,Syrian Arab Republic,TUR
VaccineAdministrationLog,manageResourceAllocation,2023-04-29,1,Mongolia,ZMB
PainManagementAdvisor,validateUserPermissions,2022-04-27,1,San Marino,CCK
OncologyTreatmentOptimizer,archiveOldLogFiles,2023-04-04,1,Pakistan,GLP
ENTProcedureGuide,analyzeServerPerformance,2023-07-18,2,Oman,DZA
GeneticDisorderExplorer,auditSecurityCompliance,2022-03-27,2,"Bonaire, Sint Eustatius and Saba",SOM
AllergyReactionTracker,optimizeDatabaseQueries,2023-06-03,1,Ethiopia,EGY
DermatologyTreatmentPlanner,reportSystemHealthStatus,2023-01-24,1,Tuvalu,COD
SportsInjuryPreventor,makeBooleanOperationsToFibulaSurgicalGuideBase,2024-09-10,2,Dominican Republic,TUV
OrthopedicProcedureSimulator,analyzeServerPerformance,2024-03-13,1,Cocos (Keeling) Islands,CUB
FitnessAndWellnessGuide,initializeSystemDiagnostics,2022-05-18,2,Timor-Leste,SLV
MedicalEducationSimulator,monitorNetworkLatency,2023-07-04,2,Vanuatu,MUS
GeriatricCarePlanner,initializeSystemDiagnostics,2022-11-05,2,Vanuatu,UGA
MedicalEducationSimulator,simulateLoadBalancing,2024-11-19,2,Palau,CMR
PainManagementAdvisor,validateUserPermissions,2022-05-01,2,El Salvador,BWA
GeneticDisorderExplorer,cleanTemporaryFiles,2023-10-16,2,Bosnia and Herzegovina,ERI
PatientFeedbackAnalyzer,configureVirtualMachines,2023-04-26,2,Bulgaria,HTI
GastrointestinalTracker,deploySoftwareUpdates,2023-09-15,1,Northern Mariana Islands,TUR
UrologyManagementSystem,analyzeServerPerformance,2024-02-14,1,Dominican Republic,IRN
AmbulanceDispatchSystem,trackApplicationDependencies,2023-04-04,1,Tuvalu,GNB
EmergencyResponseCoordinator,sendFunctionCountToServer,2024-04-17,2,Turkmenistan,VEN
HospitalRoomAllocationSystem,reportSystemHealthStatus,2023-11-28,1,Sint Maarten (Dutch part),MOZ
PatientEngagementHub,monitorNetworkLatency,2023-03-21,2,Singapore,POL
NeuralNetworkDiagnostics,initializeSystemDiagnostics,2023-03-31,1,Armenia,NZL
RehabilitationExercisePlanner,trackApplicationDependencies,2024-02-21,2,Gambia,BLR
ObstetricsLaborTracker,trackApplicationDependencies,2022-12-06,2,Brazil,TKM
GeriatricCarePlanner,generateEncryptionKeys,2024-04-25,2,French Polynesia,SLB
ClinicalTrialManager,reportSystemHealthStatus,2023-12-22,2,Estonia,PRT
InfectiousDiseaseMapper,initializeSystemDiagnostics,2023-04-23,2,Chile,TWN
HospitalRoomAllocationSystem,cleanTemporaryFiles,2022-10-30,2,Western Sahara,SJM
OphthalmologyVisionAnalyzer,onGenerateFibulaPlanesTimerTimeout,2023-02-11,2,Finland,GNQ
ENTProcedureGuide,archiveOldLogFiles,2023-10-15,1,Lao People's Democratic Republic,OMN
SurgicalInstrumentTracker,cleanTemporaryFiles,2024-04-04,1,Cuba,MWI
SurgicalInstrumentTracker,validateUserPermissions,2023-09-27,2,Mozambique,EST
PediatricCareAssistant,configureVirtualMachines,2022-01-24,2,United Kingdom,ZAF
UrologyManagementSystem,manageResourceAllocation,2024-06-10,1,Macedonia,PNG
PatientFeedbackAnalyzer,generateEncryptionKeys,2022-11-02,1,Lao People's Democratic Republic,AGO
OrthopedicProcedureSimulator,sendFunctionCountToServer,2023-09-09,2,French Guiana,KIR
EndocrineHealthMonitor,generateEncryptionKeys,2024-11-28,2,Estonia,CAN
ObstetricsLaborTracker,validateUserPermissions,2024-11-25,1,South Sudan,MAF
OncologyTreatmentOptimizer,archiveOldLogFiles,2024-11-27,2,Macedonia,CHL
NeuralNetworkDiagnostics,manageResourceAllocation,2023-11-12,1,Greece,LVA
DermatologyTreatmentPlanner,configureVirtualMachines,2023-08-02,1,Vanuatu,LBN
MedicalBillingAndCoding,optimizeDatabaseQueries,2024-10-23,1,Nauru,CYP
ImmunologyResponseEvaluator,analyzeServerPerformance,2022-08-02,1,Venezuela,COM
TelemedicineConsultationPortal,simulateLoadBalancing,2022-08-05,2,Mozambique,GIN
RehabilitationExercisePlanner,generateEncryptionKeys,2024-06-11,1,Réunion,CHL
NutritionAndDietPlanner,simulateLoadBalancing,2023-02-02,2,Nepal,YEM
PainManagementAdvisor,simulateLoadBalancing,2024-09-30,1,Indonesia,UKR
GastrointestinalTracker,generateEncryptionKeys,2023-11-06,2,Kyrgyzstan,ARG
RadiologyImagingCenter,updateFirmwareVersions,2023-03-23,1,Thailand,MDA
FitnessAndWellnessGuide,archiveOldLogFiles,2022-09-19,1,Tanzania,KEN
RadiologyImagingCenter,onGenerateFibulaPlanesTimerTimeout,2023-09-29,2,Chile,BMU
SleepDisorderAnalyzer,verifyDataIntegrity,2022-12-11,2,Grenada,GNB
VaccineAdministrationLog,calculateOptimalPathways,2024-12-24,2,Cayman Islands,RWA
PatientEngagementHub,sendFunctionCountToServer,2023-03-09,2,Nepal,GBR
FitnessAndWellnessGuide,calculateOptimalPathways,2023-07-16,2,Poland,TTO
HealthcarePolicyLibrary,monitorNetworkLatency,2024-06-21,1,Bolivia,PRT
FertilityAndIVFHelper,optimizeDatabaseQueries,2023-01-26,1,United States Minor Outlying Islands,NZL
ENTProcedureGuide,reportSystemHealthStatus,2024-10-11,2,Poland,NFK
RehabilitationExercisePlanner,validateUserPermissions,2023-12-31,1,Romania,BES
ImmunologyResponseEvaluator,calculateOptimalPathways,2023-12-26,1,Gibraltar,GRC
GeriatricCarePlanner,calculateOptimalPathways,2023-07-24,1,Montserrat,BLR
GeriatricCarePlanner,sendFunctionCountToServer,2022-01-23,1,Turkey,SOM
EmergencyResponseCoordinator,deploySoftwareUpdates,2022-01-12,2,Austria,STP
SportsInjuryPreventor,simulateLoadBalancing,2023-07-20,2,Monaco,BRB
AmbulanceDispatchSystem,restoreArchivedData,2022-10-29,2,Sierra Leone,GLP
AmbulanceDispatchSystem,sendFunctionCountToServer,2024-08-20,1,Marshall Islands,SLV
PulmonaryFunctionTester,configureVirtualMachines,2024-06-16,2,Pitcairn,TLS
DentalHealthProfiler,generateEncryptionKeys,2022-01-25,2,Botswana,BTN
MedicalBillingAndCoding,cleanTemporaryFiles,2024-06-09,1,Spain,KGZ
UrologyManagementSystem,deploySoftwareUpdates,2023-02-07,1,Svalbard and Jan Mayen,BGD
VaccineAdministrationLog,initializeSystemDiagnostics,2022-05-15,2,Bangladesh,TLS
EmergencyResponseCoordinator,onGenerateFibulaPlanesTimerTimeout,2024-02-06,1,Uruguay,MDG
SurgicalInstrumentTracker,configureVirtualMachines,2024-03-09,2,Kyrgyzstan,DJI
CardiovascularAssessmentTool,initializeSystemDiagnostics,2024-06-22,2,Pitcairn,IRQ
ObstetricsLaborTracker,manageResourceAllocation,2023-06-28,2,Slovenia,MNG
CardiovascularAssessmentTool,scheduleSystemBackups,2022-11-19,2,Norway,CRI
HospitalRoomAllocationSystem,sendFunctionCountToServer,2022-09-19,2,New Caledonia,BWA
VaccineAdministrationLog,restoreArchivedData,2024-03-04,2,Niger,UMI
SleepDisorderAnalyzer,generateEncryptionKeys,2022-08-17,2,Isle of Man,NIU
PatientFeedbackAnalyzer,initializeSystemDiagnostics,2023-08-13,2,Namibia,SVK
MedicalWasteManagement,cleanTemporaryFiles,2022-03-17,1,Trinidad and Tobago,BGR
SleepDisorderAnalyzer,simulateLoadBalancing,2024-06-14,2,North Korea,LKA
HospitalRoomAllocationSystem,archiveOldLogFiles,2022-06-27,1,Jordan,ZMB
DiabetesCareManager,initializeSystemDiagnostics,2024-02-23,1,Switzerland,STP
PharmacyInventoryManager,manageResourceAllocation,2024-05-15,1,Lithuania,MAR
VaccineAdministrationLog,verifyDataIntegrity,2024-11-10,2,Estonia,TKM
EmergencyResponseCoordinator,archiveOldLogFiles,2023-07-16,1,Kiribati,TGO
GeriatricCarePlanner,monitorNetworkLatency,2024-12-03,2,Eritrea,BOL
BloodPressureRegulator,optimizeDatabaseQueries,2022-12-16,1,Italy,KWT
GeriatricCarePlanner,scheduleSystemBackups,2022-02-06,1,Faroe Islands,JAM
PulmonaryFunctionTester,calculateOptimalPathways,2024-03-02,1,Saint Lucia,ASM
MentalHealthTherapyAssistant,manageResourceAllocation,2023-08-02,1,Dominican Republic,MYS
UrologyManagementSystem,onGenerateFibulaPlanesTimerTimeout,2022-05-21,2,Eritrea,SWZ
GeriatricCarePlanner,configureVirtualMachines,2023-02-02,2,Spain,VIR
SubstanceAbuseCounselor,simulateLoadBalancing,2023-12-17,1,Benin,SWE
MentalHealthTherapyAssistant,onGenerateFibulaPlanesTimerTimeout,2022-07-29,1,Lao People's Democratic Republic,SEN
UrologyManagementSystem,optimizeDatabaseQueries,2023-03-31,2,Gambia,FRO
NeuralNetworkDiagnostics,restoreArchivedData,2024-09-10,2,Gabon,RUS
MentalHealthTherapyAssistant,configureVirtualMachines,2023-04-27,1,Uzbekistan,BOL
EndocrineHealthMonitor,sendFunctionCountToServer,2022-08-20,2,Costa Rica,PLW
SubstanceAbuseCounselor,generateEncryptionKeys,2024-09-30,1,Belarus,LVA
OncologyTreatmentOptimizer,cleanTemporaryFiles,2022-03-11,2,Yemen,SRB
ImmunologyResponseEvaluator,auditSecurityCompliance,2022-04-07,1,Dominican Republic,MLT
PulmonaryFunctionTester,monitorNetworkLatency,2024-06-04,1,Mozambique,MHL
MedicalBillingAndCoding,scheduleSystemBackups,2023-01-30,1,Congo,NCL
VaccineAdministrationLog,scheduleSystemBackups,2022-09-01,1,Aruba,ATA
TelemedicineConsultationPortal,verifyDataIntegrity,2022-05-19,1,Senegal,TJK
VaccineAdministrationLog,optimizeDatabaseQueries,2023-02-24,2,Sri Lanka,ETH
NeurosurgeryNavigationSystem,verifyDataIntegrity,2022-07-30,1,Viet Nam,ATA
SportsInjuryPreventor,auditSecurityCompliance,2024-05-25,2,Congo,KIR
NutritionAndDietPlanner,scheduleSystemBackups,2023-11-28,1,Tuvalu,BDI
SurgicalInstrumentTracker,onGenerateFibulaPlanesTimerTimeout,2023-04-03,1,Egypt,PRK
PharmacyInventoryManager,reportSystemHealthStatus,2023-11-25,2,Mali,FLK
MedicalResearchDatabase,restoreArchivedData,2022-11-24,1,Bosnia and Herzegovina,COK
PediatricCareAssistant,archiveOldLogFiles,2024-04-02,2,Japan,DNK
MedicalBillingAndCoding,cleanTemporaryFiles,2023-10-05,1,Guinea,OMN
InfectiousDiseaseMapper,monitorNetworkLatency,2022-05-02,1,Curaçao,CIV
MedicalEducationSimulator,initializeSystemDiagnostics,2022-10-01,1,Marshall Islands,GNQ
InfectiousDiseaseMapper,monitorNetworkLatency,2023-04-08,1,Norway,BGD
GastrointestinalTracker,deploySoftwareUpdates,2024-11-23,2,Congo,IRQ
HealthcarePolicyLibrary,verifyDataIntegrity,2024-09-06,1,Maldives,LVA
DermatologyTreatmentPlanner,makeBooleanOperationsToFibulaSurgicalGuideBase,2022-11-09,2,Venezuela,SDN
OrthopedicProcedureSimulator,analyzeServerPerformance,2024-07-30,1,India,SJM
ImmunologyResponseEvaluator,calculateOptimalPathways,2022-10-17,1,Virgin Islands (British),COM
DentalHealthProfiler,restoreArchivedData,2024-07-12,1,Mexico,TUR
ImmunologyResponseEvaluator,calculateOptimalPathways,2024-12-16,1,Marshall Islands,UKR
InfectiousDiseaseMapper,generateEncryptionKeys,2023-07-07,1,Oman,SJM
RehabilitationExercisePlanner,generateEncryptionKeys,2024-05-11,1,Lebanon,RWA
MedicalResearchDatabase,deploySoftwareUpdates,2024-07-07,1,Afghanistan,BLZ
OrthopedicProcedureSimulator,scheduleSystemBackups,2023-07-28,2,Luxembourg,TJK
SportsInjuryPreventor,deploySoftwareUpdates,2023-06-02,2,Burkina Faso,CZE
SurgicalInstrumentTracker,configureVirtualMachines,2023-08-18,1,Armenia,EGY
OncologyTreatmentOptimizer,onGenerateFibulaPlanesTimerTimeout,2023-01-31,1,Maldives,DJI
PulmonaryFunctionTester,onGenerateFibulaPlanesTimerTimeout,2023-10-01,1,South Georgia and the South Sandwich Islands,QAT
HospitalRoomAllocationSystem,validateUserPermissions,2023-03-21,2,Bahrain,CHN
SportsInjuryPreventor,updateFirmwareVersions,2022-10-24,1,India,WSM
DiabetesCareManager,reportSystemHealthStatus,2022-11-05,1,United Kingdom,FRO
EmergencyResponseCoordinator,reportSystemHealthStatus,2024-03-23,1,Comoros,AND
FertilityAndIVFHelper,analyzeServerPerformance,2022-04-08,2,United Kingdom,MAC
OphthalmologyVisionAnalyzer,initializeSystemDiagnostics,2024-07-22,2,Puerto Rico,PSE
DentalHealthProfiler,manageResourceAllocation,2022-06-08,2,Luxembourg,BGD
PainManagementAdvisor,scheduleSystemBackups,2022-04-20,2,Panama,ETH
EmergencyResponseCoordinator,restoreArchivedData,2023-07-24,2,Sri Lanka,RWA
PulmonaryFunctionTester,verifyDataIntegrity,2022-12-05,2,Zimbabwe,HND
PatientFeedbackAnalyzer,monitorNetworkLatency,2023-05-04,2,Faroe Islands,CZE
PulmonaryFunctionTester,sendFunctionCountToServer,2024-07-21,1,Comoros,KHM
ObstetricsLaborTracker,restoreArchivedData,2023-03-19,1,Ghana,TON
TelemedicineConsultationPortal,manageResourceAllocation,2022-01-02,2,Australia,BFA
MedicalBillingAndCoding,sendFunctionCountToServer,2022-05-20,2,Uruguay,DEU
PainManagementAdvisor,auditSecurityCompliance,2023-04-13,2,Kazakhstan,SJM
ClinicalTrialManager,restoreArchivedData,2024-04-18,2,Wallis and Futuna,DJI
RadiologyImagingCenter,manageResourceAllocation,2024-04-16,1,South Sudan,TKM
GastrointestinalTracker,auditSecurityCompliance,2023-06-07,1,Réunion,BRN
OncologyTreatmentOptimizer,cleanTemporaryFiles,2024-12-18,1,South Africa,HTI
DentalHealthProfiler,reportSystemHealthStatus,2023-03-30,2,Timor-Leste,TLS
OncologyTreatmentOptimizer,makeBooleanOperationsToFibulaSurgicalGuideBase,2022-06-22,1,Northern Mariana Islands,WSM
SleepDisorderAnalyzer,simulateLoadBalancing,2024-08-22,2,Cook Islands,VUT
PainManagementAdvisor,reportSystemHealthStatus,2024-06-22,1,Turkey,IDN
MedicalResearchDatabase,manageResourceAllocation,2024-01-12,2,Côte d'Ivoire,MRT
WoundCareToolkit,trackApplicationDependencies,2022-03-05,2,Sint Maarten (Dutch part),MNP
GeriatricCarePlanner,updateFirmwareVersions,2022-03-25,1,Belgium,SHN
SleepDisorderAnalyzer,analyzeServerPerformance,2024-04-28,1,Libya,DZA
MentalHealthTherapyAssistant,simulateLoadBalancing,2024-06-23,1,Hungary,LTU
PediatricCareAssistant,deploySoftwareUpdates,2023-10-24,1,Congo,GRD
GeriatricCarePlanner,validateUserPermissions,2022-05-10,1,Niger,CHE
AmbulanceDispatchSystem,configureVirtualMachines,2024-09-02,1,Lao People's Democratic Republic,IOT
MedicalWasteManagement,reportSystemHealthStatus,2023-10-17,2,Grenada,IRQ
MedicalBillingAndCoding,archiveOldLogFiles,2022-11-06,1,Poland,IRL
PediatricCareAssistant,sendFunctionCountToServer,2023-06-28,1,Niger,VIR
MedicalEducationSimulator,optimizeDatabaseQueries,2022-10-06,1,Viet Nam,UZB
MedicalWasteManagement,validateUserPermissions,2024-04-14,2,Morocco,AFG
AllergyReactionTracker,cleanTemporaryFiles,2024-04-18,2,Tajikistan,TKL
MentalHealthTherapyAssistant,archiveOldLogFiles,2024-07-01,2,Rwanda,ARG
FitnessAndWellnessGuide,onGenerateFibulaPlanesTimerTimeout,2024-02-01,2,Micronesia,GUY
NeuralNetworkDiagnostics,analyzeServerPerformance,2022-05-07,2,France,SHN
HospitalRoomAllocationSystem,generateEncryptionKeys,2023-07-08,2,Tokelau,MAF
CardiovascularAssessmentTool,analyzeServerPerformance,2023-12-05,1,Uruguay,AGO
HematologyAnalyzer,auditSecurityCompliance,2024-01-17,2,Jordan,DJI
ClinicalTrialManager,onGenerateFibulaPlanesTimerTimeout,2022-11-23,1,Seychelles,DEU
VaccineAdministrationLog,trackApplicationDependencies,2022-05-21,2,Portugal,CIV
RadiologyImagingCenter,deploySoftwareUpdates,2023-01-23,2,Pakistan,MAC
SurgicalInstrumentTracker,onGenerateFibulaPlanesTimerTimeout,2023-10-02,2,Armenia,SJM
MentalHealthTherapyAssistant,optimizeDatabaseQueries,2022-09-04,1,Denmark,IND
DermatologyTreatmentPlanner,validateUserPermissions,2023-12-20,2,Libya,ASM
MedicalWasteManagement,updateFirmwareVersions,2024-02-06,2,Croatia,LBN
MedicalBillingAndCoding,sendFunctionCountToServer,2024-03-11,1,Montenegro,SEN
MentalHealthTherapyAssistant,sendFunctionCountToServer,2023-11-10,2,Venezuela,MKD
GeneticDisorderExplorer,calculateOptimalPathways,2022-07-13,2,Niue,SJM
MedicalResearchDatabase,manageResourceAllocation,2024-09-26,2,Bermuda,HTI
InfectiousDiseaseMapper,makeBooleanOperationsToFibulaSurgicalGuideBase,2022-03-04,1,Aruba,TZA
NeurosurgeryNavigationSystem,monitorNetworkLatency,2022-07-23,1,Canada,TUV
HematologyAnalyzer,optimizeDatabaseQueries,2023-01-15,1,France,TUN
MentalHealthTherapyAssistant,trackApplicationDependencies,2024-03-06,2,Germany,ESH
UrologyManagementSystem,updateFirmwareVersions,2024-11-03,2,Jordan,PAK
UrologyManagementSystem,updateFirmwareVersions,2024-12-03,2,Svalbard and Jan Mayen,VCT
DentalHealthProfiler,auditSecurityCompliance,2024-02-15,2,Rwanda,FJI
GeneticDisorderExplorer,generateEncryptionKeys,2023-03-09,1,Sint Maarten (Dutch part),COM
TelemedicineConsultationPortal,sendFunctionCountToServer,2023-08-20,2,Zambia,IRN
ImmunologyResponseEvaluator,onGenerateFibulaPlanesTimerTimeout,2022-05-23,1,American Samoa,NAM
CardiovascularAssessmentTool,archiveOldLogFiles,2022-09-26,1,Macao,ISL
MedicalWasteManagement,generateEncryptionKeys,2023-05-11,2,Chile,MUS
ObstetricsLaborTracker,restoreArchivedData,2024-01-02,2,Sudan,VAT
PatientEngagementHub,cleanTemporaryFiles,2023-07-18,2,Congo,FRO
PatientFeedbackAnalyzer,scheduleSystemBackups,2024-04-10,2,Antigua and Barbuda,BWA
NeurosurgeryNavigationSystem,simulateLoadBalancing,2022-02-03,2,Croatia,ARG
ClinicalTrialManager,updateFirmwareVersions,2024-05-23,2,Peru,PYF
NeurosurgeryNavigationSystem,calculateOptimalPathways,2024-07-01,1,Croatia,CHE
PulmonaryFunctionTester,verifyDataIntegrity,2024-11-24,2,Czech Republic,PAN
MentalHealthTherapyAssistant,onGenerateFibulaPlanesTimerTimeout,2022-10-27,1,Paraguay,POL
GeriatricCarePlanner,auditSecurityCompliance,2024-08-11,2,Afghanistan,COM
PulmonaryFunctionTester,sendFunctionCountToServer,2022-08-02,2,Italy,BRA
CardiovascularAssessmentTool,deploySoftwareUpdates,2024-09-14,1,Kazakhstan,CAN
UrologyManagementSystem,archiveOldLogFiles,2023-07-24,2,Montenegro,BRN
EmergencyResponseCoordinator,makeBooleanOperationsToFibulaSurgicalGuideBase,2024-06-30,2,Guyana,ROU
PediatricCareAssistant,simulateLoadBalancing,2024-05-04,1,Saint Pierre and Miquelon,MDV
FitnessAndWellnessGuide,optimizeDatabaseQueries,2024-07-08,2,Russian Federation,PAK
OrthopedicProcedureSimulator,reportSystemHealthStatus,2022-04-30,1,Israel,IOT
ObstetricsLaborTracker,configureVirtualMachines,2023-06-14,2,Norfolk Island,JEY
ClinicalTrialManager,archiveOldLogFiles,2022-09-03,2,Austria,RUS
MedicalWasteManagement,manageResourceAllocation,2023-12-09,2,Viet Nam,KEN
MedicalResearchDatabase,sendFunctionCountToServer,2023-09-02,1,Kenya,JPN
AllergyReactionTracker,scheduleSystemBackups,2022-01-29,2,New Zealand,BLM
UrologyManagementSystem,optimizeDatabaseQueries,2024-06-18,2,Guadeloupe,SWZ
FitnessAndWellnessGuide,reportSystemHealthStatus,2024-04-19,1,Central African Republic,MTQ
WoundCareToolkit,auditSecurityCompliance,2023-12-25,1,Suriname,SLE
SurgicalInstrumentTracker,scheduleSystemBackups,2024-08-21,1,Iran,BTN
GeriatricCarePlanner,monitorNetworkLatency,2023-03-08,1,Marshall Islands,PRT
InfectiousDiseaseMapper,optimizeDatabaseQueries,2022-05-10,2,South Korea,DJI
ENTProcedureGuide,trackApplicationDependencies,2023-04-27,2,Montserrat,NER
PulmonaryFunctionTester,onGenerateFibulaPlanesTimerTimeout,2024-12-16,1,"Bonaire, Sint Eustatius and Saba",NCL
NeurosurgeryNavigationSystem,makeBooleanOperationsToFibulaSurgicalGuideBase,2023-05-16,2,Kenya,ROU
UrologyManagementSystem,sendFunctionCountToServer,2022-09-22,1,Thailand,HUN
NeurosurgeryNavigationSystem,restoreArchivedData,2023-09-27,2,Namibia,REU
NutritionAndDietPlanner,updateFirmwareVersions,2023-01-16,1,Russian Federation,ALB
GeneticDisorderExplorer,optimizeDatabaseQueries,2023-08-12,2,Lao People's Democratic Republic,ARM
DentalHealthProfiler,verifyDataIntegrity,2023-01-07,2,Nepal,SPM
HealthcarePolicyLibrary,generateEncryptionKeys,2023-03-08,1,Djibouti,MOZ
HealthcarePolicyLibrary,manageResourceAllocation,2023-08-29,1,Namibia,MMR
SurgicalInstrumentTracker,restoreArchivedData,2024-09-26,1,Zimbabwe,ARE
OphthalmologyVisionAnalyzer,restoreArchivedData,2024-03-15,2,Czech Republic,SOM
MentalHealthTherapyAssistant,onGenerateFibulaPlanesTimerTimeout,2022-03-06,2,Northern Mariana Islands,MEX
NutritionAndDietPlanner,reportSystemHealthStatus,2024-06-22,1,Micronesia,PYF
GeriatricCarePlanner,validateUserPermissions,2023-05-03,1,Hong Kong,CAF
ClinicalTrialManager,reportSystemHealthStatus,2024-07-07,1,Russian Federation,MOZ
HematologyAnalyzer,generateEncryptionKeys,2024-06-02,2,Lithuania,ISR
NeuralNetworkDiagnostics,trackApplicationDependencies,2023-02-18,2,Poland,SGP
GeneticDisorderExplorer,monitorNetworkLatency,2024-09-05,1,Albania,MTQ
EndocrineHealthMonitor,monitorNetworkLatency,2022-03-30,1,Iran,GAB
SleepDisorderAnalyzer,initializeSystemDiagnostics,2024-04-12,1,Switzerland,AIA
NutritionAndDietPlanner,updateFirmwareVersions,2022-12-13,1,Japan,ERI
GeneticDisorderExplorer,deploySoftwareUpdates,2023-12-12,2,Dominica,SVK
SurgicalInstrumentTracker,sendFunctionCountToServer,2022-03-25,2,Austria,ISL
ImmunologyResponseEvaluator,sendFunctionCountToServer,2023-02-27,1,Honduras,MHL
PharmacyInventoryManager,reportSystemHealthStatus,2024-12-20,1,Denmark,NAM
FertilityAndIVFHelper,onGenerateFibulaPlanesTimerTimeout,2023-03-05,1,"Palestine, State of",SYR
MedicalEducationSimulator,scheduleSystemBackups,2023-04-11,2,Malta,KNA
PainManagementAdvisor,validateUserPermissions,2022-10-09,2,Tajikistan,ESH
CardiovascularAssessmentTool,configureVirtualMachines,2024-10-08,2,Macao,AUS
PainManagementAdvisor,manageResourceAllocation,2024-05-05,1,Christmas Island,ATG
ObstetricsLaborTracker,monitorNetworkLatency,2022-02-25,2,Bermuda,MNE
SleepDisorderAnalyzer,optimizeDatabaseQueries,2022-02-11,1,Puerto Rico,GNQ
ClinicalTrialManager,monitorNetworkLatency,2023-08-19,1,Denmark,SLB
MedicalWasteManagement,cleanTemporaryFiles,2022-06-03,2,Eritrea,AFG
BloodPressureRegulator,scheduleSystemBackups,2023-05-01,1,South Georgia and the South Sandwich Islands,RWA
ImmunologyResponseEvaluator,configureVirtualMachines,2023-11-09,1,Afghanistan,JPN
VaccineAdministrationLog,auditSecurityCompliance,2022-01-11,1,Iran,IRL
OrthopedicProcedureSimulator,cleanTemporaryFiles,2024-09-27,2,Bahamas,LTU
ENTProcedureGuide,validateUserPermissions,2022-06-17,1,Singapore,BMU
InfectiousDiseaseMapper,onGenerateFibulaPlanesTimerTimeout,2023-09-15,2,Monaco,USA
InfectiousDiseaseMapper,reportSystemHealthStatus,2022-08-19,1,Maldives,IMN
RehabilitationExercisePlanner,reportSystemHealthStatus,2022-06-07,2,Qatar,WLF
ENTProcedureGuide,onGenerateFibulaPlanesTimerTimeout,2024-08-06,1,Marshall Islands,TKL
RehabilitationExercisePlanner,configureVirtualMachines,2024-10-02,2,Saudi Arabia,CIV
RehabilitationExercisePlanner,generateEncryptionKeys,2022-12-06,2,Côte d'Ivoire,ASM
ClinicalTrialManager,validateUserPermissions,2022-10-13,2,Swaziland,GRD
HematologyAnalyzer,onGenerateFibulaPlanesTimerTimeout,2024-09-20,2,Niger,BIH
MedicalBillingAndCoding,onGenerateFibulaPlanesTimerTimeout,2024-11-23,2,Saint Martin (French part),IMN
NutritionAndDietPlanner,manageResourceAllocation,2024-12-16,1,Northern Mariana Islands,NOR
PatientFeedbackAnalyzer,deploySoftwareUpdates,2022-12-06,2,Cook Islands,EST
DentalHealthProfiler,archiveOldLogFiles,2022-01-15,1,Faroe Islands,TUR
CardiovascularAssessmentTool,deploySoftwareUpdates,2024-01-21,1,Saint Barthélemy,ATG
PainManagementAdvisor,generateEncryptionKeys,2023-10-01,2,Belarus,ATF
MedicalResearchDatabase,auditSecurityCompliance,2024-02-16,1,Macao,CZE
DiabetesCareManager,scheduleSystemBackups,2023-06-08,2,Macedonia,AZE
PulmonaryFunctionTester,reportSystemHealthStatus,2022-06-04,1,Burkina Faso,DMA
CardiovascularAssessmentTool,scheduleSystemBackups,2022-03-24,2,Bahrain,NIC
CardiovascularAssessmentTool,trackApplicationDependencies,2024-06-01,1,Tunisia,SUR
NeurosurgeryNavigationSystem,monitorNetworkLatency,2023-03-29,2,Gibraltar,ITA
ImmunologyResponseEvaluator,simulateLoadBalancing,2022-03-18,1,French Polynesia,REU
ObstetricsLaborTracker,configureVirtualMachines,2023-05-14,2,Oman,GUY
HospitalRoomAllocationSystem,optimizeDatabaseQueries,2023-02-05,1,Brunei Darussalam,GRL
DermatologyTreatmentPlanner,verifyDataIntegrity,2023-08-17,2,Poland,BHS
OrthopedicProcedureSimulator,makeBooleanOperationsToFibulaSurgicalGuideBase,2023-08-01,2,Grenada,NIU
PatientEngagementHub,scheduleSystemBackups,2022-04-03,1,Ecuador,VUT
EmergencyResponseCoordinator,auditSecurityCompliance,2024-03-23,1,Dominica,GUF
HospitalRoomAllocationSystem,makeBooleanOperationsToFibulaSurgicalGuideBase,2022-07-29,1,Colombia,NIU
NeurosurgeryNavigationSystem,manageResourceAllocation,2024-02-21,1,Christmas Island,MNG
FertilityAndIVFHelper,configureVirtualMachines,2024-04-01,1,Bosnia and Herzegovina,MKD
PediatricCareAssistant,deploySoftwareUpdates,2023-07-25,2,Saint Martin (French part),CPV
PatientFeedbackAnalyzer,trackApplicationDependencies,2024-08-13,2,Svalbard and Jan Mayen,RWA
ImmunologyResponseEvaluator,onGenerateFibulaPlanesTimerTimeout,2024-02-21,1,Svalbard and Jan Mayen,SJM
GeriatricCarePlanner,initializeSystemDiagnostics,2024-02-23,1,Viet Nam,MAF
EmergencyResponseCoordinator,validateUserPermissions,2022-07-29,1,Bahrain,MCO
PharmacyInventoryManager,generateEncryptionKeys,2024-01-20,1,Panama,ASM
HospitalRoomAllocationSystem,onGenerateFibulaPlanesTimerTimeout,2022-07-04,2,"Taiwan, Province of China",HND
MedicalEducationSimulator,onGenerateFibulaPlanesTimerTimeout,2022-11-21,2,Jamaica,KEN
MedicalBillingAndCoding,deploySoftwareUpdates,2023-10-07,1,Tuvalu,MEX
BloodPressureRegulator,deploySoftwareUpdates,2022-10-24,1,Antarctica,MNP
MedicalEducationSimulator,deploySoftwareUpdates,2022-01-08,2,Faroe Islands,ZWE
MedicalBillingAndCoding,initializeSystemDiagnostics,2024-09-24,2,Morocco,REU
PharmacyInventoryManager,monitorNetworkLatency,2022-02-10,1,Austria,SLE
GeneticDisorderExplorer,optimizeDatabaseQueries,2024-02-06,1,Sudan,ATF
HematologyAnalyzer,simulateLoadBalancing,2023-10-24,2,Ecuador,FIN
DentalHealthProfiler,makeBooleanOperationsToFibulaSurgicalGuideBase,2024-08-21,2,Mali,ESP
ClinicalTrialManager,reportSystemHealthStatus,2024-01-05,2,Réunion,BOL
AmbulanceDispatchSystem,initializeSystemDiagnostics,2024-09-29,1,Saint Vincent and the Grenadines,MNP
MentalHealthTherapyAssistant,initializeSystemDiagnostics,2022-12-19,1,Norfolk Island,WSM
FitnessAndWellnessGuide,onGenerateFibulaPlanesTimerTimeout,2024-04-23,2,Niger,SRB
MentalHealthTherapyAssistant,manageResourceAllocation,2024-10-04,2,Mozambique,TJK
WoundCareToolkit,makeBooleanOperationsToFibulaSurgicalGuideBase,2022-02-02,1,Holy See,ARG
InfectiousDiseaseMapper,validateUserPermissions,2024-03-30,1,Kiribati,DEU
FertilityAndIVFHelper,sendFunctionCountToServer,2024-06-03,2,Bermuda,LBR
SleepDisorderAnalyzer,archiveOldLogFiles,2024-01-01,2,Puerto Rico,ESH
HematologyAnalyzer,verifyDataIntegrity,2022-06-18,1,Chad,LSO
PediatricCareAssistant,onGenerateFibulaPlanesTimerTimeout,2023-07-29,1,Latvia,VIR
TelemedicineConsultationPortal,generateEncryptionKeys,2024-06-09,1,Serbia,BGD
PatientFeedbackAnalyzer,sendFunctionCountToServer,2023-06-07,2,Sweden,BLM
MedicalResearchDatabase,calculateOptimalPathways,2024-10-04,2,Monaco,TZA
PatientFeedbackAnalyzer,trackApplicationDependencies,2023-11-30,2,Russian Federation,TUR
NeurosurgeryNavigationSystem,simulateLoadBalancing,2023-08-31,1,Austria,ATG
AmbulanceDispatchSystem,onGenerateFibulaPlanesTimerTimeout,2023-12-06,2,Zambia,UGA
FitnessAndWellnessGuide,makeBooleanOperationsToFibulaSurgicalGuideBase,2023-05-11,1,Sint Maarten (Dutch part),WSM
MedicalResearchDatabase,simulateLoadBalancing,2022-10-26,2,Marshall Islands,SPM
HospitalRoomAllocationSystem,cleanTemporaryFiles,2024-09-11,1,Barbados,BDI
HematologyAnalyzer,trackApplicationDependencies,2023-10-17,1,Netherlands,SLV
FitnessAndWellnessGuide,reportSystemHealthStatus,2023-11-07,1,Lithuania,MDA
HospitalRoomAllocationSystem,analyzeServerPerformance,2024-12-17,1,Turkey,KAZ
OphthalmologyVisionAnalyzer,updateFirmwareVersions,2023-04-17,2,New Zealand,IRN
SportsInjuryPreventor,archiveOldLogFiles,2024-08-17,2,Venezuela,AUS
SleepDisorderAnalyzer,analyzeServerPerformance,2022-05-22,2,Macao,MTQ
NeurosurgeryNavigationSystem,sendFunctionCountToServer,2023-08-02,2,Åland Islands,MYS
PharmacyInventoryManager,initializeSystemDiagnostics,2023-02-03,2,Turkey,LBR
GastrointestinalTracker,makeBooleanOperationsToFibulaSurgicalGuideBase,2022-09-29,1,Mauritius,FRA
PharmacyInventoryManager,scheduleSystemBackups,2024-07-15,1,Montenegro,ARE
InfectiousDiseaseMapper,trackApplicationDependencies,2024-04-28,2,Argentina,BHS
DermatologyTreatmentPlanner,makeBooleanOperationsToFibulaSurgicalGuideBase,2024-02-16,2,Turkmenistan,AUS
FitnessAndWellnessGuide,updateFirmwareVersions,2022-11-07,2,United Arab Emirates,LKA
SurgicalInstrumentTracker,cleanTemporaryFiles,2024-02-18,1,Kenya,WLF
RehabilitationExercisePlanner,calculateOptimalPathways,2024-11-01,2,Syrian Arab Republic,ARG
ENTProcedureGuide,restoreArchivedData,2023-09-04,1,Kenya,FRA
MedicalEducationSimulator,calculateOptimalPathways,2023-09-12,2,Mozambique,CPV
UrologyManagementSystem,onGenerateFibulaPlanesTimerTimeout,2023-05-16,1,Venezuela,COD
GeneticDisorderExplorer,sendFunctionCountToServer,2024-02-25,2,Virgin Islands (British),GRL
DiabetesCareManager,calculateOptimalPathways,2023-03-11,2,Dominican Republic,BGD
OrthopedicProcedureSimulator,restoreArchivedData,2024-10-03,1,Bahamas,SLB
PharmacyInventoryManager,cleanTemporaryFiles,2022-12-07,2,Monaco,DJI
WoundCareToolkit,scheduleSystemBackups,2023-10-30,2,Saudi Arabia,VUT
SportsInjuryPreventor,makeBooleanOperationsToFibulaSurgicalGuideBase,2023-08-27,2,Algeria,GBR
DentalHealthProfiler,restoreArchivedData,2022-02-18,1,Iraq,DEU
MedicalBillingAndCoding,sendFunctionCountToServer,2023-05-12,2,Eritrea,BFA
HematologyAnalyzer,updateFirmwareVersions,2023-02-13,1,Turkey,NER
HospitalRoomAllocationSystem,deploySoftwareUpdates,2023-04-12,1,Kuwait,ESP
TelemedicineConsultationPortal,auditSecurityCompliance,2023-12-10,1,Réunion,ZMB
OncologyTreatmentOptimizer,scheduleSystemBackups,2023-04-11,1,Slovakia,DOM
AmbulanceDispatchSystem,reportSystemHealthStatus,2024-06-12,1,Papua New Guinea,CYM
ImmunologyResponseEvaluator,makeBooleanOperationsToFibulaSurgicalGuideBase,2022-10-13,1,Viet Nam,TUV
PatientFeedbackAnalyzer,cleanTemporaryFiles,2022-07-09,1,Mozambique,PNG
FertilityAndIVFHelper,validateUserPermissions,2023-02-18,1,Germany,CYP
FitnessAndWellnessGuide,simulateLoadBalancing,2023-02-26,1,Suriname,CHN
FitnessAndWellnessGuide,simulateLoadBalancing,2024-07-01,1,Wallis and Futuna,KNA
AmbulanceDispatchSystem,sendFunctionCountToServer,2023-06-26,1,India,ATG
MedicalEducationSimulator,generateEncryptionKeys,2022-02-07,1,French Southern Territories,CHN
ENTProcedureGuide,configureVirtualMachines,2022-09-03,2,Saint Vincent and the Grenadines,LBR
HematologyAnalyzer,manageResourceAllocation,2022-07-23,1,Nicaragua,AFG
ImmunologyResponseEvaluator,optimizeDatabaseQueries,2023-11-11,2,Egypt,GNB
PatientEngagementHub,auditSecurityCompliance,2024-03-14,2,French Guiana,PRI
NeurosurgeryNavigationSystem,generateEncryptionKeys,2022-07-09,1,Costa Rica,TUR
ImmunologyResponseEvaluator,deploySoftwareUpdates,2022-07-17,1,Samoa,SUR
EmergencyResponseCoordinator,makeBooleanOperationsToFibulaSurgicalGuideBase,2023-07-30,2,Virgin Islands (U.S.),STP
WoundCareToolkit,configureVirtualMachines,2023-12-15,1,Micronesia,MDG
FertilityAndIVFHelper,validateUserPermissions,2022-12-24,2,Maldives,CMR
HealthcareComplianceMonitor,simulateLoadBalancing,2023-04-27,2,Romania,MHL
FitnessAndWellnessGuide,reportSystemHealthStatus,2022-12-23,2,Italy,CHE
OncologyTreatmentOptimizer,manageResourceAllocation,2024-03-19,2,India,BRN
ENTProcedureGuide,analyzeServerPerformance,2024-03-22,1,Isle of Man,MDG
PainManagementAdvisor,restoreArchivedData,2023-11-23,2,Algeria,BRN
ClinicalTrialManager,analyzeServerPerformance,2023-04-01,2,Antigua and Barbuda,CHL
NeurosurgeryNavigationSystem,monitorNetworkLatency,2022-06-28,1,Slovakia,UKR
MedicalBillingAndCoding,reportSystemHealthStatus,2022-08-11,2,Guyana,MLT
NeurosurgeryNavigationSystem,makeBooleanOperationsToFibulaSurgicalGuideBase,2023-02-24,2,Suriname,ALB
DermatologyTreatmentPlanner,optimizeDatabaseQueries,2024-05-31,2,Georgia,ISR
PulmonaryFunctionTester,manageResourceAllocation,2024-02-06,2,New Caledonia,CPV
MedicalBillingAndCoding,auditSecurityCompliance,2024-12-31,1,Aruba,ASM
InfectiousDiseaseMapper,deploySoftwareUpdates,2024-08-26,1,South Sudan,ALB
VaccineAdministrationLog,deploySoftwareUpdates,2022-08-26,2,Monaco,VUT
MedicalResearchDatabase,calculateOptimalPathways,2022-02-28,1,Paraguay,PAK
PulmonaryFunctionTester,scheduleSystemBackups,2023-03-21,1,Colombia,AFG
MedicalResearchDatabase,validateUserPermissions,2024-08-09,1,Cabo Verde,CXR
RehabilitationExercisePlanner,calculateOptimalPathways,2022-08-08,2,Uzbekistan,RUS
UrologyManagementSystem,makeBooleanOperationsToFibulaSurgicalGuideBase,2024-12-20,1,Serbia,ALA
MedicalBillingAndCoding,configureVirtualMachines,2023-08-16,1,Botswana,TWN
SleepDisorderAnalyzer,cleanTemporaryFiles,2024-06-12,1,Kiribati,MAR
PainManagementAdvisor,deploySoftwareUpdates,2023-01-21,2,Timor-Leste,IRN
AmbulanceDispatchSystem,verifyDataIntegrity,2022-02-08,2,India,MRT
GastrointestinalTracker,onGenerateFibulaPlanesTimerTimeout,2023-03-11,1,Brazil,ZWE
FitnessAndWellnessGuide,restoreArchivedData,2022-03-06,2,Iran,HTI
TelemedicineConsultationPortal,configureVirtualMachines,2023-12-04,2,Falkland Islands (Malvinas),KEN
HealthcareComplianceMonitor,generateEncryptionKeys,2023-11-30,2,French Guiana,PSE
DiabetesCareManager,scheduleSystemBackups,2024-09-15,2,Saint Pierre and Miquelon,CPV
PediatricCareAssistant,manageResourceAllocation,2023-11-04,1,Bermuda,GUF
SubstanceAbuseCounselor,deploySoftwareUpdates,2024-09-17,2,Czech Republic,MDA
MedicalBillingAndCoding,deploySoftwareUpdates,2024-05-06,1,Sint Maarten (Dutch part),VEN
OphthalmologyVisionAnalyzer,calculateOptimalPathways,2023-08-03,2,Liechtenstein,UKR
CardiovascularAssessmentTool,optimizeDatabaseQueries,2023-05-10,1,Bhutan,REU
SportsInjuryPreventor,verifyDataIntegrity,2023-01-24,1,Bahrain,GAB
ObstetricsLaborTracker,restoreArchivedData,2023-10-15,1,French Southern Territories,SYC
EmergencyResponseCoordinator,simulateLoadBalancing,2022-10-09,1,Australia,MAC
FertilityAndIVFHelper,manageResourceAllocation,2023-05-13,1,South Sudan,PHL
SleepDisorderAnalyzer,onGenerateFibulaPlanesTimerTimeout,2022-10-28,1,Belgium,ARE
SleepDisorderAnalyzer,analyzeServerPerformance,2023-08-15,2,Belize,ARG
PatientEngagementHub,manageResourceAllocation,2024-09-18,1,Panama,AUT
PharmacyInventoryManager,configureVirtualMachines,2024-09-25,1,Sint Maarten (Dutch part),TZA
EmergencyResponseCoordinator,cleanTemporaryFiles,2024-06-20,2,Bangladesh,BGR
RehabilitationExercisePlanner,manageResourceAllocation,2023-06-21,2,Bahamas,ATF
ObstetricsLaborTracker,calculateOptimalPathways,2024-06-15,1,Guinea,GAB
SurgicalInstrumentTracker,restoreArchivedData,2023-02-13,2,Ghana,MLI
GeriatricCarePlanner,calculateOptimalPathways,2022-08-25,2,Poland,BEL
MentalHealthTherapyAssistant,calculateOptimalPathways,2024-08-17,1,Saint Kitts and Nevis,BMU
HealthcarePolicyLibrary,onGenerateFibulaPlanesTimerTimeout,2024-05-31,1,China,ESP
NeuralNetworkDiagnostics,calculateOptimalPathways,2024-01-08,1,San Marino,NOR
ENTProcedureGuide,generateEncryptionKeys,2024-01-09,2,Norway,BHS
GeriatricCarePlanner,initializeSystemDiagnostics,2024-01-19,2,Cyprus,REU
InfectiousDiseaseMapper,optimizeDatabaseQueries,2022-10-07,1,Wallis and Futuna,GTM
InfectiousDiseaseMapper,updateFirmwareVersions,2023-07-16,1,Sao Tome and Principe,NRU
ObstetricsLaborTracker,restoreArchivedData,2023-11-27,1,Marshall Islands,AUS
AllergyReactionTracker,configureVirtualMachines,2022-03-03,1,Kuwait,MNG
MedicalBillingAndCoding,onGenerateFibulaPlanesTimerTimeout,2022-04-05,1,Macao,AIA
SleepDisorderAnalyzer,verifyDataIntegrity,2022-12-06,1,Ghana,LBR
EmergencyResponseCoordinator,optimizeDatabaseQueries,2022-02-22,1,Iraq,ERI
MedicalResearchDatabase,updateFirmwareVersions,2023-05-17,2,Mexico,GIN
SportsInjuryPreventor,initializeSystemDiagnostics,2024-08-08,1,Pitcairn,ITA
HematologyAnalyzer,configureVirtualMachines,2022-12-29,1,Poland,GLP
PulmonaryFunctionTester,generateEncryptionKeys,2022-10-05,2,Pitcairn,COL
CardiovascularAssessmentTool,scheduleSystemBackups,2022-11-15,1,Canada,UMI
FitnessAndWellnessGuide,onGenerateFibulaPlanesTimerTimeout,2022-04-13,1,Nicaragua,GNQ
HealthcareComplianceMonitor,calculateOptimalPathways,2023-07-06,1,Angola,VGB
HealthcareComplianceMonitor,validateUserPermissions,2024-12-02,1,Kazakhstan,HUN
AmbulanceDispatchSystem,deploySoftwareUpdates,2023-02-26,2,Finland,MMR
SleepDisorderAnalyzer,simulateLoadBalancing,2022-08-04,1,Kyrgyzstan,FIN
EmergencyResponseCoordinator,onGenerateFibulaPlanesTimerTimeout,2023-06-06,2,Dominican Republic,MHL
GeriatricCarePlanner,simulateLoadBalancing,2023-05-16,1,Iraq,COG
OphthalmologyVisionAnalyzer,verifyDataIntegrity,2024-01-02,2,Switzerland,TLS
VaccineAdministrationLog,calculateOptimalPathways,2023-02-17,2,Montserrat,CYM
ENTProcedureGuide,manageResourceAllocation,2024-06-15,2,South Sudan,TKL
DermatologyTreatmentPlanner,analyzeServerPerformance,2022-03-24,1,Colombia,STP
SubstanceAbuseCounselor,verifyDataIntegrity,2022-07-30,2,Swaziland,THA
PainManagementAdvisor,archiveOldLogFiles,2022-01-23,1,Argentina,CHE
DermatologyTreatmentPlanner,monitorNetworkLatency,2022-08-23,1,Congo,GUM
NutritionAndDietPlanner,cleanTemporaryFiles,2024-05-22,1,Guinea-Bissau,AUS
InfectiousDiseaseMapper,onGenerateFibulaPlanesTimerTimeout,2022-11-10,1,Qatar,SWZ
RadiologyImagingCenter,monitorNetworkLatency,2024-01-07,1,Egypt,MYS
SurgicalInstrumentTracker,onGenerateFibulaPlanesTimerTimeout,2022-06-08,1,Rwanda,SLB
ImmunologyResponseEvaluator,generateEncryptionKeys,2022-08-25,1,Bosnia and Herzegovina,BGD
SurgicalInstrumentTracker,deploySoftwareUpdates,2024-05-31,1,Niue,ALA
VaccineAdministrationLog,initializeSystemDiagnostics,2024-09-02,2,Wallis and Futuna,UZB
RadiologyImagingCenter,sendFunctionCountToServer,2023-06-14,2,Jersey,KIR
MedicalWasteManagement,initializeSystemDiagnostics,2022-12-01,1,Poland,LIE
SubstanceAbuseCounselor,updateFirmwareVersions,2022-12-04,2,Martinique,SGP
DentalHealthProfiler,onGenerateFibulaPlanesTimerTimeout,2024-01-21,1,Togo,GUY
SleepDisorderAnalyzer,configureVirtualMachines,2023-09-27,1,Saint Kitts and Nevis,BGD
CardiovascularAssessmentTool,archiveOldLogFiles,2024-09-12,1,United Kingdom,KNA
GeriatricCarePlanner,makeBooleanOperationsToFibulaSurgicalGuideBase,2022-03-11,2,Papua New Guinea,PRK
GeneticDisorderExplorer,sendFunctionCountToServer,2022-10-31,1,New Zealand,GTM
NeuralNetworkDiagnostics,configureVirtualMachines,2023-10-14,2,Greenland,KEN
SubstanceAbuseCounselor,analyzeServerPerformance,2023-05-02,1,Cabo Verde,ROU
WoundCareToolkit,initializeSystemDiagnostics,2024-06-14,1,Marshall Islands,SRB
BloodPressureRegulator,reportSystemHealthStatus,2023-01-03,1,Guernsey,MTQ
PatientEngagementHub,simulateLoadBalancing,2023-02-16,1,Lao People's Democratic Republic,GLP
OncologyTreatmentOptimizer,simulateLoadBalancing,2023-10-05,2,Monaco,LCA
SportsInjuryPreventor,initializeSystemDiagnostics,2024-11-20,2,Burundi,SGS
SleepDisorderAnalyzer,cleanTemporaryFiles,2022-07-26,1,United States,SYR
NeuralNetworkDiagnostics,auditSecurityCompliance,2022-07-02,2,Czech Republic,SYR
OrthopedicProcedureSimulator,calculateOptimalPathways,2023-01-05,2,Philippines,LUX
EmergencyResponseCoordinator,manageResourceAllocation,2022-01-03,1,Wallis and Futuna,SJM
AmbulanceDispatchSystem,restoreArchivedData,2024-01-15,1,Cayman Islands,MLI
MentalHealthTherapyAssistant,scheduleSystemBackups,2024-10-08,1,Saint Barthélemy,SLV
SportsInjuryPreventor,auditSecurityCompliance,2022-07-05,1,Mongolia,NOR
PainManagementAdvisor,manageResourceAllocation,2024-01-17,1,Andorra,BRN
UrologyManagementSystem,sendFunctionCountToServer,2022-03-22,1,Cayman Islands,KNA
EmergencyResponseCoordinator,sendFunctionCountToServer,2024-07-16,1,Venezuela,SYR
FertilityAndIVFHelper,simulateLoadBalancing,2024-05-07,1,Bangladesh,STP
EmergencyResponseCoordinator,simulateLoadBalancing,2024-11-17,1,Montserrat,TLS
OncologyTreatmentOptimizer,reportSystemHealthStatus,2023-05-15,1,Samoa,OMN
MedicalBillingAndCoding,trackApplicationDependencies,2024-11-11,1,Slovenia,ARG
FertilityAndIVFHelper,manageResourceAllocation,2023-12-30,2,South Sudan,LAO
SportsInjuryPreventor,makeBooleanOperationsToFibulaSurgicalGuideBase,2024-04-16,1,Lesotho,SWE
GeneticDisorderExplorer,optimizeDatabaseQueries,2022-01-09,2,Guinea-Bissau,CAF
GeneticDisorderExplorer,reportSystemHealthStatus,2023-02-21,1,Saint Vincent and the Grenadines,MHL
BloodPressureRegulator,configureVirtualMachines,2022-11-28,2,Mayotte,AUS
FitnessAndWellnessGuide,archiveOldLogFiles,2023-12-11,1,Jordan,AFG
OncologyTreatmentOptimizer,initializeSystemDiagnostics,2022-10-16,2,Anguilla,DNK
HealthcareComplianceMonitor,optimizeDatabaseQueries,2024-12-12,1,Egypt,WSM
PediatricCareAssistant,calculateOptimalPathways,2024-04-16,1,Saint Lucia,THA
SubstanceAbuseCounselor,calculateOptimalPathways,2024-11-13,1,Slovenia,ATA
InfectiousDiseaseMapper,initializeSystemDiagnostics,2023-06-21,2,Tanzania,IRN
PainManagementAdvisor,trackApplicationDependencies,2022-05-04,2,Japan,ISL
PatientEngagementHub,monitorNetworkLatency,2022-07-15,1,Georgia,GGY
HealthcarePolicyLibrary,archiveOldLogFiles,2024-03-06,2,South Korea,CUW
PatientFeedbackAnalyzer,verifyDataIntegrity,2023-04-13,1,Virgin Islands (British),CAF
WoundCareToolkit,calculateOptimalPathways,2024-01-09,1,Niger,HRV
RehabilitationExercisePlanner,validateUserPermissions,2023-08-14,2,Paraguay,GNQ
InfectiousDiseaseMapper,restoreArchivedData,2024-09-14,2,Sudan,STP
PatientEngagementHub,manageResourceAllocation,2022-11-18,1,Switzerland,ECU
PainManagementAdvisor,auditSecurityCompliance,2022-01-22,2,Sudan,MYT
DermatologyTreatmentPlanner,monitorNetworkLatency,2024-11-24,1,Burundi,CAN
HealthcarePolicyLibrary,generateEncryptionKeys,2022-11-29,1,Czech Republic,QAT
FertilityAndIVFHelper,cleanTemporaryFiles,2024-01-30,1,Chile,REU
HealthcarePolicyLibrary,makeBooleanOperationsToFibulaSurgicalGuideBase,2022-03-09,2,Congo,FLK
SportsInjuryPreventor,generateEncryptionKeys,2024-06-11,1,Bangladesh,ARE
BloodPressureRegulator,scheduleSystemBackups,2024-10-31,1,Svalbard and Jan Mayen,NZL
EndocrineHealthMonitor,analyzeServerPerformance,2022-02-08,1,Cameroon,MNE
GeneticDisorderExplorer,calculateOptimalPathways,2023-06-12,1,Greenland,USA
BloodPressureRegulator,sendFunctionCountToServer,2024-12-23,2,Bosnia and Herzegovina,SEN
NutritionAndDietPlanner,simulateLoadBalancing,2022-06-15,2,Somalia,ESP
SubstanceAbuseCounselor,sendFunctionCountToServer,2024-01-26,1,Costa Rica,FJI
PatientFeedbackAnalyzer,reportSystemHealthStatus,2022-10-13,2,Paraguay,ITA
FertilityAndIVFHelper,verifyDataIntegrity,2023-07-18,1,Brunei Darussalam,GNB
PatientEngagementHub,optimizeDatabaseQueries,2023-09-09,1,Tokelau,MDG
MedicalBillingAndCoding,generateEncryptionKeys,2024-05-04,1,New Caledonia,SRB
EndocrineHealthMonitor,auditSecurityCompliance,2023-11-21,2,Lesotho,SHN
PediatricCareAssistant,archiveOldLogFiles,2023-07-27,1,Serbia,NPL
DentalHealthProfiler,configureVirtualMachines,2024-09-14,2,Panama,NGA
DiabetesCareManager,manageResourceAllocation,2022-08-08,1,Zambia,HND
SurgicalInstrumentTracker,calculateOptimalPathways,2023-03-09,2,Kuwait,POL
InfectiousDiseaseMapper,configureVirtualMachines,2022-09-17,1,Cayman Islands,UKR
DiabetesCareManager,verifyDataIntegrity,2022-08-27,2,Finland,NGA
NeurosurgeryNavigationSystem,verifyDataIntegrity,2023-11-23,1,North Korea,CHL
MedicalResearchDatabase,optimizeDatabaseQueries,2024-10-31,2,Suriname,WSM
SportsInjuryPreventor,analyzeServerPerformance,2022-02-05,2,Faroe Islands,MTQ
DiabetesCareManager,monitorNetworkLatency,2023-04-15,2,Cook Islands,SGS
GastrointestinalTracker,optimizeDatabaseQueries,2023-12-01,2,Grenada,SEN
AmbulanceDispatchSystem,simulateLoadBalancing,2024-01-27,1,Croatia,VEN
FertilityAndIVFHelper,analyzeServerPerformance,2024-08-25,2,Rwanda,RUS
AmbulanceDispatchSystem,scheduleSystemBackups,2024-09-12,2,Virgin Islands (U.S.),DNK
AllergyReactionTracker,sendFunctionCountToServer,2024-10-19,1,United States,LAO
SubstanceAbuseCounselor,verifyDataIntegrity,2024-12-26,2,Austria,PLW
ENTProcedureGuide,configureVirtualMachines,2024-10-01,2,Czech Republic,TWN
PulmonaryFunctionTester,deploySoftwareUpdates,2022-02-02,1,Antigua and Barbuda,NRU
EndocrineHealthMonitor,cleanTemporaryFiles,2023-09-07,1,Hong Kong,SVK
NeurosurgeryNavigationSystem,cleanTemporaryFiles,2023-02-18,2,Niger,FIN
FertilityAndIVFHelper,trackApplicationDependencies,2023-03-08,1,Congo,BWA
InfectiousDiseaseMapper,onGenerateFibulaPlanesTimerTimeout,2022-02-14,2,New Zealand,ESP
ObstetricsLaborTracker,validateUserPermissions,2024-10-28,1,Malta,ATA
OncologyTreatmentOptimizer,calculateOptimalPathways,2022-02-09,1,Bermuda,PRT
FitnessAndWellnessGuide,configureVirtualMachines,2023-06-17,2,Congo,BIH
HospitalRoomAllocationSystem,deploySoftwareUpdates,2022-08-25,1,Martinique,UKR
MedicalBillingAndCoding,configureVirtualMachines,2024-12-30,1,Japan,VGB
OphthalmologyVisionAnalyzer,initializeSystemDiagnostics,2024-05-22,1,Mayotte,MNP
NutritionAndDietPlanner,initializeSystemDiagnostics,2024-09-17,1,Burkina Faso,ASM
OncologyTreatmentOptimizer,initializeSystemDiagnostics,2022-09-16,2,Puerto Rico,VIR
AmbulanceDispatchSystem,initializeSystemDiagnostics,2024-09-09,1,Malawi,BRB
ImmunologyResponseEvaluator,configureVirtualMachines,2023-07-16,2,Sweden,PYF
EndocrineHealthMonitor,monitorNetworkLatency,2023-07-31,2,Georgia,MMR
PulmonaryFunctionTester,manageResourceAllocation,2023-10-22,1,Cyprus,BDI
EndocrineHealthMonitor,generateEncryptionKeys,2023-06-16,2,Ethiopia,GRC
NeurosurgeryNavigationSystem,cleanTemporaryFiles,2022-09-29,1,Heard Island and McDonald Islands,NPL
AllergyReactionTracker,validateUserPermissions,2023-06-11,1,Spain,QAT
OncologyTreatmentOptimizer,archiveOldLogFiles,2022-09-27,2,Tokelau,BLR
InfectiousDiseaseMapper,verifyDataIntegrity,2022-10-27,1,Madagascar,URY
VaccineAdministrationLog,auditSecurityCompliance,2023-01-01,1,Wallis and Futuna,EGY
SurgicalInstrumentTracker,generateEncryptionKeys,2024-01-11,2,Djibouti,TUV
InfectiousDiseaseMapper,simulateLoadBalancing,2022-05-04,1,Sri Lanka,AND
DiabetesCareManager,generateEncryptionKeys,2023-06-20,1,Isle of Man,SRB
AllergyReactionTracker,generateEncryptionKeys,2022-09-14,1,Peru,SDN
PatientEngagementHub,deploySoftwareUpdates,2024-07-06,1,Ghana,NFK
BloodPressureRegulator,deploySoftwareUpdates,2023-04-29,1,Qatar,SLV
DermatologyTreatmentPlanner,archiveOldLogFiles,2022-01-11,2,Jamaica,SAU
NutritionAndDietPlanner,manageResourceAllocation,2022-01-10,2,Mali,SWE
OrthopedicProcedureSimulator,auditSecurityCompliance,2023-11-16,2,Northern Mariana Islands,SLB
PediatricCareAssistant,makeBooleanOperationsToFibulaSurgicalGuideBase,2022-07-08,2,United Arab Emirates,TKM
UrologyManagementSystem,manageResourceAllocation,2023-12-22,1,Zimbabwe,CZE
MedicalResearchDatabase,updateFirmwareVersions,2023-02-05,1,Canada,SLE
FitnessAndWellnessGuide,restoreArchivedData,2023-09-11,2,Bahamas,SDN
EndocrineHealthMonitor,analyzeServerPerformance,2022-11-18,2,Belize,MAC
NeuralNetworkDiagnostics,auditSecurityCompliance,2022-05-17,2,Norfolk Island,SRB
FertilityAndIVFHelper,onGenerateFibulaPlanesTimerTimeout,2023-03-03,1,Gabon,BOL
MedicalWasteManagement,auditSecurityCompliance,2023-12-27,2,Costa Rica,LSO
OncologyTreatmentOptimizer,deploySoftwareUpdates,2023-01-03,1,Libya,MLT
NeuralNetworkDiagnostics,validateUserPermissions,2024-05-04,2,Russian Federation,PLW
SportsInjuryPreventor,calculateOptimalPathways,2024-05-01,2,Eritrea,LBY
SportsInjuryPreventor,cleanTemporaryFiles,2024-10-06,1,"Bonaire, Sint Eustatius and Saba",JAM
EmergencyResponseCoordinator,archiveOldLogFiles,2022-06-22,1,Italy,MKD
HematologyAnalyzer,calculateOptimalPathways,2024-07-24,2,Lithuania,SXM
PatientFeedbackAnalyzer,validateUserPermissions,2024-02-07,2,Monaco,MYS
AmbulanceDispatchSystem,reportSystemHealthStatus,2024-10-19,2,Rwanda,PAN
HospitalRoomAllocationSystem,archiveOldLogFiles,2023-01-29,2,Mexico,NIU
MedicalWasteManagement,reportSystemHealthStatus,2023-08-15,2,India,MTQ
PatientFeedbackAnalyzer,generateEncryptionKeys,2022-11-04,2,Jersey,TUV
ImmunologyResponseEvaluator,manageResourceAllocation,2024-06-25,2,Bermuda,ZWE
ImmunologyResponseEvaluator,restoreArchivedData,2024-12-21,2,El Salvador,EGY
PatientEngagementHub,optimizeDatabaseQueries,2022-12-06,2,Anguilla,CXR
WoundCareToolkit,simulateLoadBalancing,2023-06-27,1,Pakistan,IND
ENTProcedureGuide,simulateLoadBalancing,2024-06-20,1,Croatia,IDN
AllergyReactionTracker,updateFirmwareVersions,2024-01-20,1,Equatorial Guinea,IND
WoundCareToolkit,auditSecurityCompliance,2022-08-25,1,Albania,CXR
SubstanceAbuseCounselor,sendFunctionCountToServer,2023-01-27,1,Cambodia,JEY
GeneticDisorderExplorer,archiveOldLogFiles,2024-05-24,1,Svalbard and Jan Mayen,ZMB
PulmonaryFunctionTester,verifyDataIntegrity,2023-07-01,2,Saint Helena,KGZ
GastrointestinalTracker,trackApplicationDependencies,2023-04-26,1,Haiti,CYP
DermatologyTreatmentPlanner,onGenerateFibulaPlanesTimerTimeout,2024-03-25,2,Burundi,LIE
WoundCareToolkit,validateUserPermissions,2024-11-23,1,India,GNQ
ClinicalTrialManager,calculateOptimalPathways,2022-09-25,1,Uruguay,BWA
NeuralNetworkDiagnostics,verifyDataIntegrity,2022-03-13,2,Austria,ETH
MedicalEducationSimulator,validateUserPermissions,2023-11-10,2,Netherlands,ASM
DiabetesCareManager,makeBooleanOperationsToFibulaSurgicalGuideBase,2023-11-11,1,Samoa,DEU
NeurosurgeryNavigationSystem,trackApplicationDependencies,2022-04-16,2,Bahrain,GBR
SubstanceAbuseCounselor,generateEncryptionKeys,2023-12-07,2,United Kingdom,ARM
PulmonaryFunctionTester,sendFunctionCountToServer,2022-12-20,1,British Indian Ocean Territory,IRN
MedicalBillingAndCoding,scheduleSystemBackups,2024-04-28,1,Virgin Islands (U.S.),JEY
ENTProcedureGuide,archiveOldLogFiles,2023-07-15,2,Uruguay,SEN
BloodPressureRegulator,restoreArchivedData,2023-10-30,2,Western Sahara,BLR
MedicalWasteManagement,calculateOptimalPathways,2023-04-22,2,France,ESP
HealthcarePolicyLibrary,initializeSystemDiagnostics,2022-04-27,2,Denmark,FJI
WoundCareToolkit,trackApplicationDependencies,2022-05-05,1,Saint Lucia,GBR
ImmunologyResponseEvaluator,restoreArchivedData,2024-03-03,2,Libya,CYP
WoundCareToolkit,calculateOptimalPathways,2022-07-30,1,Netherlands,PHL
WoundCareToolkit,makeBooleanOperationsToFibulaSurgicalGuideBase,2024-05-23,2,Falkland Islands (Malvinas),MAF
OncologyTreatmentOptimizer,verifyDataIntegrity,2022-12-15,1,Liechtenstein,MWI
ObstetricsLaborTracker,calculateOptimalPathways,2024-05-30,2,Kenya,CUW
ImmunologyResponseEvaluator,analyzeServerPerformance,2022-07-15,1,Nepal,PRK
AmbulanceDispatchSystem,simulateLoadBalancing,2023-03-26,1,Philippines,SJM
FertilityAndIVFHelper,simulateLoadBalancing,2022-08-08,1,United States,USA
HealthcareComplianceMonitor,configureVirtualMachines,2022-01-25,1,Niger,UZB
OncologyTreatmentOptimizer,makeBooleanOperationsToFibulaSurgicalGuideBase,2024-06-06,1,Jersey,LCA
EndocrineHealthMonitor,optimizeDatabaseQueries,2023-11-20,1,Jordan,FIN
ClinicalTrialManager,monitorNetworkLatency,2022-05-02,2,Åland Islands,EGY
InfectiousDiseaseMapper,configureVirtualMachines,2024-05-07,2,Algeria,SSD
UrologyManagementSystem,monitorNetworkLatency,2023-06-06,1,Eritrea,MSR
NutritionAndDietPlanner,auditSecurityCompliance,2024-02-24,2,French Guiana,GMB
VaccineAdministrationLog,calculateOptimalPathways,2023-01-31,2,Kyrgyzstan,CYP
MedicalEducationSimulator,verifyDataIntegrity,2022-09-13,1,Brunei Darussalam,POL
DermatologyTreatmentPlanner,updateFirmwareVersions,2023-01-12,1,Indonesia,MDA
PatientFeedbackAnalyzer,sendFunctionCountToServer,2022-07-03,1,Viet Nam,TWN
BloodPressureRegulator,cleanTemporaryFiles,2023-11-12,1,Liberia,TGO
PulmonaryFunctionTester,reportSystemHealthStatus,2023-05-01,2,Bahamas,CAN
DermatologyTreatmentPlanner,monitorNetworkLatency,2022-02-10,2,Dominican Republic,SMR
FitnessAndWellnessGuide,configureVirtualMachines,2023-02-01,2,Aruba,MDG
HealthcarePolicyLibrary,monitorNetworkLatency,2024-03-13,1,American Samoa,TWN
HematologyAnalyzer,onGenerateFibulaPlanesTimerTimeout,2023-07-25,1,Ukraine,COL
MedicalEducationSimulator,makeBooleanOperationsToFibulaSurgicalGuideBase,2022-10-10,2,Falkland Islands (Malvinas),PLW
HealthcareComplianceMonitor,auditSecurityCompliance,2023-05-14,2,Central African Republic,SVN
DentalHealthProfiler,restoreArchivedData,2023-03-08,1,Virgin Islands (U.S.),FIN
BloodPressureRegulator,onGenerateFibulaPlanesTimerTimeout,2024-03-05,1,Virgin Islands (British),MNG
InfectiousDiseaseMapper,restoreArchivedData,2022-02-15,2,Egypt,BIH
OphthalmologyVisionAnalyzer,reportSystemHealthStatus,2024-08-06,1,Serbia,GRD
VaccineAdministrationLog,deploySoftwareUpdates,2023-08-22,2,Burkina Faso,ZAF
DermatologyTreatmentPlanner,trackApplicationDependencies,2024-02-16,1,Turkey,GUY
MedicalResearchDatabase,optimizeDatabaseQueries,2023-10-27,2,Iraq,MHL
DiabetesCareManager,generateEncryptionKeys,2024-03-10,2,"Taiwan, Province of China",CMR
SurgicalInstrumentTracker,monitorNetworkLatency,2024-02-05,1,Rwanda,MYS
MentalHealthTherapyAssistant,configureVirtualMachines,2022-12-25,1,Norway,LTU
RadiologyImagingCenter,monitorNetworkLatency,2023-05-01,1,Samoa,PAK
OncologyTreatmentOptimizer,calculateOptimalPathways,2024-03-22,2,Azerbaijan,MNG
DermatologyTreatmentPlanner,archiveOldLogFiles,2023-11-20,2,Kiribati,SWE
PulmonaryFunctionTester,verifyDataIntegrity,2022-01-20,2,Chile,UZB
DermatologyTreatmentPlanner,monitorNetworkLatency,2023-01-20,1,Saudi Arabia,NOR
UrologyManagementSystem,cleanTemporaryFiles,2024-02-09,1,Bouvet Island,TGO
EndocrineHealthMonitor,sendFunctionCountToServer,2022-05-10,1,San Marino,CAN
GeriatricCarePlanner,manageResourceAllocation,2022-10-24,1,Gambia,TGO
FertilityAndIVFHelper,monitorNetworkLatency,2024-01-13,2,Brazil,BRB
EndocrineHealthMonitor,reportSystemHealthStatus,2022-02-12,1,Turkmenistan,SLB
HematologyAnalyzer,generateEncryptionKeys,2023-11-24,1,Zambia,GUF
RehabilitationExercisePlanner,makeBooleanOperationsToFibulaSurgicalGuideBase,2023-11-01,2,Saint Vincent and the Grenadines,FLK
GeneticDisorderExplorer,restoreArchivedData,2024-06-20,2,Hungary,UKR
PatientFeedbackAnalyzer,configureVirtualMachines,2023-02-02,2,Russian Federation,KIR
SportsInjuryPreventor,scheduleSystemBackups,2022-03-04,1,Ireland,CXR
NutritionAndDietPlanner,sendFunctionCountToServer,2023-05-19,2,Turkmenistan,BRB
GeriatricCarePlanner,initializeSystemDiagnostics,2022-04-17,1,United States,PER
GeriatricCarePlanner,onGenerateFibulaPlanesTimerTimeout,2023-10-20,2,Venezuela,HND
PatientEngagementHub,calculateOptimalPathways,2023-10-07,2,Guinea,KNA
NutritionAndDietPlanner,monitorNetworkLatency,2022-09-14,1,Gambia,TUR
ImmunologyResponseEvaluator,monitorNetworkLatency,2023-07-22,1,Sint Maarten (Dutch part),GGY
MedicalBillingAndCoding,updateFirmwareVersions,2024-02-29,1,Israel,PAK
WoundCareToolkit,restoreArchivedData,2024-05-27,1,Azerbaijan,PRK
SleepDisorderAnalyzer,validateUserPermissions,2023-11-04,1,Ukraine,ABW
PharmacyInventoryManager,initializeSystemDiagnostics,2023-09-28,2,Libya,NIU
DiabetesCareManager,onGenerateFibulaPlanesTimerTimeout,2023-01-05,2,Azerbaijan,MLT
OrthopedicProcedureSimulator,sendFunctionCountToServer,2024-12-20,1,Papua New Guinea,SXM
UrologyManagementSystem,deploySoftwareUpdates,2023-05-12,1,Iraq,LBY
AmbulanceDispatchSystem,trackApplicationDependencies,2023-02-04,1,Ecuador,HKG
UrologyManagementSystem,updateFirmwareVersions,2022-10-02,2,American Samoa,BRN
HospitalRoomAllocationSystem,cleanTemporaryFiles,2023-01-06,2,Namibia,GRL
SubstanceAbuseCounselor,configureVirtualMachines,2022-05-29,1,Antarctica,PRK
RehabilitationExercisePlanner,sendFunctionCountToServer,2024-12-09,2,Russian Federation,PCN
GeriatricCarePlanner,onGenerateFibulaPlanesTimerTimeout,2022-05-25,2,Argentina,TCA
WoundCareToolkit,auditSecurityCompliance,2023-10-18,2,New Caledonia,IOT
PatientEngagementHub,initializeSystemDiagnostics,2023-12-24,2,Djibouti,LSO
MedicalResearchDatabase,verifyDataIntegrity,2022-04-18,2,Kazakhstan,KIR
ImmunologyResponseEvaluator,makeBooleanOperationsToFibulaSurgicalGuideBase,2023-10-02,2,Bhutan,CAN
EmergencyResponseCoordinator,calculateOptimalPathways,2023-10-19,2,Sudan,CMR
PediatricCareAssistant,calculateOptimalPathways,2022-09-11,1,French Guiana,GIN
OrthopedicProcedureSimulator,calculateOptimalPathways,2022-03-25,2,United States,JPN
PatientEngagementHub,optimizeDatabaseQueries,2024-02-26,2,Cabo Verde,AIA
MedicalEducationSimulator,simulateLoadBalancing,2024-03-11,1,Macedonia,GRC
HematologyAnalyzer,makeBooleanOperationsToFibulaSurgicalGuideBase,2024-04-15,2,Mauritius,ESH
MedicalResearchDatabase,verifyDataIntegrity,2023-08-01,1,Saint Pierre and Miquelon,CRI
ClinicalTrialManager,makeBooleanOperationsToFibulaSurgicalGuideBase,2024-12-13,1,Cabo Verde,FIN
DermatologyTreatmentPlanner,deploySoftwareUpdates,2023-05-17,1,Bouvet Island,JEY
FertilityAndIVFHelper,verifyDataIntegrity,2024-06-06,1,Finland,LCA
MedicalWasteManagement,optimizeDatabaseQueries,2024-09-30,2,Swaziland,TUV
MentalHealthTherapyAssistant,validateUserPermissions,2022-04-29,1,Bouvet Island,BHS
GastrointestinalTracker,updateFirmwareVersions,2024-10-20,2,Jordan,BHR
ENTProcedureGuide,manageResourceAllocation,2023-11-30,1,North Korea,KIR
WoundCareToolkit,trackApplicationDependencies,2024-01-01,2,Jamaica,IND
HealthcareComplianceMonitor,calculateOptimalPathways,2022-04-22,1,Gabon,SXM
DiabetesCareManager,cleanTemporaryFiles,2024-01-04,2,Lesotho,MTQ
OphthalmologyVisionAnalyzer,cleanTemporaryFiles,2024-01-02,1,Mauritius,LCA
MedicalWasteManagement,updateFirmwareVersions,2022-04-17,2,Mongolia,ERI
ClinicalTrialManager,verifyDataIntegrity,2023-06-12,2,Holy See,LVA
PediatricCareAssistant,cleanTemporaryFiles,2023-05-14,2,Angola,MMR
ENTProcedureGuide,sendFunctionCountToServer,2023-04-05,2,United Kingdom,SLB
MedicalBillingAndCoding,optimizeDatabaseQueries,2023-07-28,1,Gibraltar,BIH
DiabetesCareManager,initializeSystemDiagnostics,2023-12-26,2,Gambia,SRB
HematologyAnalyzer,deploySoftwareUpdates,2023-09-24,1,Portugal,CMR
AmbulanceDispatchSystem,monitorNetworkLatency,2024-10-23,1,Jordan,CUW
PatientEngagementHub,updateFirmwareVersions,2023-05-04,1,Romania,LIE
SleepDisorderAnalyzer,makeBooleanOperationsToFibulaSurgicalGuideBase,2022-07-16,2,Thailand,PYF
MedicalWasteManagement,reportSystemHealthStatus,2022-08-09,2,Comoros,TTO
InfectiousDiseaseMapper,calculateOptimalPathways,2023-08-29,2,Malaysia,TGO
MedicalEducationSimulator,optimizeDatabaseQueries,2023-02-12,2,Brunei Darussalam,DNK
HematologyAnalyzer,makeBooleanOperationsToFibulaSurgicalGuideBase,2024-01-27,1,Cameroon,BRA
HospitalRoomAllocationSystem,manageResourceAllocation,2023-12-12,2,Cuba,CIV
MedicalEducationSimulator,cleanTemporaryFiles,2024-03-13,1,Namibia,KEN
EndocrineHealthMonitor,manageResourceAllocation,2024-11-17,2,Tuvalu,VUT
NeurosurgeryNavigationSystem,sendFunctionCountToServer,2024-11-23,2,Spain,HUN
PharmacyInventoryManager,deploySoftwareUpdates,2023-03-09,1,South Sudan,TJK
DiabetesCareManager,monitorNetworkLatency,2023-12-13,2,Mayotte,UKR
TelemedicineConsultationPortal,calculateOptimalPathways,2024-12-09,2,Botswana,DJI
NeuralNetworkDiagnostics,cleanTemporaryFiles,2024-10-28,1,Latvia,IND
MedicalResearchDatabase,monitorNetworkLatency,2024-02-06,1,Micronesia,CMR
EmergencyResponseCoordinator,simulateLoadBalancing,2023-12-25,2,Solomon Islands,KOR
ClinicalTrialManager,cleanTemporaryFiles,2022-08-05,2,Fiji,COG
UrologyManagementSystem,makeBooleanOperationsToFibulaSurgicalGuideBase,2024-09-19,1,Ukraine,PER
AmbulanceDispatchSystem,trackApplicationDependencies,2023-12-07,1,Mauritania,EST
GeneticDisorderExplorer,updateFirmwareVersions,2023-06-02,1,Iraq,CZE
HealthcarePolicyLibrary,simulateLoadBalancing,2022-12-30,1,Ghana,SYC
VaccineAdministrationLog,generateEncryptionKeys,2022-03-02,1,Monaco,SAU
PatientEngagementHub,restoreArchivedData,2024-06-29,2,Argentina,SVK
RehabilitationExercisePlanner,trackApplicationDependencies,2022-06-09,1,Equatorial Guinea,BTN
OphthalmologyVisionAnalyzer,manageResourceAllocation,2024-06-24,2,Mauritania,BHS
SportsInjuryPreventor,manageResourceAllocation,2023-08-26,1,Paraguay,ZAF
PatientFeedbackAnalyzer,updateFirmwareVersions,2023-05-27,1,Malawi,MWI
RadiologyImagingCenter,scheduleSystemBackups,2022-09-29,1,Germany,TWN
BloodPressureRegulator,configureVirtualMachines,2022-10-20,2,Cambodia,BLM
MedicalResearchDatabase,validateUserPermissions,2024-04-02,1,Bulgaria,MAF
WoundCareToolkit,monitorNetworkLatency,2023-02-07,2,Indonesia,GEO
NeuralNetworkDiagnostics,reportSystemHealthStatus,2022-12-30,1,Åland Islands,PCN
MedicalEducationSimulator,manageResourceAllocation,2022-05-07,2,Micronesia,REU
GeriatricCarePlanner,scheduleSystemBackups,2022-09-01,1,Georgia,OMN
NeurosurgeryNavigationSystem,makeBooleanOperationsToFibulaSurgicalGuideBase,2022-07-11,2,South Korea,TKM
SleepDisorderAnalyzer,verifyDataIntegrity,2024-07-13,2,Northern Mariana Islands,MTQ
HematologyAnalyzer,auditSecurityCompliance,2024-01-17,2,Congo,PYF
NeuralNetworkDiagnostics,validateUserPermissions,2023-09-04,2,Viet Nam,LKA
PatientEngagementHub,updateFirmwareVersions,2023-10-22,1,Liberia,DOM
HealthcarePolicyLibrary,generateEncryptionKeys,2023-07-05,2,Romania,GMB
DermatologyTreatmentPlanner,cleanTemporaryFiles,2024-03-16,2,Western Sahara,PNG
HealthcarePolicyLibrary,manageResourceAllocation,2024-01-10,1,Samoa,NIC
MedicalResearchDatabase,sendFunctionCountToServer,2023-04-01,1,Costa Rica,ITA
VaccineAdministrationLog,monitorNetworkLatency,2023-09-05,1,"Bonaire, Sint Eustatius and Saba",JOR
MedicalBillingAndCoding,sendFunctionCountToServer,2022-12-09,2,Cabo Verde,CYP
HematologyAnalyzer,archiveOldLogFiles,2024-11-29,2,Bermuda,GHA
OncologyTreatmentOptimizer,generateEncryptionKeys,2024-04-06,2,Slovenia,RUS
VaccineAdministrationLog,deploySoftwareUpdates,2023-11-30,1,Nauru,MHL
NutritionAndDietPlanner,configureVirtualMachines,2023-02-06,2,Kyrgyzstan,BGD
NeurosurgeryNavigationSystem,simulateLoadBalancing,2024-04-17,1,China,FIN
SurgicalInstrumentTracker,reportSystemHealthStatus,2022-06-04,1,Portugal,SHN
MedicalWasteManagement,configureVirtualMachines,2024-09-16,1,Venezuela,NZL
MedicalWasteManagement,restoreArchivedData,2023-03-20,2,Saint Helena,PAK
HospitalRoomAllocationSystem,onGenerateFibulaPlanesTimerTimeout,2022-09-14,1,Brazil,BRN
RehabilitationExercisePlanner,auditSecurityCompliance,2024-11-08,1,Oman,LIE
NeurosurgeryNavigationSystem,monitorNetworkLatency,2022-05-08,1,Brunei Darussalam,BHS
BloodPressureRegulator,archiveOldLogFiles,2023-09-09,2,Japan,MNP
DermatologyTreatmentPlanner,onGenerateFibulaPlanesTimerTimeout,2022-01-11,1,Norway,BRN
OncologyTreatmentOptimizer,scheduleSystemBackups,2024-11-28,2,Somalia,CHE
InfectiousDiseaseMapper,onGenerateFibulaPlanesTimerTimeout,2024-06-30,2,Thailand,BGD
DermatologyTreatmentPlanner,sendFunctionCountToServer,2023-11-11,2,Timor-Leste,CHN
OncologyTreatmentOptimizer,restoreArchivedData,2023-02-11,2,Oman,GRC
HealthcareComplianceMonitor,updateFirmwareVersions,2024-09-01,1,San Marino,LCA
HealthcareComplianceMonitor,reportSystemHealthStatus,2024-04-29,2,Martinique,MYS
EndocrineHealthMonitor,restoreArchivedData,2022-01-21,1,Afghanistan,TKM
HematologyAnalyzer,validateUserPermissions,2023-12-30,2,North Korea,CZE
NeuralNetworkDiagnostics,validateUserPermissions,2024-05-09,1,Faroe Islands,PSE
DermatologyTreatmentPlanner,configureVirtualMachines,2023-06-26,1,Thailand,VGB
AllergyReactionTracker,manageResourceAllocation,2023-01-03,1,Bolivia,ISL
BloodPressureRegulator,sendFunctionCountToServer,2022-05-15,2,Saint Helena,CYP
PediatricCareAssistant,analyzeServerPerformance,2024-03-12,2,Aruba,CYM
MedicalBillingAndCoding,configureVirtualMachines,2022-05-25,1,New Caledonia,SPM
MedicalWasteManagement,archiveOldLogFiles,2024-05-09,1,Papua New Guinea,FIN
ENTProcedureGuide,configureVirtualMachines,2023-06-28,2,Isle of Man,IRN
PediatricCareAssistant,trackApplicationDependencies,2023-09-30,2,Ukraine,SLE
NeurosurgeryNavigationSystem,scheduleSystemBackups,2024-11-07,2,Sri Lanka,GIN
AllergyReactionTracker,restoreArchivedData,2024-01-23,1,Guatemala,SRB
PulmonaryFunctionTester,simulateLoadBalancing,2024-04-25,1,Ecuador,PRT
MedicalEducationSimulator,deploySoftwareUpdates,2022-02-25,1,Saint Kitts and Nevis,SSD
GeneticDisorderExplorer,initializeSystemDiagnostics,2023-12-05,1,Brunei Darussalam,GLP
DiabetesCareManager,archiveOldLogFiles,2022-12-07,2,Georgia,MHL
VaccineAdministrationLog,sendFunctionCountToServer,2022-07-07,1,Togo,FLK
HospitalRoomAllocationSystem,onGenerateFibulaPlanesTimerTimeout,2023-03-30,2,Marshall Islands,ATA
DiabetesCareManager,makeBooleanOperationsToFibulaSurgicalGuideBase,2022-11-01,2,Myanmar,LSO
AllergyReactionTracker,monitorNetworkLatency,2023-02-23,2,Afghanistan,PER
SportsInjuryPreventor,scheduleSystemBackups,2024-11-19,1,Zimbabwe,CRI
VaccineAdministrationLog,cleanTemporaryFiles,2023-10-16,2,Kazakhstan,GEO
HematologyAnalyzer,configureVirtualMachines,2024-12-17,1,Faroe Islands,LVA
SportsInjuryPreventor,updateFirmwareVersions,2022-07-24,1,Afghanistan,ECU
SportsInjuryPreventor,generateEncryptionKeys,2023-05-20,1,Uzbekistan,GRD
RehabilitationExercisePlanner,reportSystemHealthStatus,2023-05-11,1,South Africa,BVT
NeurosurgeryNavigationSystem,onGenerateFibulaPlanesTimerTimeout,2024-02-04,2,Trinidad and Tobago,FRO
UrologyManagementSystem,verifyDataIntegrity,2022-04-25,1,Viet Nam,VEN
HematologyAnalyzer,verifyDataIntegrity,2024-02-06,2,Chad,PRI
MedicalBillingAndCoding,monitorNetworkLatency,2023-01-22,1,Ethiopia,URY
SleepDisorderAnalyzer,onGenerateFibulaPlanesTimerTimeout,2023-05-27,1,Sweden,MWI
SurgicalInstrumentTracker,onGenerateFibulaPlanesTimerTimeout,2022-07-05,2,Benin,MYS
OncologyTreatmentOptimizer,updateFirmwareVersions,2023-04-04,2,Zimbabwe,DNK
CardiovascularAssessmentTool,onGenerateFibulaPlanesTimerTimeout,2022-01-10,1,Saint Helena,WLF
PatientEngagementHub,updateFirmwareVersions,2024-01-03,1,Virgin Islands (British),PAK
HealthcareComplianceMonitor,monitorNetworkLatency,2022-07-26,1,Zimbabwe,SLV
FertilityAndIVFHelper,restoreArchivedData,2024-04-06,2,Equatorial Guinea,BOL
MentalHealthTherapyAssistant,auditSecurityCompliance,2022-03-19,2,Afghanistan,SWZ
CardiovascularAssessmentTool,analyzeServerPerformance,2023-09-24,2,Saint Helena,LSO
GastrointestinalTracker,generateEncryptionKeys,2022-12-22,1,Bulgaria,SXM
FitnessAndWellnessGuide,reportSystemHealthStatus,2023-11-26,2,Pitcairn,ESH
PediatricCareAssistant,manageResourceAllocation,2022-11-29,1,Myanmar,MAF
SleepDisorderAnalyzer,reportSystemHealthStatus,2022-03-25,1,Guinea,TON
PatientFeedbackAnalyzer,monitorNetworkLatency,2024-08-01,1,Andorra,LTU
InfectiousDiseaseMapper,simulateLoadBalancing,2022-12-24,1,Seychelles,GNQ
NeurosurgeryNavigationSystem,trackApplicationDependencies,2022-01-24,2,United States,AUT
AllergyReactionTracker,scheduleSystemBackups,2022-05-04,1,Puerto Rico,UZB
MedicalResearchDatabase,reportSystemHealthStatus,2023-03-11,2,Macedonia,ARM
OrthopedicProcedureSimulator,optimizeDatabaseQueries,2023-08-22,2,Anguilla,SJM
FertilityAndIVFHelper,manageResourceAllocation,2022-06-08,2,Samoa,KIR
OncologyTreatmentOptimizer,monitorNetworkLatency,2023-03-08,1,Nepal,PNG
ObstetricsLaborTracker,initializeSystemDiagnostics,2024-11-14,2,Jordan,ESH
MedicalEducationSimulator,analyzeServerPerformance,2022-10-28,2,Heard Island and McDonald Islands,KOR
SubstanceAbuseCounselor,initializeSystemDiagnostics,2024-07-19,2,Portugal,PRT
CardiovascularAssessmentTool,archiveOldLogFiles,2023-06-15,2,Gibraltar,COD
VaccineAdministrationLog,makeBooleanOperationsToFibulaSurgicalGuideBase,2024-11-01,2,China,ATF
HematologyAnalyzer,scheduleSystemBackups,2022-05-28,2,Dominican Republic,SHN
InfectiousDiseaseMapper,calculateOptimalPathways,2022-09-05,2,France,IMN
MedicalResearchDatabase,verifyDataIntegrity,2023-04-24,2,Saint Martin (French part),SGS
SportsInjuryPreventor,verifyDataIntegrity,2023-10-22,1,Finland,TKL
NeurosurgeryNavigationSystem,optimizeDatabaseQueries,2022-10-24,1,Ukraine,GUY
PainManagementAdvisor,reportSystemHealthStatus,2024-10-16,2,Peru,BLZ
MedicalResearchDatabase,archiveOldLogFiles,2023-07-21,1,Svalbard and Jan Mayen,SYC
GeriatricCarePlanner,reportSystemHealthStatus,2024-08-19,2,Namibia,VEN
OphthalmologyVisionAnalyzer,cleanTemporaryFiles,2022-07-29,1,Comoros,SYC
PatientEngagementHub,reportSystemHealthStatus,2022-07-01,2,Chile,MAR
GeriatricCarePlanner,verifyDataIntegrity,2023-10-29,2,Cameroon,MNP
GastrointestinalTracker,calculateOptimalPathways,2022-03-14,2,Cayman Islands,MSR
OrthopedicProcedureSimulator,archiveOldLogFiles,2022-01-26,1,Austria,BVT
HealthcarePolicyLibrary,optimizeDatabaseQueries,2022-07-31,2,Comoros,SOM
ENTProcedureGuide,onGenerateFibulaPlanesTimerTimeout,2023-04-19,2,Guinea-Bissau,MRT
NutritionAndDietPlanner,deploySoftwareUpdates,2023-12-01,1,Venezuela,CAN
GeriatricCarePlanner,analyzeServerPerformance,2022-01-29,1,Congo,NIU
FitnessAndWellnessGuide,updateFirmwareVersions,2023-03-11,2,Guernsey,SRB
MedicalBillingAndCoding,manageResourceAllocation,2022-04-03,2,Pitcairn,DEU
EndocrineHealthMonitor,scheduleSystemBackups,2022-02-11,2,Kazakhstan,GNQ
OphthalmologyVisionAnalyzer,makeBooleanOperationsToFibulaSurgicalGuideBase,2022-02-08,1,Indonesia,PRI
ENTProcedureGuide,optimizeDatabaseQueries,2022-01-04,2,Bahrain,FIN
PulmonaryFunctionTester,archiveOldLogFiles,2024-10-28,1,Slovenia,BDI
NutritionAndDietPlanner,trackApplicationDependencies,2023-09-14,1,Uzbekistan,KGZ
HealthcareComplianceMonitor,manageResourceAllocation,2023-02-14,1,Marshall Islands,AZE
PulmonaryFunctionTester,auditSecurityCompliance,2024-04-10,1,Trinidad and Tobago,MAR
MedicalEducationSimulator,simulateLoadBalancing,2022-08-20,2,Belarus,HUN
BloodPressureRegulator,archiveOldLogFiles,2024-01-21,1,Argentina,SLV
SurgicalInstrumentTracker,validateUserPermissions,2024-07-15,1,Burundi,SUR
MedicalWasteManagement,deploySoftwareUpdates,2022-09-17,2,Portugal,BRN
UrologyManagementSystem,analyzeServerPerformance,2022-09-20,1,Myanmar,NAM
EmergencyResponseCoordinator,restoreArchivedData,2023-03-12,1,Åland Islands,MLT
OphthalmologyVisionAnalyzer,sendFunctionCountToServer,2024-07-22,2,Mongolia,CZE
AmbulanceDispatchSystem,trackApplicationDependencies,2022-02-26,1,Philippines,WSM
PharmacyInventoryManager,analyzeServerPerformance,2022-03-26,1,France,LKA
ClinicalTrialManager,updateFirmwareVersions,2024-06-18,2,Seychelles,FIN
MedicalWasteManagement,configureVirtualMachines,2023-05-12,1,Suriname,BMU
HematologyAnalyzer,optimizeDatabaseQueries,2024-08-25,1,United Kingdom,ESP
OphthalmologyVisionAnalyzer,sendFunctionCountToServer,2023-08-13,2,Gibraltar,VGB
EmergencyResponseCoordinator,generateEncryptionKeys,2023-06-15,1,Spain,LSO
RehabilitationExercisePlanner,archiveOldLogFiles,2022-11-11,1,Myanmar,SRB
PatientFeedbackAnalyzer,cleanTemporaryFiles,2022-08-05,1,French Polynesia,GIN
InfectiousDiseaseMapper,monitorNetworkLatency,2022-07-26,2,Kyrgyzstan,MLI
MedicalResearchDatabase,auditSecurityCompliance,2023-09-22,1,Italy,BLM
PulmonaryFunctionTester,cleanTemporaryFiles,2024-02-29,2,Switzerland,STP
AmbulanceDispatchSystem,analyzeServerPerformance,2024-06-16,1,Sweden,CAF
FertilityAndIVFHelper,optimizeDatabaseQueries,2024-05-10,2,Sri Lanka,GNQ
GeriatricCarePlanner,optimizeDatabaseQueries,2024-10-04,2,Qatar,THA
GeriatricCarePlanner,generateEncryptionKeys,2023-06-22,1,Paraguay,PRT
BloodPressureRegulator,cleanTemporaryFiles,2022-08-03,2,Western Sahara,VIR
HealthcareComplianceMonitor,cleanTemporaryFiles,2024-10-23,1,Guadeloupe,MEX
PulmonaryFunctionTester,verifyDataIntegrity,2023-12-10,1,United States,ARE
DiabetesCareManager,updateFirmwareVersions,2023-01-04,2,Heard Island and McDonald Islands,MLI
NeurosurgeryNavigationSystem,archiveOldLogFiles,2023-04-02,1,Uganda,SXM
EmergencyResponseCoordinator,auditSecurityCompliance,2023-09-24,1,Fiji,VCT
NeuralNetworkDiagnostics,simulateLoadBalancing,2023-11-30,2,Jamaica,PRI
SurgicalInstrumentTracker,reportSystemHealthStatus,2024-02-24,1,Mali,THA
MedicalResearchDatabase,monitorNetworkLatency,2024-03-12,2,Martinique,BEN
MedicalResearchDatabase,manageResourceAllocation,2024-02-29,1,Guam,GNQ
MedicalBillingAndCoding,auditSecurityCompliance,2022-08-27,2,Peru,NAM
SurgicalInstrumentTracker,analyzeServerPerformance,2022-11-16,1,Macedonia,ESH
MedicalEducationSimulator,cleanTemporaryFiles,2022-02-03,1,Morocco,MNG
NutritionAndDietPlanner,optimizeDatabaseQueries,2023-06-05,1,United Arab Emirates,GGY
VaccineAdministrationLog,makeBooleanOperationsToFibulaSurgicalGuideBase,2024-12-26,2,India,SRB
ObstetricsLaborTracker,auditSecurityCompliance,2023-08-27,1,Wallis and Futuna,SUR
PediatricCareAssistant,archiveOldLogFiles,2024-06-24,1,Curaçao,GIB
NeurosurgeryNavigationSystem,calculateOptimalPathways,2022-08-22,2,Venezuela,DOM
FitnessAndWellnessGuide,onGenerateFibulaPlanesTimerTimeout,2024-01-05,1,Philippines,TZA
DermatologyTreatmentPlanner,auditSecurityCompliance,2023-12-31,1,Saudi Arabia,BMU
GastrointestinalTracker,archiveOldLogFiles,2023-11-07,1,Albania,LBR
PainManagementAdvisor,archiveOldLogFiles,2022-06-09,1,Lebanon,FJI
MedicalResearchDatabase,manageResourceAllocation,2023-04-12,1,Viet Nam,CPV
MentalHealthTherapyAssistant,validateUserPermissions,2022-07-15,2,Togo,CUB
RehabilitationExercisePlanner,generateEncryptionKeys,2023-01-27,1,Western Sahara,GRD
AllergyReactionTracker,manageResourceAllocation,2024-10-04,1,Bahamas,NCL
AllergyReactionTracker,optimizeDatabaseQueries,2022-03-06,2,Montenegro,BMU
NutritionAndDietPlanner,generateEncryptionKeys,2022-01-29,2,Micronesia,IRL
OphthalmologyVisionAnalyzer,trackApplicationDependencies,2022-10-03,2,Samoa,MNP
PediatricCareAssistant,sendFunctionCountToServer,2024-08-09,1,Saint Lucia,ARM
SubstanceAbuseCounselor,trackApplicationDependencies,2024-11-28,2,Argentina,CPV
ObstetricsLaborTracker,optimizeDatabaseQueries,2022-02-05,1,Northern Mariana Islands,IND
PediatricCareAssistant,makeBooleanOperationsToFibulaSurgicalGuideBase,2024-10-26,1,Hong Kong,ECU
NutritionAndDietPlanner,archiveOldLogFiles,2023-08-22,2,French Guiana,BGD
OncologyTreatmentOptimizer,simulateLoadBalancing,2024-12-07,1,Christmas Island,COG
RehabilitationExercisePlanner,onGenerateFibulaPlanesTimerTimeout,2023-01-25,1,Greenland,CYM
VaccineAdministrationLog,simulateLoadBalancing,2022-12-24,2,Malawi,COL
NeurosurgeryNavigationSystem,archiveOldLogFiles,2023-01-29,2,Cyprus,GRL
ENTProcedureGuide,validateUserPermissions,2024-02-28,1,Costa Rica,NPL
GastrointestinalTracker,updateFirmwareVersions,2024-03-16,1,United Arab Emirates,PCN
MentalHealthTherapyAssistant,manageResourceAllocation,2022-12-19,1,Timor-Leste,UZB
EmergencyResponseCoordinator,manageResourceAllocation,2024-09-18,1,Cambodia,NIC
GastrointestinalTracker,monitorNetworkLatency,2022-02-08,1,Qatar,ZAF
VaccineAdministrationLog,reportSystemHealthStatus,2023-06-25,2,Cabo Verde,ZWE
WoundCareToolkit,calculateOptimalPathways,2024-03-30,1,Tuvalu,EST
ObstetricsLaborTracker,auditSecurityCompliance,2024-06-09,2,Romania,SGS
PediatricCareAssistant,trackApplicationDependencies,2024-04-26,1,Belarus,AUS
OrthopedicProcedureSimulator,initializeSystemDiagnostics,2023-04-23,1,New Zealand,JAM
ClinicalTrialManager,reportSystemHealthStatus,2023-07-07,1,Peru,LIE
AllergyReactionTracker,scheduleSystemBackups,2023-05-31,2,Algeria,BEL
VaccineAdministrationLog,monitorNetworkLatency,2023-06-16,1,Wallis and Futuna,SOM
OphthalmologyVisionAnalyzer,initializeSystemDiagnostics,2024-02-13,2,Bulgaria,NIU
DentalHealthProfiler,validateUserPermissions,2022-01-08,2,Hungary,GRC
SurgicalInstrumentTracker,reportSystemHealthStatus,2022-05-24,2,Anguilla,CZE
HealthcareComplianceMonitor,onGenerateFibulaPlanesTimerTimeout,2023-07-03,2,Panama,TTO
RehabilitationExercisePlanner,sendFunctionCountToServer,2022-03-24,2,Ghana,DNK
FertilityAndIVFHelper,monitorNetworkLatency,2022-08-13,2,Cameroon,CCK
ClinicalTrialManager,reportSystemHealthStatus,2023-10-22,1,Ukraine,TUR
SurgicalInstrumentTracker,validateUserPermissions,2024-12-08,2,Côte d'Ivoire,AIA
BloodPressureRegulator,generateEncryptionKeys,2022-05-08,2,North Korea,LIE
OncologyTreatmentOptimizer,analyzeServerPerformance,2024-06-28,2,Togo,LCA
FitnessAndWellnessGuide,monitorNetworkLatency,2024-06-14,2,Paraguay,CUB
ClinicalTrialManager,calculateOptimalPathways,2022-03-30,2,Timor-Leste,KHM
PediatricCareAssistant,generateEncryptionKeys,2022-11-28,2,Tanzania,MDG
GeneticDisorderExplorer,deploySoftwareUpdates,2024-10-10,1,Iran,LAO
RadiologyImagingCenter,verifyDataIntegrity,2022-08-31,1,Uruguay,PSE
RadiologyImagingCenter,monitorNetworkLatency,2022-08-22,1,Algeria,LAO
NeuralNetworkDiagnostics,generateEncryptionKeys,2024-05-07,1,United Kingdom,ATG
FitnessAndWellnessGuide,makeBooleanOperationsToFibulaSurgicalGuideBase,2022-01-23,2,Ireland,MWI
PediatricCareAssistant,monitorNetworkLatency,2022-06-03,1,Bulgaria,POL
ImmunologyResponseEvaluator,verifyDataIntegrity,2023-07-13,2,Jamaica,UMI
DermatologyTreatmentPlanner,calculateOptimalPathways,2022-07-23,1,Zimbabwe,SLB
HematologyAnalyzer,scheduleSystemBackups,2024-01-18,1,Ukraine,LSO
ImmunologyResponseEvaluator,restoreArchivedData,2022-05-26,2,Kiribati,ETH
VaccineAdministrationLog,auditSecurityCompliance,2022-05-13,1,Congo,SPM
MedicalResearchDatabase,restoreArchivedData,2023-03-30,1,Aruba,TUN
WoundCareToolkit,calculateOptimalPathways,2024-12-15,1,Belarus,HND
MedicalWasteManagement,restoreArchivedData,2023-04-19,1,Saint Martin (French part),AZE
VaccineAdministrationLog,auditSecurityCompliance,2022-08-21,2,Niger,BEL
PatientFeedbackAnalyzer,monitorNetworkLatency,2022-10-20,2,Heard Island and McDonald Islands,CYM
OrthopedicProcedureSimulator,deploySoftwareUpdates,2023-07-08,2,Italy,MTQ
MedicalResearchDatabase,scheduleSystemBackups,2022-07-06,2,Panama,AND
ObstetricsLaborTracker,updateFirmwareVersions,2022-08-04,1,Botswana,LIE
ImmunologyResponseEvaluator,deploySoftwareUpdates,2024-01-18,2,Mali,BES
RadiologyImagingCenter,onGenerateFibulaPlanesTimerTimeout,2024-06-01,1,Jordan,TGO
InfectiousDiseaseMapper,manageResourceAllocation,2024-04-23,1,Kuwait,GNB
HematologyAnalyzer,sendFunctionCountToServer,2023-03-30,1,Antigua and Barbuda,IND
SportsInjuryPreventor,makeBooleanOperationsToFibulaSurgicalGuideBase,2023-08-12,1,Guinea-Bissau,ITA
GastrointestinalTracker,validateUserPermissions,2023-10-29,2,Paraguay,ARG
HematologyAnalyzer,trackApplicationDependencies,2023-12-08,1,Kenya,NOR
EmergencyResponseCoordinator,initializeSystemDiagnostics,2024-05-15,2,Mexico,ABW
OrthopedicProcedureSimulator,generateEncryptionKeys,2024-08-06,1,Paraguay,MYT
ImmunologyResponseEvaluator,cleanTemporaryFiles,2024-05-28,2,Cocos (Keeling) Islands,POL
SportsInjuryPreventor,onGenerateFibulaPlanesTimerTimeout,2023-01-09,1,Bulgaria,GHA
MedicalWasteManagement,sendFunctionCountToServer,2024-05-07,2,Solomon Islands,AUT
EndocrineHealthMonitor,updateFirmwareVersions,2022-11-19,1,Norway,CXR
ENTProcedureGuide,restoreArchivedData,2022-06-11,1,Congo,LVA
HealthcareComplianceMonitor,restoreArchivedData,2024-05-21,1,Liechtenstein,SRB
NeuralNetworkDiagnostics,cleanTemporaryFiles,2024-05-03,2,Liberia,PLW
HospitalRoomAllocationSystem,onGenerateFibulaPlanesTimerTimeout,2024-11-12,2,Burkina Faso,MHL
OncologyTreatmentOptimizer,trackApplicationDependencies,2023-07-09,2,Saint Pierre and Miquelon,SAU
OncologyTreatmentOptimizer,optimizeDatabaseQueries,2022-04-20,1,Algeria,BDI
CardiovascularAssessmentTool,auditSecurityCompliance,2023-02-18,1,United States Minor Outlying Islands,IRQ
FertilityAndIVFHelper,cleanTemporaryFiles,2023-05-07,1,Saint Lucia,HMD
OrthopedicProcedureSimulator,onGenerateFibulaPlanesTimerTimeout,2024-01-28,1,Tunisia,LKA
PulmonaryFunctionTester,onGenerateFibulaPlanesTimerTimeout,2023-07-03,1,Montserrat,AFG
GastrointestinalTracker,cleanTemporaryFiles,2022-05-30,1,Burundi,CUW
ObstetricsLaborTracker,cleanTemporaryFiles,2023-11-02,2,Tunisia,CUW
DiabetesCareManager,reportSystemHealthStatus,2023-05-21,1,Isle of Man,CAF
MedicalEducationSimulator,updateFirmwareVersions,2023-10-03,1,Grenada,ASM
SurgicalInstrumentTracker,configureVirtualMachines,2024-09-04,1,Norway,NAM
MedicalBillingAndCoding,simulateLoadBalancing,2022-09-22,2,Jersey,GLP
MedicalWasteManagement,calculateOptimalPathways,2024-10-31,1,Jersey,CPV
NeuralNetworkDiagnostics,simulateLoadBalancing,2024-08-24,1,United Kingdom,BHS
PatientEngagementHub,manageResourceAllocation,2023-12-20,1,Angola,PRT
AllergyReactionTracker,deploySoftwareUpdates,2023-01-20,2,Myanmar,FRA
CardiovascularAssessmentTool,scheduleSystemBackups,2022-08-15,1,New Caledonia,UGA
TelemedicineConsultationPortal,reportSystemHealthStatus,2024-02-19,2,Virgin Islands (U.S.),MRT
SportsInjuryPreventor,verifyDataIntegrity,2022-05-03,2,Côte d'Ivoire,DEU
PatientFeedbackAnalyzer,onGenerateFibulaPlanesTimerTimeout,2024-01-10,1,Paraguay,IOT
ObstetricsLaborTracker,trackApplicationDependencies,2024-09-01,2,Montserrat,PRK
InfectiousDiseaseMapper,initializeSystemDiagnostics,2023-04-27,1,Portugal,NCL
HealthcarePolicyLibrary,analyzeServerPerformance,2022-02-05,1,Norway,BTN
AmbulanceDispatchSystem,generateEncryptionKeys,2022-07-13,1,Virgin Islands (U.S.),NPL
DiabetesCareManager,scheduleSystemBackups,2024-02-21,1,Iceland,MCO
OphthalmologyVisionAnalyzer,restoreArchivedData,2022-01-15,2,Indonesia,MLI
DiabetesCareManager,onGenerateFibulaPlanesTimerTimeout,2023-09-24,2,Tajikistan,MMR
PulmonaryFunctionTester,makeBooleanOperationsToFibulaSurgicalGuideBase,2022-03-19,1,Oman,LBR
MentalHealthTherapyAssistant,sendFunctionCountToServer,2023-02-03,1,Afghanistan,DZA
DiabetesCareManager,archiveOldLogFiles,2023-10-05,1,Suriname,GNB
MedicalEducationSimulator,configureVirtualMachines,2022-11-24,2,Lithuania,AND
FitnessAndWellnessGuide,validateUserPermissions,2023-02-07,2,Senegal,CYM
InfectiousDiseaseMapper,onGenerateFibulaPlanesTimerTimeout,2023-02-12,1,Falkland Islands (Malvinas),IOT
DiabetesCareManager,updateFirmwareVersions,2023-10-31,2,Papua New Guinea,SPM
PulmonaryFunctionTester,simulateLoadBalancing,2024-02-16,2,Uganda,GNB
PharmacyInventoryManager,generateEncryptionKeys,2023-10-24,1,Ecuador,GIN
EndocrineHealthMonitor,analyzeServerPerformance,2022-04-19,2,Saint Lucia,COK
MedicalResearchDatabase,reportSystemHealthStatus,2022-04-29,1,Ukraine,GGY
ObstetricsLaborTracker,updateFirmwareVersions,2023-10-10,2,Central African Republic,GLP
VaccineAdministrationLog,monitorNetworkLatency,2022-03-24,2,El Salvador,PRK
DiabetesCareManager,onGenerateFibulaPlanesTimerTimeout,2023-01-14,2,Russian Federation,KOR
NutritionAndDietPlanner,simulateLoadBalancing,2022-11-02,2,Bangladesh,GIN
DiabetesCareManager,restoreArchivedData,2022-12-29,1,Papua New Guinea,GHA
ClinicalTrialManager,validateUserPermissions,2023-04-30,1,"Palestine, State of",NLD
DentalHealthProfiler,cleanTemporaryFiles,2024-09-18,2,United States Minor Outlying Islands,BLZ
CardiovascularAssessmentTool,initializeSystemDiagnostics,2022-12-23,2,Botswana,YEM
TelemedicineConsultationPortal,archiveOldLogFiles,2023-10-17,1,Kazakhstan,THA
HealthcareComplianceMonitor,sendFunctionCountToServer,2022-12-14,1,Dominica,NCL
NeurosurgeryNavigationSystem,restoreArchivedData,2023-06-27,1,El Salvador,FJI
NutritionAndDietPlanner,validateUserPermissions,2024-08-23,1,Saint Pierre and Miquelon,UZB
PharmacyInventoryManager,archiveOldLogFiles,2022-06-01,1,Dominican Republic,HKG
OphthalmologyVisionAnalyzer,verifyDataIntegrity,2024-03-03,1,Tuvalu,MUS
GeneticDisorderExplorer,updateFirmwareVersions,2022-11-27,2,Zambia,THA
ObstetricsLaborTracker,onGenerateFibulaPlanesTimerTimeout,2024-04-02,2,Finland,SWZ
MedicalResearchDatabase,verifyDataIntegrity,2022-10-15,1,Afghanistan,BRA
MedicalBillingAndCoding,optimizeDatabaseQueries,2023-07-03,1,Mozambique,HUN
DentalHealthProfiler,generateEncryptionKeys,2023-09-25,1,Lesotho,FSM
ClinicalTrialManager,validateUserPermissions,2022-01-26,1,Ghana,IMN
GastrointestinalTracker,generateEncryptionKeys,2023-04-20,1,"Bonaire, Sint Eustatius and Saba",ALA
GastrointestinalTracker,onGenerateFibulaPlanesTimerTimeout,2022-01-24,1,Niger,SEN
CardiovascularAssessmentTool,deploySoftwareUpdates,2024-02-26,1,Central African Republic,ARM
InfectiousDiseaseMapper,deploySoftwareUpdates,2022-04-11,1,Jersey,RWA
SportsInjuryPreventor,calculateOptimalPathways,2024-04-18,1,Hong Kong,SSD
EndocrineHealthMonitor,archiveOldLogFiles,2022-10-31,1,Falkland Islands (Malvinas),BMU
PatientEngagementHub,calculateOptimalPathways,2022-08-10,2,Brazil,GUM
WoundCareToolkit,monitorNetworkLatency,2023-05-28,2,Uganda,OMN
MentalHealthTherapyAssistant,reportSystemHealthStatus,2023-12-07,2,Wallis and Futuna,AIA
FertilityAndIVFHelper,monitorNetworkLatency,2024-10-22,2,Swaziland,GAB
FertilityAndIVFHelper,sendFunctionCountToServer,2024-12-02,1,Malawi,ARM
PediatricCareAssistant,makeBooleanOperationsToFibulaSurgicalGuideBase,2024-12-13,1,Macao,KGZ
OncologyTreatmentOptimizer,generateEncryptionKeys,2024-05-10,2,South Africa,SWE
NeuralNetworkDiagnostics,updateFirmwareVersions,2024-12-30,1,Haiti,TUN
SportsInjuryPreventor,validateUserPermissions,2022-08-09,1,Ukraine,JPN
OphthalmologyVisionAnalyzer,archiveOldLogFiles,2023-05-12,1,Nauru,BMU
PulmonaryFunctionTester,verifyDataIntegrity,2022-04-02,1,Myanmar,PRY
MedicalResearchDatabase,optimizeDatabaseQueries,2024-02-01,2,Belize,LBN
HematologyAnalyzer,validateUserPermissions,2022-11-06,1,Slovakia,FRO
PatientFeedbackAnalyzer,simulateLoadBalancing,2023-09-07,1,Moldova,SUR
EmergencyResponseCoordinator,manageResourceAllocation,2023-03-20,2,Iran,MDG
AllergyReactionTracker,cleanTemporaryFiles,2023-05-26,2,Timor-Leste,SVK
FertilityAndIVFHelper,validateUserPermissions,2022-09-05,2,Belize,PRY
SubstanceAbuseCounselor,cleanTemporaryFiles,2024-05-04,1,Faroe Islands,NGA
OphthalmologyVisionAnalyzer,makeBooleanOperationsToFibulaSurgicalGuideBase,2024-04-18,1,Guernsey,IRQ
InfectiousDiseaseMapper,makeBooleanOperationsToFibulaSurgicalGuideBase,2024-03-22,1,Malawi,ALB
FitnessAndWellnessGuide,sendFunctionCountToServer,2023-07-15,2,El Salvador,GTM
PediatricCareAssistant,analyzeServerPerformance,2023-08-06,2,Saint Vincent and the Grenadines,MKD
PainManagementAdvisor,generateEncryptionKeys,2024-01-26,1,Réunion,SSD
ImmunologyResponseEvaluator,validateUserPermissions,2023-04-14,1,New Caledonia,GUF
VaccineAdministrationLog,monitorNetworkLatency,2022-10-18,2,Seychelles,ECU
MedicalWasteManagement,configureVirtualMachines,2023-12-06,1,Norway,MOZ
PulmonaryFunctionTester,makeBooleanOperationsToFibulaSurgicalGuideBase,2023-04-30,2,Turkey,SLV
UrologyManagementSystem,calculateOptimalPathways,2022-07-30,2,Honduras,DMA
GeriatricCarePlanner,calculateOptimalPathways,2024-06-10,2,Equatorial Guinea,USA
PainManagementAdvisor,makeBooleanOperationsToFibulaSurgicalGuideBase,2024-04-28,1,French Guiana,NAM
OrthopedicProcedureSimulator,auditSecurityCompliance,2023-05-10,1,Kyrgyzstan,HUN
PainManagementAdvisor,cleanTemporaryFiles,2022-02-19,2,Congo,TJK
HealthcareComplianceMonitor,verifyDataIntegrity,2023-10-18,2,Virgin Islands (British),FJI
TelemedicineConsultationPortal,cleanTemporaryFiles,2022-11-21,1,Cook Islands,DZA
HospitalRoomAllocationSystem,configureVirtualMachines,2024-01-18,2,"Taiwan, Province of China",MRT
ENTProcedureGuide,calculateOptimalPathways,2024-12-23,2,French Polynesia,TKM
WoundCareToolkit,cleanTemporaryFiles,2024-06-14,1,Kenya,FJI
GastrointestinalTracker,sendFunctionCountToServer,2023-12-09,2,China,ARM
InfectiousDiseaseMapper,auditSecurityCompliance,2023-04-04,1,Switzerland,RUS
DiabetesCareManager,sendFunctionCountToServer,2023-01-02,2,Norfolk Island,HUN
RadiologyImagingCenter,generateEncryptionKeys,2024-10-02,1,Ireland,IDN
RadiologyImagingCenter,monitorNetworkLatency,2024-09-22,2,Luxembourg,YEM
WoundCareToolkit,configureVirtualMachines,2023-04-17,2,Turkmenistan,MTQ
MedicalWasteManagement,monitorNetworkLatency,2022-08-03,1,Burundi,IOT
ClinicalTrialManager,scheduleSystemBackups,2023-11-30,2,Serbia,BEL
OncologyTreatmentOptimizer,archiveOldLogFiles,2024-03-22,1,Haiti,SXM
TelemedicineConsultationPortal,configureVirtualMachines,2022-03-21,1,Nauru,PNG
GastrointestinalTracker,simulateLoadBalancing,2024-12-23,1,Aruba,BES
DermatologyTreatmentPlanner,configureVirtualMachines,2024-04-05,2,Réunion,ROU
SubstanceAbuseCounselor,sendFunctionCountToServer,2023-04-04,2,Finland,JEY
HealthcareComplianceMonitor,scheduleSystemBackups,2023-01-17,1,Hong Kong,SPM
NeurosurgeryNavigationSystem,initializeSystemDiagnostics,2024-03-17,2,Cyprus,GUM
HospitalRoomAllocationSystem,trackApplicationDependencies,2023-04-13,2,Saudi Arabia,SVN
NutritionAndDietPlanner,validateUserPermissions,2023-12-26,2,Saint Vincent and the Grenadines,PCN
OphthalmologyVisionAnalyzer,optimizeDatabaseQueries,2024-02-26,1,Tajikistan,MNP
MedicalEducationSimulator,manageResourceAllocation,2023-09-24,1,Réunion,NIU
NeuralNetworkDiagnostics,monitorNetworkLatency,2022-12-26,1,North Korea,MTQ
MedicalBillingAndCoding,monitorNetworkLatency,2023-11-09,2,"Taiwan, Province of China",MCO
ClinicalTrialManager,generateEncryptionKeys,2024-03-23,1,Peru,EST
PulmonaryFunctionTester,calculateOptimalPathways,2022-12-19,1,Jamaica,RWA
DiabetesCareManager,archiveOldLogFiles,2023-10-13,2,Germany,GRL
NeurosurgeryNavigationSystem,verifyDataIntegrity,2023-03-10,2,Serbia,BLM
GeriatricCarePlanner,restoreArchivedData,2023-04-22,1,Luxembourg,MCO
PediatricCareAssistant,deploySoftwareUpdates,2024-04-09,2,Serbia,VIR
ClinicalTrialManager,auditSecurityCompliance,2022-07-20,1,Lithuania,GRL
PediatricCareAssistant,manageResourceAllocation,2024-09-29,1,Antigua and Barbuda,PLW
PharmacyInventoryManager,trackApplicationDependencies,2023-11-26,1,Bahrain,BVT
PulmonaryFunctionTester,manageResourceAllocation,2023-09-07,1,North Korea,MNE
HematologyAnalyzer,sendFunctionCountToServer,2024-02-07,1,Finland,YEM
SportsInjuryPreventor,simulateLoadBalancing,2024-05-13,2,Cuba,TTO
FertilityAndIVFHelper,scheduleSystemBackups,2022-10-09,1,Andorra,HTI
ClinicalTrialManager,onGenerateFibulaPlanesTimerTimeout,2023-05-23,2,Timor-Leste,PHL
ObstetricsLaborTracker,validateUserPermissions,2023-01-30,2,Curaçao,SPM
DiabetesCareManager,sendFunctionCountToServer,2024-02-12,2,Guinea,DNK
PatientFeedbackAnalyzer,restoreArchivedData,2023-02-16,2,Antigua and Barbuda,TCA
GeriatricCarePlanner,updateFirmwareVersions,2023-07-03,1,Marshall Islands,MLI
NutritionAndDietPlanner,generateEncryptionKeys,2022-09-30,1,Greece,FRA
PulmonaryFunctionTester,manageResourceAllocation,2022-08-13,1,Saint Lucia,LBY
FertilityAndIVFHelper,sendFunctionCountToServer,2022-01-23,1,Slovenia,NPL
MentalHealthTherapyAssistant,trackApplicationDependencies,2022-10-09,1,Austria,MLI
HealthcareComplianceMonitor,reportSystemHealthStatus,2022-01-05,1,French Polynesia,TUR
InfectiousDiseaseMapper,validateUserPermissions,2022-10-18,2,Trinidad and Tobago,BOL
ImmunologyResponseEvaluator,updateFirmwareVersions,2024-04-07,2,Peru,GIB
PediatricCareAssistant,archiveOldLogFiles,2022-10-29,2,Niger,AND
OrthopedicProcedureSimulator,scheduleSystemBackups,2024-05-24,1,Paraguay,PHL
VaccineAdministrationLog,scheduleSystemBackups,2022-10-09,1,Nicaragua,BTN
InfectiousDiseaseMapper,reportSystemHealthStatus,2024-10-28,2,Saint Lucia,CPV
AmbulanceDispatchSystem,monitorNetworkLatency,2022-06-29,2,Åland Islands,ERI
OphthalmologyVisionAnalyzer,simulateLoadBalancing,2024-01-13,2,Armenia,MWI
BloodPressureRegulator,trackApplicationDependencies,2022-02-28,2,Albania,CIV
SleepDisorderAnalyzer,scheduleSystemBackups,2024-12-15,2,Croatia,YEM
OrthopedicProcedureSimulator,trackApplicationDependencies,2022-05-20,1,Côte d'Ivoire,BWA
TelemedicineConsultationPortal,scheduleSystemBackups,2024-03-01,1,Moldova,SUR
HematologyAnalyzer,sendFunctionCountToServer,2022-05-28,1,Liberia,HND
ObstetricsLaborTracker,validateUserPermissions,2023-01-18,1,Ghana,VIR
GeriatricCarePlanner,scheduleSystemBackups,2023-08-18,1,Heard Island and McDonald Islands,ZWE
WoundCareToolkit,makeBooleanOperationsToFibulaSurgicalGuideBase,2024-08-13,1,Anguilla,LAO
GastrointestinalTracker,restoreArchivedData,2023-07-16,1,Myanmar,DOM
PainManagementAdvisor,verifyDataIntegrity,2024-04-24,2,Micronesia,FJI
DentalHealthProfiler,initializeSystemDiagnostics,2022-01-26,2,Panama,KNA
DiabetesCareManager,sendFunctionCountToServer,2024-05-25,1,Qatar,MNP
EndocrineHealthMonitor,calculateOptimalPathways,2023-11-18,2,Palau,ARM
PulmonaryFunctionTester,configureVirtualMachines,2024-11-07,2,Honduras,IRN
OrthopedicProcedureSimulator,validateUserPermissions,2024-02-22,1,Costa Rica,COK
HospitalRoomAllocationSystem,archiveOldLogFiles,2022-11-29,2,Egypt,VIR
TelemedicineConsultationPortal,updateFirmwareVersions,2023-06-05,1,Norway,GUF
AllergyReactionTracker,restoreArchivedData,2022-04-09,2,Peru,MYS
TelemedicineConsultationPortal,makeBooleanOperationsToFibulaSurgicalGuideBase,2022-09-20,1,Paraguay,HMD
RehabilitationExercisePlanner,simulateLoadBalancing,2022-03-19,1,Switzerland,MDA
DentalHealthProfiler,scheduleSystemBackups,2023-10-10,1,Kyrgyzstan,SWZ
ImmunologyResponseEvaluator,analyzeServerPerformance,2024-12-27,2,Mauritius,FRO
SubstanceAbuseCounselor,optimizeDatabaseQueries,2022-07-26,1,Puerto Rico,QAT
SubstanceAbuseCounselor,scheduleSystemBackups,2023-11-16,1,Guernsey,ATA
PainManagementAdvisor,reportSystemHealthStatus,2022-01-04,1,Suriname,GUF
MedicalResearchDatabase,makeBooleanOperationsToFibulaSurgicalGuideBase,2023-12-15,2,Zambia,FRA
MedicalWasteManagement,updateFirmwareVersions,2023-02-13,1,Kenya,NAM
ObstetricsLaborTracker,archiveOldLogFiles,2022-07-29,1,Svalbard and Jan Mayen,MSR
NutritionAndDietPlanner,reportSystemHealthStatus,2024-06-28,2,Senegal,TTO
TelemedicineConsultationPortal,restoreArchivedData,2022-04-22,1,Cook Islands,ATF
OphthalmologyVisionAnalyzer,configureVirtualMachines,2023-09-17,2,Benin,RUS
NeurosurgeryNavigationSystem,scheduleSystemBackups,2024-05-17,1,Palau,AIA
VaccineAdministrationLog,onGenerateFibulaPlanesTimerTimeout,2022-09-24,1,Northern Mariana Islands,ZMB
RehabilitationExercisePlanner,restoreArchivedData,2024-08-08,2,Rwanda,TKM
AmbulanceDispatchSystem,configureVirtualMachines,2022-10-08,2,Malta,LUX
SurgicalInstrumentTracker,trackApplicationDependencies,2022-11-26,1,France,GUM
CardiovascularAssessmentTool,sendFunctionCountToServer,2022-10-03,2,Cyprus,KWT
PharmacyInventoryManager,initializeSystemDiagnostics,2024-01-28,1,Holy See,MAF
MedicalResearchDatabase,validateUserPermissions,2023-05-24,2,Angola,COL
NeurosurgeryNavigationSystem,makeBooleanOperationsToFibulaSurgicalGuideBase,2022-07-20,2,Denmark,BES
GeneticDisorderExplorer,deploySoftwareUpdates,2023-03-22,2,Germany,CIV
BloodPressureRegulator,sendFunctionCountToServer,2024-06-16,1,Bosnia and Herzegovina,COK
GeriatricCarePlanner,scheduleSystemBackups,2024-07-14,2,Burkina Faso,AZE
PulmonaryFunctionTester,sendFunctionCountToServer,2024-09-25,2,Burkina Faso,GTM
OrthopedicProcedureSimulator,validateUserPermissions,2024-12-18,1,Curaçao,LBN
GeriatricCarePlanner,validateUserPermissions,2023-11-01,2,Saint Pierre and Miquelon,PER
PulmonaryFunctionTester,optimizeDatabaseQueries,2024-06-01,1,Faroe Islands,MWI
TelemedicineConsultationPortal,monitorNetworkLatency,2023-01-17,1,Mayotte,VIR
BloodPressureRegulator,restoreArchivedData,2023-01-02,1,Turks and Caicos Islands,CYM
DentalHealthProfiler,auditSecurityCompliance,2024-06-25,1,Martinique,BHR
PharmacyInventoryManager,calculateOptimalPathways,2023-07-28,1,Guinea-Bissau,ALB
RehabilitationExercisePlanner,scheduleSystemBackups,2022-06-01,2,Guadeloupe,IND
VaccineAdministrationLog,manageResourceAllocation,2022-11-30,1,Kazakhstan,KAZ
PulmonaryFunctionTester,auditSecurityCompliance,2022-01-31,2,Heard Island and McDonald Islands,EST
SurgicalInstrumentTracker,calculateOptimalPathways,2024-01-24,2,Saint Martin (French part),HND
RehabilitationExercisePlanner,deploySoftwareUpdates,2024-09-30,2,Uruguay,AUT
FertilityAndIVFHelper,calculateOptimalPathways,2024-02-03,2,Albania,SLE
DermatologyTreatmentPlanner,trackApplicationDependencies,2022-04-05,2,Singapore,TKL
ENTProcedureGuide,manageResourceAllocation,2024-03-21,1,Portugal,TUN
GeriatricCarePlanner,optimizeDatabaseQueries,2022-01-02,2,Holy See,VEN
ObstetricsLaborTracker,updateFirmwareVersions,2024-11-11,1,Sint Maarten (Dutch part),PHL
InfectiousDiseaseMapper,generateEncryptionKeys,2023-03-18,1,Nauru,USA
OrthopedicProcedureSimulator,manageResourceAllocation,2023-07-14,1,Lesotho,MAC
DiabetesCareManager,configureVirtualMachines,2024-09-23,2,Svalbard and Jan Mayen,SPM
DentalHealthProfiler,initializeSystemDiagnostics,2023-06-14,1,Guam,BLR
EmergencyResponseCoordinator,manageResourceAllocation,2023-10-18,1,Isle of Man,MYT
PatientFeedbackAnalyzer,configureVirtualMachines,2023-02-13,2,Libya,KOR
HematologyAnalyzer,monitorNetworkLatency,2023-08-24,1,Israel,RWA
PatientEngagementHub,analyzeServerPerformance,2024-03-08,1,Bhutan,AIA
MedicalWasteManagement,verifyDataIntegrity,2024-04-18,2,Senegal,NIC
AmbulanceDispatchSystem,trackApplicationDependencies,2024-02-13,1,Cyprus,IMN
TelemedicineConsultationPortal,optimizeDatabaseQueries,2024-10-04,1,South Africa,STP
PharmacyInventoryManager,analyzeServerPerformance,2022-06-29,1,Turkey,ASM
SleepDisorderAnalyzer,validateUserPermissions,2024-09-14,2,Poland,NLD
SurgicalInstrumentTracker,archiveOldLogFiles,2023-10-28,1,Wallis and Futuna,EGY
NutritionAndDietPlanner,scheduleSystemBackups,2023-05-12,1,Grenada,PRK
VaccineAdministrationLog,generateEncryptionKeys,2022-02-25,1,Mali,BRA
RehabilitationExercisePlanner,configureVirtualMachines,2023-04-16,2,Bahamas,MAR
DermatologyTreatmentPlanner,cleanTemporaryFiles,2024-09-05,2,Réunion,IND
WoundCareToolkit,updateFirmwareVersions,2023-05-08,2,Zimbabwe,ISL
ClinicalTrialManager,simulateLoadBalancing,2022-05-25,1,Croatia,KOR
HospitalRoomAllocationSystem,makeBooleanOperationsToFibulaSurgicalGuideBase,2024-12-25,1,Puerto Rico,SAU
EndocrineHealthMonitor,cleanTemporaryFiles,2023-06-04,1,Australia,JPN
GeriatricCarePlanner,onGenerateFibulaPlanesTimerTimeout,2022-03-09,1,Faroe Islands,NGA
AmbulanceDispatchSystem,auditSecurityCompliance,2023-03-02,2,Luxembourg,DJI
OncologyTreatmentOptimizer,makeBooleanOperationsToFibulaSurgicalGuideBase,2022-07-29,1,Saint Martin (French part),SMR
MedicalBillingAndCoding,trackApplicationDependencies,2022-08-02,1,Andorra,NIU
MedicalEducationSimulator,configureVirtualMachines,2022-07-19,2,Burundi,SHN
InfectiousDiseaseMapper,manageResourceAllocation,2024-01-09,1,Bouvet Island,SVK
CardiovascularAssessmentTool,onGenerateFibulaPlanesTimerTimeout,2024-07-09,1,Portugal,BEL
PainManagementAdvisor,makeBooleanOperationsToFibulaSurgicalGuideBase,2022-01-23,2,Réunion,REU
VaccineAdministrationLog,updateFirmwareVersions,2023-09-12,1,Indonesia,HRV
BloodPressureRegulator,verifyDataIntegrity,2023-10-02,1,Dominican Republic,KWT
SleepDisorderAnalyzer,generateEncryptionKeys,2022-05-29,2,Serbia,KNA
HealthcarePolicyLibrary,verifyDataIntegrity,2022-04-04,2,Portugal,CAF
FertilityAndIVFHelper,updateFirmwareVersions,2023-02-26,1,Kazakhstan,SUR
PulmonaryFunctionTester,updateFirmwareVersions,2022-12-25,2,Comoros,LBY
MedicalResearchDatabase,configureVirtualMachines,2024-03-04,2,Samoa,SVN
UrologyManagementSystem,calculateOptimalPathways,2023-03-02,2,Algeria,ABW
NutritionAndDietPlanner,monitorNetworkLatency,2024-10-13,1,Turkmenistan,SWZ
FertilityAndIVFHelper,auditSecurityCompliance,2022-09-03,1,Finland,THA
RadiologyImagingCenter,sendFunctionCountToServer,2023-04-26,1,Cayman Islands,BVT
HealthcarePolicyLibrary,simulateLoadBalancing,2022-07-19,1,Guinea,GRD
SleepDisorderAnalyzer,verifyDataIntegrity,2024-04-19,2,Montserrat,GHA
MentalHealthTherapyAssistant,onGenerateFibulaPlanesTimerTimeout,2022-11-16,2,Panama,SVN
HospitalRoomAllocationSystem,simulateLoadBalancing,2024-08-19,1,Sweden,JOR
MedicalEducationSimulator,manageResourceAllocation,2024-12-02,1,Aruba,BGD
MedicalEducationSimulator,initializeSystemDiagnostics,2022-08-10,2,El Salvador,JAM
PainManagementAdvisor,generateEncryptionKeys,2023-04-26,2,Viet Nam,MSR
OrthopedicProcedureSimulator,manageResourceAllocation,2024-04-17,1,Djibouti,PRT
CardiovascularAssessmentTool,initializeSystemDiagnostics,2024-03-26,1,Yemen,MNE
ImmunologyResponseEvaluator,validateUserPermissions,2022-09-09,1,Cuba,BHS
NutritionAndDietPlanner,reportSystemHealthStatus,2024-04-10,1,Guadeloupe,CAN
OncologyTreatmentOptimizer,cleanTemporaryFiles,2024-08-31,1,Somalia,SDN
PatientFeedbackAnalyzer,manageResourceAllocation,2023-11-09,2,Qatar,CAF
AmbulanceDispatchSystem,auditSecurityCompliance,2023-12-20,2,French Southern Territories,ETH
FertilityAndIVFHelper,onGenerateFibulaPlanesTimerTimeout,2023-05-21,2,Lithuania,NER
TelemedicineConsultationPortal,configureVirtualMachines,2024-05-18,1,Switzerland,ESP
HealthcarePolicyLibrary,validateUserPermissions,2022-10-09,2,American Samoa,ARM
PatientFeedbackAnalyzer,optimizeDatabaseQueries,2023-01-10,2,Guinea,ETH
GeriatricCarePlanner,archiveOldLogFiles,2022-11-18,2,Venezuela,CXR
OrthopedicProcedureSimulator,reportSystemHealthStatus,2022-09-01,1,Nigeria,SVK
MedicalWasteManagement,simulateLoadBalancing,2022-01-08,1,Solomon Islands,GHA
PharmacyInventoryManager,updateFirmwareVersions,2022-04-04,1,Lao People's Democratic Republic,NAM
HospitalRoomAllocationSystem,makeBooleanOperationsToFibulaSurgicalGuideBase,2022-12-13,2,Mauritania,FJI
EndocrineHealthMonitor,sendFunctionCountToServer,2023-09-23,2,Martinique,ETH
ObstetricsLaborTracker,calculateOptimalPathways,2024-05-28,2,Suriname,PHL
AllergyReactionTracker,cleanTemporaryFiles,2024-12-17,2,Kenya,MUS
HematologyAnalyzer,configureVirtualMachines,2024-09-30,2,Cook Islands,KOR
WoundCareToolkit,deploySoftwareUpdates,2023-12-23,1,Romania,GRD
SubstanceAbuseCounselor,cleanTemporaryFiles,2023-04-29,2,Ethiopia,TKM
ClinicalTrialManager,monitorNetworkLatency,2022-01-08,2,Saint Pierre and Miquelon,BHS
FitnessAndWellnessGuide,makeBooleanOperationsToFibulaSurgicalGuideBase,2024-04-12,2,Christmas Island,ESH
RadiologyImagingCenter,initializeSystemDiagnostics,2022-02-25,2,Iran,ZWE
SportsInjuryPreventor,scheduleSystemBackups,2022-08-07,1,Niue,SLV
HealthcarePolicyLibrary,deploySoftwareUpdates,2022-03-11,1,Malaysia,FLK
PainManagementAdvisor,analyzeServerPerformance,2024-12-08,1,Indonesia,VIR
SportsInjuryPreventor,reportSystemHealthStatus,2022-02-04,2,Panama,TWN
HematologyAnalyzer,makeBooleanOperationsToFibulaSurgicalGuideBase,2024-07-25,2,Isle of Man,UMI
MedicalBillingAndCoding,updateFirmwareVersions,2024-12-27,1,Isle of Man,BEN
NutritionAndDietPlanner,makeBooleanOperationsToFibulaSurgicalGuideBase,2024-05-21,1,Liberia,LBN
SportsInjuryPreventor,optimizeDatabaseQueries,2024-09-10,2,Eritrea,SHN
ObstetricsLaborTracker,optimizeDatabaseQueries,2022-03-31,1,Djibouti,MSR
HospitalRoomAllocationSystem,cleanTemporaryFiles,2024-12-25,2,Botswana,UKR
ImmunologyResponseEvaluator,verifyDataIntegrity,2024-05-21,2,Antigua and Barbuda,VIR
DermatologyTreatmentPlanner,cleanTemporaryFiles,2022-01-08,1,Austria,WLF
OrthopedicProcedureSimulator,restoreArchivedData,2022-05-07,1,Romania,MNP
HematologyAnalyzer,makeBooleanOperationsToFibulaSurgicalGuideBase,2024-01-28,2,Serbia,NFK
MedicalWasteManagement,trackApplicationDependencies,2022-06-13,1,Bouvet Island,CHL
NeuralNetworkDiagnostics,restoreArchivedData,2022-11-18,2,Tuvalu,BRA
UrologyManagementSystem,cleanTemporaryFiles,2024-11-13,2,Namibia,LAO
OphthalmologyVisionAnalyzer,auditSecurityCompliance,2024-04-03,1,Eritrea,JOR
MentalHealthTherapyAssistant,generateEncryptionKeys,2022-12-24,1,United Kingdom,LUX
MedicalEducationSimulator,scheduleSystemBackups,2022-02-07,2,Nauru,BEN
GeneticDisorderExplorer,validateUserPermissions,2023-06-09,2,Venezuela,BGR
MedicalBillingAndCoding,simulateLoadBalancing,2023-01-04,2,Micronesia,TKM
NeuralNetworkDiagnostics,validateUserPermissions,2024-02-18,1,Nicaragua,FIN
ENTProcedureGuide,reportSystemHealthStatus,2024-06-05,1,Lao People's Democratic Republic,COM
EndocrineHealthMonitor,auditSecurityCompliance,2024-07-16,1,Iran,HND
FitnessAndWellnessGuide,simulateLoadBalancing,2022-03-29,1,Tuvalu,PCN
DiabetesCareManager,updateFirmwareVersions,2024-07-13,1,Aruba,GBR
BloodPressureRegulator,onGenerateFibulaPlanesTimerTimeout,2024-02-09,1,Mauritania,PCN
GastrointestinalTracker,scheduleSystemBackups,2024-04-10,1,Ukraine,MRT
MedicalResearchDatabase,simulateLoadBalancing,2023-04-11,2,Kiribati,MKD
MedicalBillingAndCoding,auditSecurityCompliance,2023-11-22,1,Bermuda,VCT
DentalHealthProfiler,scheduleSystemBackups,2022-04-18,2,Chile,BOL
DentalHealthProfiler,cleanTemporaryFiles,2022-11-02,2,Svalbard and Jan Mayen,MAR
AmbulanceDispatchSystem,verifyDataIntegrity,2024-03-23,2,Senegal,GBR
PainManagementAdvisor,updateFirmwareVersions,2024-03-30,1,Lao People's Democratic Republic,BHS
PediatricCareAssistant,archiveOldLogFiles,2024-12-31,2,Serbia,PRK
SurgicalInstrumentTracker,calculateOptimalPathways,2023-09-28,2,Russian Federation,GMB
SleepDisorderAnalyzer,onGenerateFibulaPlanesTimerTimeout,2022-11-28,2,Tuvalu,HTI
WoundCareToolkit,updateFirmwareVersions,2024-07-26,1,Barbados,ARE
HematologyAnalyzer,onGenerateFibulaPlanesTimerTimeout,2023-08-18,2,Angola,PRY
PediatricCareAssistant,archiveOldLogFiles,2024-12-18,2,Aruba,PRI
FitnessAndWellnessGuide,verifyDataIntegrity,2023-01-23,1,Ghana,GNQ
RehabilitationExercisePlanner,generateEncryptionKeys,2022-10-17,2,Burkina Faso,AFG
ObstetricsLaborTracker,restoreArchivedData,2022-12-10,1,Mauritius,ALB
DermatologyTreatmentPlanner,simulateLoadBalancing,2024-05-03,1,Chad,SUR
UrologyManagementSystem,monitorNetworkLatency,2024-12-21,2,Vanuatu,MNP
FertilityAndIVFHelper,scheduleSystemBackups,2023-03-10,1,Saint Vincent and the Grenadines,LUX
NeuralNetworkDiagnostics,configureVirtualMachines,2024-05-08,2,Niger,BLR
SubstanceAbuseCounselor,deploySoftwareUpdates,2024-12-04,1,Denmark,BES
PulmonaryFunctionTester,monitorNetworkLatency,2024-10-27,2,Trinidad and Tobago,SXM
OncologyTreatmentOptimizer,trackApplicationDependencies,2024-07-11,2,Montserrat,GRD
MedicalResearchDatabase,manageResourceAllocation,2022-09-01,2,Saint Helena,MUS
EmergencyResponseCoordinator,manageResourceAllocation,2023-04-01,2,Antarctica,NFK
FitnessAndWellnessGuide,scheduleSystemBackups,2022-12-02,2,Martinique,MLT
EmergencyResponseCoordinator,initializeSystemDiagnostics,2024-01-20,2,Costa Rica,NIC
FertilityAndIVFHelper,restoreArchivedData,2022-07-23,1,South Sudan,AFG
PatientEngagementHub,restoreArchivedData,2023-11-19,2,Sierra Leone,GIN
TelemedicineConsultationPortal,verifyDataIntegrity,2022-05-03,2,Colombia,CZE
ObstetricsLaborTracker,manageResourceAllocation,2022-08-29,1,Namibia,SLE
NeuralNetworkDiagnostics,updateFirmwareVersions,2023-04-07,2,Sierra Leone,PYF
DiabetesCareManager,cleanTemporaryFiles,2022-09-29,1,Saint Barthélemy,NIC
SleepDisorderAnalyzer,verifyDataIntegrity,2022-12-07,1,Luxembourg,ZMB
RadiologyImagingCenter,validateUserPermissions,2024-07-05,1,Mauritania,GRC
GeneticDisorderExplorer,verifyDataIntegrity,2022-04-30,2,Cambodia,AGO
RadiologyImagingCenter,onGenerateFibulaPlanesTimerTimeout,2022-06-24,1,Eritrea,RUS
SubstanceAbuseCounselor,initializeSystemDiagnostics,2022-04-20,1,Liechtenstein,TLS
NeurosurgeryNavigationSystem,archiveOldLogFiles,2023-09-15,2,Greenland,NPL
FitnessAndWellnessGuide,monitorNetworkLatency,2024-05-01,1,Armenia,VIR
MentalHealthTherapyAssistant,validateUserPermissions,2024-12-26,1,Nauru,CHL
DermatologyTreatmentPlanner,updateFirmwareVersions,2022-03-21,1,United Arab Emirates,DNK
NeurosurgeryNavigationSystem,archiveOldLogFiles,2023-06-03,2,El Salvador,MRT
EndocrineHealthMonitor,sendFunctionCountToServer,2022-08-20,2,Jordan,SWE
DermatologyTreatmentPlanner,cleanTemporaryFiles,2023-03-28,1,Papua New Guinea,MYS
TelemedicineConsultationPortal,simulateLoadBalancing,2023-02-02,2,Portugal,LSO
ImmunologyResponseEvaluator,auditSecurityCompliance,2023-04-11,1,Somalia,NIU
MedicalEducationSimulator,initializeSystemDiagnostics,2023-03-22,2,Romania,ESP
FertilityAndIVFHelper,initializeSystemDiagnostics,2024-09-04,1,Ethiopia,SVK
EmergencyResponseCoordinator,optimizeDatabaseQueries,2024-11-21,1,Slovenia,LAO
ENTProcedureGuide,configureVirtualMachines,2023-11-14,1,Syrian Arab Republic,PRK
SportsInjuryPreventor,calculateOptimalPathways,2022-03-20,2,Virgin Islands (U.S.),ZWE
UrologyManagementSystem,sendFunctionCountToServer,2024-12-27,1,Comoros,MWI
SubstanceAbuseCounselor,verifyDataIntegrity,2024-07-14,2,Curaçao,GLP
PatientEngagementHub,manageResourceAllocation,2022-06-22,2,Venezuela,MAR
PulmonaryFunctionTester,optimizeDatabaseQueries,2022-11-17,1,Vanuatu,GAB
UrologyManagementSystem,validateUserPermissions,2022-01-12,2,United States Minor Outlying Islands,AFG
DentalHealthProfiler,scheduleSystemBackups,2023-12-13,2,Saint Lucia,DNK
InfectiousDiseaseMapper,reportSystemHealthStatus,2024-04-26,2,Barbados,KIR
DermatologyTreatmentPlanner,archiveOldLogFiles,2023-08-16,2,New Caledonia,IMN
NeuralNetworkDiagnostics,analyzeServerPerformance,2023-02-16,2,France,RUS
HealthcarePolicyLibrary,trackApplicationDependencies,2023-11-23,2,Cabo Verde,KGZ
HematologyAnalyzer,reportSystemHealthStatus,2023-12-06,2,Turkey,ARM
VaccineAdministrationLog,scheduleSystemBackups,2023-07-31,1,Afghanistan,MLT
MentalHealthTherapyAssistant,initializeSystemDiagnostics,2023-02-24,2,Indonesia,WSM
HealthcareComplianceMonitor,onGenerateFibulaPlanesTimerTimeout,2022-03-29,1,British Indian Ocean Territory,CYP
DiabetesCareManager,sendFunctionCountToServer,2024-09-09,1,Liechtenstein,DEU
MedicalResearchDatabase,reportSystemHealthStatus,2024-10-06,2,Togo,GRL
MedicalResearchDatabase,onGenerateFibulaPlanesTimerTimeout,2024-07-10,1,Morocco,CHL
SportsInjuryPreventor,validateUserPermissions,2024-03-24,1,Algeria,UMI
AllergyReactionTracker,initializeSystemDiagnostics,2022-04-14,1,Åland Islands,TUN
DentalHealthProfiler,restoreArchivedData,2024-08-16,1,Belize,MAC
RehabilitationExercisePlanner,archiveOldLogFiles,2022-11-19,2,Germany,MOZ
PharmacyInventoryManager,restoreArchivedData,2024-10-19,1,Western Sahara,SJM
GeriatricCarePlanner,reportSystemHealthStatus,2023-02-07,2,Virgin Islands (U.S.),MSR
RadiologyImagingCenter,trackApplicationDependencies,2024-03-02,2,Virgin Islands (British),THA
SurgicalInstrumentTracker,verifyDataIntegrity,2023-05-30,2,Mozambique,DMA
RadiologyImagingCenter,simulateLoadBalancing,2023-01-11,2,Sint Maarten (Dutch part),TTO
OrthopedicProcedureSimulator,configureVirtualMachines,2022-06-14,1,Pitcairn,TTO
TelemedicineConsultationPortal,cleanTemporaryFiles,2023-07-07,2,Bhutan,JPN
GeneticDisorderExplorer,verifyDataIntegrity,2022-04-14,1,Martinique,IMN
GeriatricCarePlanner,restoreArchivedData,2024-03-17,1,Macedonia,MEX
MentalHealthTherapyAssistant,configureVirtualMachines,2022-04-02,2,Åland Islands,ZAF
SubstanceAbuseCounselor,manageResourceAllocation,2024-06-27,1,Tanzania,FRA
HealthcarePolicyLibrary,monitorNetworkLatency,2023-02-17,1,French Guiana,MDA
DermatologyTreatmentPlanner,cleanTemporaryFiles,2022-10-23,2,Azerbaijan,CMR
NeuralNetworkDiagnostics,makeBooleanOperationsToFibulaSurgicalGuideBase,2023-03-18,1,Guernsey,MAC
MedicalResearchDatabase,configureVirtualMachines,2023-04-18,2,Bolivia,TWN
TelemedicineConsultationPortal,onGenerateFibulaPlanesTimerTimeout,2022-06-14,1,Liberia,DNK
NutritionAndDietPlanner,initializeSystemDiagnostics,2024-12-20,1,Faroe Islands,SJM
MedicalBillingAndCoding,manageResourceAllocation,2023-06-13,2,Egypt,MEX
SurgicalInstrumentTracker,sendFunctionCountToServer,2024-01-28,2,Argentina,BRN
FertilityAndIVFHelper,auditSecurityCompliance,2022-02-14,2,Argentina,CUW
EmergencyResponseCoordinator,reportSystemHealthStatus,2023-03-05,1,United States,COK
HealthcarePolicyLibrary,calculateOptimalPathways,2024-07-30,2,Western Sahara,GBR
CardiovascularAssessmentTool,reportSystemHealthStatus,2023-03-03,2,Colombia,ZWE
EndocrineHealthMonitor,makeBooleanOperationsToFibulaSurgicalGuideBase,2024-07-07,2,Spain,NIC
RehabilitationExercisePlanner,optimizeDatabaseQueries,2022-01-16,1,Guyana,SHN
WoundCareToolkit,archiveOldLogFiles,2022-10-13,1,Guyana,GEO
MedicalResearchDatabase,initializeSystemDiagnostics,2024-12-31,1,Sweden,SLB
ImmunologyResponseEvaluator,cleanTemporaryFiles,2022-04-02,1,Panama,PYF
GeneticDisorderExplorer,archiveOldLogFiles,2024-01-06,2,Netherlands,VCT
MedicalWasteManagement,monitorNetworkLatency,2024-06-03,1,Solomon Islands,FRO
EndocrineHealthMonitor,archiveOldLogFiles,2022-08-20,2,Croatia,UMI
UrologyManagementSystem,reportSystemHealthStatus,2023-07-25,2,Poland,SDN
SurgicalInstrumentTracker,trackApplicationDependencies,2024-11-03,2,Timor-Leste,EST
PatientFeedbackAnalyzer,manageResourceAllocation,2022-03-16,1,Aruba,CUB
PatientFeedbackAnalyzer,trackApplicationDependencies,2022-03-07,1,Croatia,LIE
FertilityAndIVFHelper,simulateLoadBalancing,2023-11-11,1,Gibraltar,SSD
GastrointestinalTracker,simulateLoadBalancing,2022-04-15,1,Ecuador,NAM
ClinicalTrialManager,auditSecurityCompliance,2024-09-12,2,Burkina Faso,YEM
RehabilitationExercisePlanner,makeBooleanOperationsToFibulaSurgicalGuideBase,2023-08-09,1,Senegal,KNA
InfectiousDiseaseMapper,generateEncryptionKeys,2022-07-10,2,Singapore,NLD
PharmacyInventoryManager,analyzeServerPerformance,2024-06-24,2,Mali,BDI
HealthcarePolicyLibrary,restoreArchivedData,2024-06-20,2,Iraq,ETH
DentalHealthProfiler,optimizeDatabaseQueries,2022-07-22,1,Portugal,MMR
MedicalWasteManagement,scheduleSystemBackups,2022-03-04,2,Syrian Arab Republic,BEL
GeneticDisorderExplorer,onGenerateFibulaPlanesTimerTimeout,2023-11-05,2,Jamaica,SSD
SportsInjuryPreventor,initializeSystemDiagnostics,2023-06-19,1,Greenland,FJI
AllergyReactionTracker,manageResourceAllocation,2024-07-02,1,Monaco,PAN
PharmacyInventoryManager,calculateOptimalPathways,2023-11-20,1,Central African Republic,MNP
AllergyReactionTracker,generateEncryptionKeys,2024-05-18,2,Kuwait,TZA
ImmunologyResponseEvaluator,verifyDataIntegrity,2023-03-17,1,Macao,DZA
ObstetricsLaborTracker,configureVirtualMachines,2023-09-09,1,Mozambique,HKG
HealthcareComplianceMonitor,simulateLoadBalancing,2023-06-19,2,Russian Federation,ISL
NeuralNetworkDiagnostics,monitorNetworkLatency,2022-04-21,1,Canada,TUN
OrthopedicProcedureSimulator,calculateOptimalPathways,2024-06-02,1,Turks and Caicos Islands,MYS
BloodPressureRegulator,simulateLoadBalancing,2023-08-27,1,American Samoa,GHA
OphthalmologyVisionAnalyzer,archiveOldLogFiles,2022-02-27,1,Cocos (Keeling) Islands,MYT
GeriatricCarePlanner,onGenerateFibulaPlanesTimerTimeout,2023-12-06,2,Bulgaria,NGA
OphthalmologyVisionAnalyzer,archiveOldLogFiles,2022-09-17,2,Palau,ALB
OrthopedicProcedureSimulator,onGenerateFibulaPlanesTimerTimeout,2022-02-22,2,Latvia,GGY
PediatricCareAssistant,monitorNetworkLatency,2024-08-02,1,Luxembourg,SYC
NeurosurgeryNavigationSystem,onGenerateFibulaPlanesTimerTimeout,2023-03-31,1,Tokelau,MHL
PharmacyInventoryManager,optimizeDatabaseQueries,2023-06-04,1,Portugal,BHR
BloodPressureRegulator,manageResourceAllocation,2023-07-10,2,Montserrat,PYF
ImmunologyResponseEvaluator,sendFunctionCountToServer,2024-03-20,2,Suriname,CUW
NutritionAndDietPlanner,updateFirmwareVersions,2024-10-17,2,Russian Federation,KGZ
RadiologyImagingCenter,archiveOldLogFiles,2022-06-03,1,Svalbard and Jan Mayen,CAN
FertilityAndIVFHelper,reportSystemHealthStatus,2023-10-24,2,Martinique,ZAF
DiabetesCareManager,restoreArchivedData,2023-09-17,2,Ghana,ITA
MedicalEducationSimulator,generateEncryptionKeys,2024-12-08,1,Belgium,FIN
ObstetricsLaborTracker,makeBooleanOperationsToFibulaSurgicalGuideBase,2022-09-09,1,Serbia,SLB
MedicalResearchDatabase,monitorNetworkLatency,2022-09-22,1,Saint Lucia,IMN
PediatricCareAssistant,auditSecurityCompliance,2022-10-11,2,Albania,SLV
SubstanceAbuseCounselor,simulateLoadBalancing,2022-07-20,1,Paraguay,SSD
NeuralNetworkDiagnostics,manageResourceAllocation,2024-11-08,2,France,SWE
NutritionAndDietPlanner,updateFirmwareVersions,2024-02-21,2,Bermuda,ALB
UrologyManagementSystem,restoreArchivedData,2022-05-22,2,Oman,LBN
OphthalmologyVisionAnalyzer,validateUserPermissions,2022-01-29,2,Barbados,BES
PediatricCareAssistant,generateEncryptionKeys,2024-12-27,2,Nicaragua,MYT
PharmacyInventoryManager,configureVirtualMachines,2023-04-12,2,Guernsey,FLK
SurgicalInstrumentTracker,makeBooleanOperationsToFibulaSurgicalGuideBase,2022-02-10,1,Belarus,MAR
PharmacyInventoryManager,updateFirmwareVersions,2022-12-26,1,Denmark,AGO
TelemedicineConsultationPortal,trackApplicationDependencies,2024-10-02,1,Austria,MNG
SleepDisorderAnalyzer,trackApplicationDependencies,2022-01-20,1,Northern Mariana Islands,MAF
SleepDisorderAnalyzer,configureVirtualMachines,2022-12-23,1,Indonesia,GLP
RehabilitationExercisePlanner,generateEncryptionKeys,2022-01-01,2,Montenegro,NER
RehabilitationExercisePlanner,optimizeDatabaseQueries,2022-11-22,1,Panama,RWA
GeriatricCarePlanner,analyzeServerPerformance,2024-04-17,1,Heard Island and McDonald Islands,TZA
ClinicalTrialManager,scheduleSystemBackups,2022-07-29,1,Norway,KHM
AllergyReactionTracker,generateEncryptionKeys,2023-11-02,2,Central African Republic,ALB
NeuralNetworkDiagnostics,simulateLoadBalancing,2023-04-21,2,Finland,PRI
MentalHealthTherapyAssistant,deploySoftwareUpdates,2024-11-02,2,Paraguay,SWE
PulmonaryFunctionTester,trackApplicationDependencies,2024-06-30,2,Cambodia,NIC
PatientFeedbackAnalyzer,sendFunctionCountToServer,2023-12-26,1,Djibouti,SEN
WoundCareToolkit,sendFunctionCountToServer,2023-09-07,2,Guatemala,BEN
BloodPressureRegulator,monitorNetworkLatency,2023-03-22,2,Myanmar,ISL
PatientEngagementHub,initializeSystemDiagnostics,2024-03-19,1,Belarus,KGZ
PainManagementAdvisor,verifyDataIntegrity,2023-03-24,2,Mali,WLF
DiabetesCareManager,updateFirmwareVersions,2022-01-31,1,Morocco,GIB
SubstanceAbuseCounselor,sendFunctionCountToServer,2022-10-02,2,Cameroon,NIC
HematologyAnalyzer,reportSystemHealthStatus,2023-01-22,1,Aruba,IND
EndocrineHealthMonitor,archiveOldLogFiles,2022-08-07,2,Pitcairn,RWA
MedicalWasteManagement,generateEncryptionKeys,2024-10-16,1,Panama,GUM
PharmacyInventoryManager,calculateOptimalPathways,2022-06-24,1,Indonesia,MNG
DentalHealthProfiler,trackApplicationDependencies,2024-08-31,1,Albania,MYS
NeuralNetworkDiagnostics,auditSecurityCompliance,2023-04-06,1,Djibouti,MUS
ObstetricsLaborTracker,scheduleSystemBackups,2023-11-29,1,Czech Republic,MOZ
ImmunologyResponseEvaluator,scheduleSystemBackups,2022-02-22,2,Gabon,SSD
VaccineAdministrationLog,updateFirmwareVersions,2023-09-13,1,Uzbekistan,VCT
FitnessAndWellnessGuide,analyzeServerPerformance,2022-11-16,2,Qatar,MMR
ENTProcedureGuide,auditSecurityCompliance,2023-05-27,2,Norfolk Island,SGS
OncologyTreatmentOptimizer,cleanTemporaryFiles,2023-10-05,1,Montserrat,MKD
GeneticDisorderExplorer,trackApplicationDependencies,2023-03-19,1,Trinidad and Tobago,TCD
HematologyAnalyzer,updateFirmwareVersions,2023-09-08,1,Marshall Islands,CHL
SurgicalInstrumentTracker,initializeSystemDiagnostics,2024-04-03,2,North Korea,REU
HealthcarePolicyLibrary,validateUserPermissions,2023-03-03,2,Marshall Islands,SUR
SportsInjuryPreventor,analyzeServerPerformance,2023-05-07,2,Congo,PRY
RehabilitationExercisePlanner,validateUserPermissions,2024-01-18,2,Netherlands,LBN
SurgicalInstrumentTracker,updateFirmwareVersions,2022-08-18,2,Austria,TCA
GeneticDisorderExplorer,cleanTemporaryFiles,2024-12-28,1,Bahamas,KIR
PainManagementAdvisor,sendFunctionCountToServer,2024-04-24,2,Isle of Man,ZWE
PediatricCareAssistant,cleanTemporaryFiles,2022-05-06,2,Saint Pierre and Miquelon,ZAF
OncologyTreatmentOptimizer,analyzeServerPerformance,2023-12-25,1,India,NPL
PatientEngagementHub,calculateOptimalPathways,2024-05-05,1,Greenland,POL
EndocrineHealthMonitor,scheduleSystemBackups,2024-08-17,2,Uruguay,DEU
DermatologyTreatmentPlanner,validateUserPermissions,2024-11-04,2,Portugal,GTM
MedicalWasteManagement,makeBooleanOperationsToFibulaSurgicalGuideBase,2022-06-15,2,Faroe Islands,SJM
WoundCareToolkit,sendFunctionCountToServer,2024-10-01,2,Micronesia,MAR
HealthcarePolicyLibrary,trackApplicationDependencies,2024-07-11,1,Montenegro,GLP
OncologyTreatmentOptimizer,scheduleSystemBackups,2022-08-11,2,Lebanon,ISR
HospitalRoomAllocationSystem,monitorNetworkLatency,2022-01-22,2,Malaysia,ETH
RehabilitationExercisePlanner,archiveOldLogFiles,2022-08-19,2,Denmark,ZMB
InfectiousDiseaseMapper,restoreArchivedData,2023-01-04,2,Viet Nam,CYM
OncologyTreatmentOptimizer,restoreArchivedData,2022-12-10,1,Lao People's Democratic Republic,VIR
HealthcareComplianceMonitor,generateEncryptionKeys,2024-03-12,1,Moldova,PRI
NeurosurgeryNavigationSystem,generateEncryptionKeys,2022-01-22,2,Syrian Arab Republic,IRL
EndocrineHealthMonitor,cleanTemporaryFiles,2024-07-27,2,Kenya,NOR
PatientFeedbackAnalyzer,initializeSystemDiagnostics,2023-03-30,1,Ecuador,CCK
MedicalResearchDatabase,reportSystemHealthStatus,2023-05-01,1,Tokelau,MEX
ObstetricsLaborTracker,verifyDataIntegrity,2024-02-10,1,Haiti,SGS
ImmunologyResponseEvaluator,manageResourceAllocation,2022-10-23,2,Venezuela,SPM
AmbulanceDispatchSystem,auditSecurityCompliance,2024-10-19,1,Portugal,GHA
RehabilitationExercisePlanner,generateEncryptionKeys,2024-05-03,1,Myanmar,AUT
DermatologyTreatmentPlanner,sendFunctionCountToServer,2024-10-31,2,Netherlands,VUT
NeurosurgeryNavigationSystem,monitorNetworkLatency,2023-05-10,2,Nauru,DNK
TelemedicineConsultationPortal,simulateLoadBalancing,2023-11-21,1,Argentina,LUX
OrthopedicProcedureSimulator,analyzeServerPerformance,2022-05-16,1,Vanuatu,CUW
PatientFeedbackAnalyzer,restoreArchivedData,2023-02-10,1,Heard Island and McDonald Islands,UGA
AllergyReactionTracker,archiveOldLogFiles,2024-05-25,2,Ireland,AIA
VaccineAdministrationLog,onGenerateFibulaPlanesTimerTimeout,2023-06-26,1,Saint Martin (French part),BEN
GeneticDisorderExplorer,trackApplicationDependencies,2023-01-17,2,Guernsey,MCO
OrthopedicProcedureSimulator,updateFirmwareVersions,2024-07-28,2,Martinique,PER
UrologyManagementSystem,monitorNetworkLatency,2022-11-11,1,Indonesia,NAM
AllergyReactionTracker,auditSecurityCompliance,2022-07-09,1,Sri Lanka,PNG
WoundCareToolkit,onGenerateFibulaPlanesTimerTimeout,2024-12-21,2,Ireland,BIH
SubstanceAbuseCounselor,verifyDataIntegrity,2022-04-30,1,United Arab Emirates,MDA
GastrointestinalTracker,sendFunctionCountToServer,2022-03-23,1,Grenada,ARG
GastrointestinalTracker,sendFunctionCountToServer,2022-02-20,1,Liberia,IRQ
ObstetricsLaborTracker,reportSystemHealthStatus,2022-09-20,2,Paraguay,BTN
PatientEngagementHub,trackApplicationDependencies,2023-10-01,1,Congo,PRT
EndocrineHealthMonitor,archiveOldLogFiles,2024-12-27,2,Tuvalu,IOT
NeurosurgeryNavigationSystem,manageResourceAllocation,2023-11-13,1,Russian Federation,FSM
MentalHealthTherapyAssistant,scheduleSystemBackups,2023-05-13,2,Svalbard and Jan Mayen,LBY
MedicalResearchDatabase,cleanTemporaryFiles,2024-07-04,2,Honduras,BLZ
NeuralNetworkDiagnostics,restoreArchivedData,2024-06-02,1,Saint Pierre and Miquelon,DEU
ENTProcedureGuide,makeBooleanOperationsToFibulaSurgicalGuideBase,2023-01-24,2,Viet Nam,HRV
GeneticDisorderExplorer,sendFunctionCountToServer,2024-03-14,1,Fiji,SHN
MentalHealthTherapyAssistant,restoreArchivedData,2022-05-05,1,South Korea,BTN
EndocrineHealthMonitor,configureVirtualMachines,2024-02-09,2,Afghanistan,REU
OrthopedicProcedureSimulator,configureVirtualMachines,2022-07-29,2,Cameroon,NIU
HematologyAnalyzer,generateEncryptionKeys,2023-11-03,1,Aruba,SRB
AllergyReactionTracker,configureVirtualMachines,2022-06-11,2,Lebanon,SVN
FitnessAndWellnessGuide,sendFunctionCountToServer,2023-07-16,2,Saint Barthélemy,ISL
MentalHealthTherapyAssistant,reportSystemHealthStatus,2022-04-04,1,Greenland,NRU
VaccineAdministrationLog,cleanTemporaryFiles,2023-03-15,1,Saint Vincent and the Grenadines,PRI
RadiologyImagingCenter,monitorNetworkLatency,2024-07-18,2,Greece,REU
GastrointestinalTracker,analyzeServerPerformance,2023-08-09,2,Montserrat,SWZ
CardiovascularAssessmentTool,manageResourceAllocation,2022-12-02,1,Slovenia,TCA
CardiovascularAssessmentTool,verifyDataIntegrity,2022-03-16,2,Cambodia,HRV
MedicalResearchDatabase,simulateLoadBalancing,2024-05-07,2,Belarus,SXM
AmbulanceDispatchSystem,generateEncryptionKeys,2024-03-25,1,Saint Lucia,UKR
PatientFeedbackAnalyzer,onGenerateFibulaPlanesTimerTimeout,2023-02-14,1,Croatia,SLV
PulmonaryFunctionTester,scheduleSystemBackups,2024-01-28,1,Kenya,TUV
VaccineAdministrationLog,scheduleSystemBackups,2024-09-06,1,Cabo Verde,MMR
MedicalEducationSimulator,optimizeDatabaseQueries,2022-04-04,2,Madagascar,VCT
PatientFeedbackAnalyzer,onGenerateFibulaPlanesTimerTimeout,2024-03-24,1,Argentina,LBR
FitnessAndWellnessGuide,optimizeDatabaseQueries,2024-06-30,2,India,IND
PatientFeedbackAnalyzer,reportSystemHealthStatus,2022-02-08,1,Kazakhstan,BFA
GastrointestinalTracker,auditSecurityCompliance,2022-10-27,1,Nepal,BFA
HematologyAnalyzer,auditSecurityCompliance,2023-12-07,2,Svalbard and Jan Mayen,PAK
HospitalRoomAllocationSystem,calculateOptimalPathways,2022-05-28,1,Rwanda,LSO
EndocrineHealthMonitor,scheduleSystemBackups,2024-11-19,1,Cameroon,AUT
VaccineAdministrationLog,reportSystemHealthStatus,2022-02-12,1,Mozambique,SVN
PatientEngagementHub,updateFirmwareVersions,2022-09-18,1,Eritrea,SJM
SubstanceAbuseCounselor,archiveOldLogFiles,2023-11-28,1,United States,UZB
BloodPressureRegulator,scheduleSystemBackups,2022-06-16,2,Cocos (Keeling) Islands,EST
AmbulanceDispatchSystem,deploySoftwareUpdates,2023-03-22,2,"Taiwan, Province of China",BES
HospitalRoomAllocationSystem,updateFirmwareVersions,2023-05-21,1,India,STP
HospitalRoomAllocationSystem,sendFunctionCountToServer,2023-12-18,1,Montserrat,BGR
SurgicalInstrumentTracker,simulateLoadBalancing,2022-12-09,1,Cyprus,ZAF
SurgicalInstrumentTracker,makeBooleanOperationsToFibulaSurgicalGuideBase,2024-04-13,2,Iraq,IMN
PediatricCareAssistant,monitorNetworkLatency,2024-09-05,2,Denmark,YEM
OrthopedicProcedureSimulator,simulateLoadBalancing,2023-03-11,2,Switzerland,GRL
SubstanceAbuseCounselor,analyzeServerPerformance,2022-02-18,2,Romania,SLV
PulmonaryFunctionTester,deploySoftwareUpdates,2022-04-04,1,Albania,IRL
DentalHealthProfiler,configureVirtualMachines,2022-07-13,2,Gibraltar,AFG
InfectiousDiseaseMapper,updateFirmwareVersions,2024-03-15,1,Georgia,LBN
PediatricCareAssistant,optimizeDatabaseQueries,2024-02-13,1,Congo,MAR
GeriatricCarePlanner,calculateOptimalPathways,2022-03-17,2,Uzbekistan,SGS
ImmunologyResponseEvaluator,archiveOldLogFiles,2024-02-22,1,Guinea,MRT
ClinicalTrialManager,optimizeDatabaseQueries,2023-12-23,1,Ghana,HKG
EmergencyResponseCoordinator,monitorNetworkLatency,2024-08-01,1,Micronesia,NFK
MentalHealthTherapyAssistant,archiveOldLogFiles,2024-07-14,2,Mozambique,TLS
GeriatricCarePlanner,scheduleSystemBackups,2024-11-26,2,Kyrgyzstan,JAM
FertilityAndIVFHelper,calculateOptimalPathways,2022-03-07,2,Bahamas,CAN
SleepDisorderAnalyzer,manageResourceAllocation,2024-05-07,2,Armenia,SEN
RadiologyImagingCenter,auditSecurityCompliance,2022-06-12,2,Isle of Man,SVK
VaccineAdministrationLog,archiveOldLogFiles,2022-10-06,2,Honduras,JEY
TelemedicineConsultationPortal,trackApplicationDependencies,2022-12-04,2,Philippines,BLZ
SportsInjuryPreventor,archiveOldLogFiles,2024-12-24,2,Algeria,NIC
EndocrineHealthMonitor,monitorNetworkLatency,2023-01-20,2,Jamaica,TCA
NeuralNetworkDiagnostics,validateUserPermissions,2023-05-08,1,Mongolia,LUX
OphthalmologyVisionAnalyzer,cleanTemporaryFiles,2023-01-28,1,Antigua and Barbuda,LIE
NeuralNetworkDiagnostics,initializeSystemDiagnostics,2024-07-21,1,Sao Tome and Principe,KNA
ClinicalTrialManager,updateFirmwareVersions,2022-09-26,1,Cameroon,HKG
PatientFeedbackAnalyzer,configureVirtualMachines,2024-04-06,1,South Korea,BLZ
NeurosurgeryNavigationSystem,reportSystemHealthStatus,2022-10-16,2,Antigua and Barbuda,VEN
HealthcarePolicyLibrary,cleanTemporaryFiles,2023-08-05,2,Mexico,SOM
HealthcareComplianceMonitor,onGenerateFibulaPlanesTimerTimeout,2023-07-03,2,Seychelles,PAN
HematologyAnalyzer,optimizeDatabaseQueries,2024-08-02,2,South Georgia and the South Sandwich Islands,JOR
ObstetricsLaborTracker,analyzeServerPerformance,2022-02-07,2,Germany,BDI
DiabetesCareManager,cleanTemporaryFiles,2024-11-26,2,Guernsey,PNG
OncologyTreatmentOptimizer,analyzeServerPerformance,2023-05-23,2,Saint Kitts and Nevis,ATG
HematologyAnalyzer,simulateLoadBalancing,2023-02-08,1,United Kingdom,CHN
PatientFeedbackAnalyzer,sendFunctionCountToServer,2022-03-31,2,Gabon,SWE
MedicalWasteManagement,makeBooleanOperationsToFibulaSurgicalGuideBase,2022-07-12,2,Northern Mariana Islands,RWA
SportsInjuryPreventor,analyzeServerPerformance,2022-05-18,2,Guinea,NOR
MedicalEducationSimulator,monitorNetworkLatency,2024-09-03,2,Nigeria,FSM
VaccineAdministrationLog,deploySoftwareUpdates,2024-01-28,2,Sri Lanka,LUX
TelemedicineConsultationPortal,manageResourceAllocation,2022-08-18,2,Kiribati,SXM
PatientEngagementHub,sendFunctionCountToServer,2023-04-29,1,French Southern Territories,ALA
PharmacyInventoryManager,monitorNetworkLatency,2024-06-15,2,Saint Lucia,PER
VaccineAdministrationLog,monitorNetworkLatency,2023-07-30,1,Liberia,JPN
DentalHealthProfiler,restoreArchivedData,2022-07-11,1,Pakistan,MTQ
SurgicalInstrumentTracker,validateUserPermissions,2022-08-29,1,Svalbard and Jan Mayen,VAT
BloodPressureRegulator,analyzeServerPerformance,2023-11-18,2,Mexico,TWN
ENTProcedureGuide,trackApplicationDependencies,2024-01-24,1,Portugal,NER
GeriatricCarePlanner,initializeSystemDiagnostics,2022-09-18,2,Monaco,CZE
MentalHealthTherapyAssistant,verifyDataIntegrity,2024-06-01,1,Uruguay,HUN
DentalHealthProfiler,generateEncryptionKeys,2023-01-16,1,Sri Lanka,SLV
NeurosurgeryNavigationSystem,trackApplicationDependencies,2023-12-05,2,Bulgaria,KEN
BloodPressureRegulator,calculateOptimalPathways,2022-07-25,2,Gibraltar,MMR
GastrointestinalTracker,analyzeServerPerformance,2024-03-14,2,Nicaragua,FRO
PediatricCareAssistant,archiveOldLogFiles,2022-02-11,1,Nigeria,MSR
AllergyReactionTracker,optimizeDatabaseQueries,2023-06-04,1,Western Sahara,FRO
ImmunologyResponseEvaluator,trackApplicationDependencies,2023-12-24,2,Seychelles,PNG
SleepDisorderAnalyzer,scheduleSystemBackups,2024-06-25,2,Cabo Verde,KHM
SubstanceAbuseCounselor,calculateOptimalPathways,2024-06-23,2,French Southern Territories,SEN
BloodPressureRegulator,initializeSystemDiagnostics,2024-07-28,1,Sint Maarten (Dutch part),CHE
EndocrineHealthMonitor,validateUserPermissions,2023-12-09,1,Algeria,ISR
GeriatricCarePlanner,configureVirtualMachines,2022-10-31,1,Latvia,MDG
OphthalmologyVisionAnalyzer,trackApplicationDependencies,2024-03-23,2,Mauritania,MDG
GeneticDisorderExplorer,validateUserPermissions,2022-10-17,1,Samoa,NAM
RadiologyImagingCenter,trackApplicationDependencies,2022-03-11,2,Jersey,SYR
OncologyTreatmentOptimizer,onGenerateFibulaPlanesTimerTimeout,2022-02-28,1,Azerbaijan,ISL
HealthcarePolicyLibrary,reportSystemHealthStatus,2024-04-18,1,Saudi Arabia,RWA
AllergyReactionTracker,reportSystemHealthStatus,2022-11-05,1,Cambodia,HND
SurgicalInstrumentTracker,optimizeDatabaseQueries,2023-06-17,1,Niue,MKD
ImmunologyResponseEvaluator,sendFunctionCountToServer,2024-03-27,1,Armenia,SSD
PulmonaryFunctionTester,reportSystemHealthStatus,2022-01-11,2,Guyana,USA
MedicalEducationSimulator,scheduleSystemBackups,2022-09-08,1,Sao Tome and Principe,ABW
UrologyManagementSystem,initializeSystemDiagnostics,2024-05-05,1,South Georgia and the South Sandwich Islands,BLR
MedicalBillingAndCoding,manageResourceAllocation,2024-10-29,1,Greenland,AUS
PulmonaryFunctionTester,restoreArchivedData,2023-07-28,1,Sri Lanka,CPV
HealthcarePolicyLibrary,onGenerateFibulaPlanesTimerTimeout,2024-12-03,1,Sudan,BRN
HospitalRoomAllocationSystem,generateEncryptionKeys,2022-01-04,2,Qatar,UZB
WoundCareToolkit,auditSecurityCompliance,2024-08-10,1,Guam,BGD
PulmonaryFunctionTester,generateEncryptionKeys,2024-07-30,1,Latvia,BRA
MedicalBillingAndCoding,analyzeServerPerformance,2023-08-05,1,Congo,HND
UrologyManagementSystem,cleanTemporaryFiles,2022-11-22,2,Ethiopia,NIC
FitnessAndWellnessGuide,cleanTemporaryFiles,2023-04-08,2,Iran,VCT
InfectiousDiseaseMapper,manageResourceAllocation,2023-09-15,1,Myanmar,PLW
PatientFeedbackAnalyzer,optimizeDatabaseQueries,2022-04-05,2,Sudan,CUB
MedicalBillingAndCoding,simulateLoadBalancing,2023-10-09,1,Oman,IDN
AmbulanceDispatchSystem,scheduleSystemBackups,2022-12-01,1,Panama,DEU
OncologyTreatmentOptimizer,archiveOldLogFiles,2024-01-16,1,Northern Mariana Islands,GMB
PulmonaryFunctionTester,archiveOldLogFiles,2022-04-07,2,Ethiopia,HND
ClinicalTrialManager,generateEncryptionKeys,2024-04-08,2,Albania,DZA
DermatologyTreatmentPlanner,monitorNetworkLatency,2023-10-29,1,United States Minor Outlying Islands,IND
CardiovascularAssessmentTool,analyzeServerPerformance,2024-04-09,2,French Guiana,TLS
RehabilitationExercisePlanner,analyzeServerPerformance,2023-06-11,2,Guinea-Bissau,MRT
ObstetricsLaborTracker,makeBooleanOperationsToFibulaSurgicalGuideBase,2024-06-20,2,Senegal,SEN
NeurosurgeryNavigationSystem,updateFirmwareVersions,2023-08-11,1,Maldives,ABW
UrologyManagementSystem,simulateLoadBalancing,2023-08-19,1,Lesotho,CUW
PainManagementAdvisor,trackApplicationDependencies,2023-11-24,2,Greenland,PRY
MedicalWasteManagement,optimizeDatabaseQueries,2023-10-15,2,Guinea,MDA
VaccineAdministrationLog,configureVirtualMachines,2024-05-26,1,Armenia,CMR
PediatricCareAssistant,makeBooleanOperationsToFibulaSurgicalGuideBase,2022-11-25,2,Canada,NFK
